"participant_id","data_id","order","answer","score","instrument","domain","varcond","competition"
1,5,"a",1,1,"Piano","Audio-only","low-variance","Van Cliburn International Piano Competition"
1,39,"b",2,1,"Tsugaru shamisen","Visual-only","high-variance","International Hirosaki Tsugaru shamisen Competion"
1,18,"b",2,1,"Tsugaru shamisen","Visual-only","low-variance","International Biwako Tsugaru shamisen Competion"
1,2,"a",2,0,"Piano","Audio-only","low-variance","International Franz Liszt Piano Competition"
1,1,"b",1,0,"Piano","Audio-only","low-variance","Van Cliburn International Piano Competition"
1,28,"a",1,1,"Tsugaru shamisen","Audio-only","high-variance","International Biwako Tsugaru shamisen Competion"
1,31,"a",1,1,"Piano","Visual-only","high-variance","Van Cliburn International Piano Competition"
1,11,"b",2,1,"Piano","Visual-only","low-variance","Van Cliburn International Piano Competition"
1,24,"a",1,1,"Piano","Audio-only","high-variance","Van Cliburn International Piano Competition"
1,8,"a",1,1,"Tsugaru shamisen","Audio-only","low-variance","International Biwako Tsugaru shamisen Competion"
1,33,"a",2,0,"Piano","Visual-only","high-variance","San Marino Piano Competition"
1,23,"b",2,1,"Piano","Audio-only","high-variance","San Marino Piano Competition"
1,38,"a",1,1,"Tsugaru shamisen","Visual-only","high-variance","International Biwako Tsugaru shamisen Competion"
1,30,"a",1,1,"Tsugaru shamisen","Audio-only","high-variance","International Hirosaki Tsugaru shamisen Competion"
1,35,"b",2,1,"Piano","Visual-only","high-variance","International Franz Liszt Piano Competition"
1,16,"a",1,1,"Tsugaru shamisen","Visual-only","low-variance","International Michinoku Tsugaru shamisen Competion"
1,22,"a",2,0,"Piano","Audio-only","high-variance","International Franz Liszt Piano Competition"
1,20,"b",1,0,"Tsugaru shamisen","Visual-only","low-variance","International Hirosaki Tsugaru shamisen Competion"
1,12,"a",1,1,"Piano","Visual-only","low-variance","International Franz Liszt Piano Competition"
1,26,"b",2,1,"Tsugaru shamisen","Audio-only","high-variance","International Michinoku Tsugaru shamisen Competion"
1,9,"a",2,0,"Tsugaru shamisen","Audio-only","low-variance","International Biwako Tsugaru shamisen Competion"
1,10,"b",1,0,"Tsugaru shamisen","Audio-only","low-variance","International Hirosaki Tsugaru shamisen Competion"
1,3,"a",2,0,"Piano","Audio-only","low-variance","International Franz Liszt Piano Competition"
1,14,"b",2,1,"Piano","Visual-only","low-variance","San Marino Piano Competition"
1,27,"b",2,1,"Tsugaru shamisen","Audio-only","high-variance","International Biwako Tsugaru shamisen Competion"
1,29,"b",2,1,"Tsugaru shamisen","Audio-only","high-variance","International Hirosaki Tsugaru shamisen Competion"
1,15,"a",1,1,"Piano","Visual-only","low-variance","Van Cliburn International Piano Competition"
1,6,"a",2,0,"Tsugaru shamisen","Audio-only","low-variance","International Michinoku Tsugaru shamisen Competion"
1,34,"b",2,1,"Piano","Visual-only","high-variance","Van Cliburn International Piano Competition"
1,7,"a",2,0,"Tsugaru shamisen","Audio-only","low-variance","International Michinoku Tsugaru shamisen Competion"
1,40,"a",1,1,"Tsugaru shamisen","Visual-only","high-variance","International Hirosaki Tsugaru shamisen Competion"
1,13,"a",1,1,"Piano","Visual-only","low-variance","International Franz Liszt Piano Competition"
1,21,"b",2,1,"Piano","Audio-only","high-variance","Van Cliburn International Piano Competition"
1,36,"a",1,1,"Tsugaru shamisen","Visual-only","high-variance","International Michinoku Tsugaru shamisen Competion"
1,25,"a",1,1,"Piano","Audio-only","high-variance","International Franz Liszt Piano Competition"
1,17,"a",1,1,"Tsugaru shamisen","Visual-only","low-variance","International Michinoku Tsugaru shamisen Competion"
1,4,"a",1,1,"Piano","Audio-only","low-variance","San Marino Piano Competition"
1,32,"b",1,0,"Piano","Visual-only","high-variance","International Franz Liszt Piano Competition"
1,19,"a",2,0,"Tsugaru shamisen","Visual-only","low-variance","International Biwako Tsugaru shamisen Competion"
1,37,"b",2,1,"Tsugaru shamisen","Visual-only","high-variance","International Biwako Tsugaru shamisen Competion"
1,54,"b",2,1,"Tsugaru shamisen","Audio-Visual","low-variance","International Michinoku Tsugaru shamisen Competion"
1,44,"a",1,1,"Violin","Audio-only","low-variance","Queen Elisabeth Competition"
1,72,"a",1,1,"Violin","Audio-Visual","low-variance","Queen Elisabeth Competition"
1,61,"b",1,0,"Piano","Audio-Visual","high-variance","San Marino Piano Competition"
1,43,"a",1,1,"Violin","Audio-only","low-variance","Joseph Joachim International Violin Competition Hannover"
1,62,"a",2,0,"Piano","Audio-Visual","high-variance","Van Cliburn International Piano Competition"
1,49,"b",1,0,"Piano","Audio-Visual","low-variance","Van Cliburn International Piano Competition"
1,69,"b",1,0,"Piano (additional)","Audio-Visual","low-variance","International Franz Liszt Piano Competition"
1,71,"a",1,1,"Violin","Audio-Visual","low-variance","Joseph Joachim International Violin Competition Hannover"
1,47,"b",2,1,"Violin","Visual-only","low-variance","Joseph Joachim International Violin Competition Hannover"
1,70,"a",1,1,"Piano (additional)","Audio-Visual","low-variance","Cleveland International Piano Competition"
1,64,"a",2,0,"Tsugaru shamisen","Audio-Visual","high-variance","International Michinoku Tsugaru shamisen Competion"
1,51,"a",1,1,"Piano","Audio-Visual","low-variance","International Franz Liszt Piano Competition"
1,67,"a",2,0,"Tsugaru shamisen","Audio-Visual","high-variance","International Hirosaki Tsugaru shamisen Competion"
1,60,"b",2,1,"Piano","Audio-Visual","high-variance","International Franz Liszt Piano Competition"
1,53,"b",2,1,"Piano","Audio-Visual","low-variance","Van Cliburn International Piano Competition"
1,50,"b",1,0,"Piano","Audio-Visual","low-variance","International Franz Liszt Piano Competition"
1,63,"b",2,1,"Piano","Audio-Visual","high-variance","International Franz Liszt Piano Competition"
1,48,"b",2,1,"Violin","Visual-only","low-variance","Queen Elisabeth Competition"
1,42,"a",2,0,"Piano (additional)","Audio-only","low-variance","Cleveland International Piano Competition"
1,41,"a",2,0,"Piano (additional)","Audio-only","low-variance","International Franz Liszt Piano Competition"
1,66,"a",1,1,"Tsugaru shamisen","Audio-Visual","high-variance","International Biwako Tsugaru shamisen Competion"
1,57,"b",2,1,"Tsugaru shamisen","Audio-Visual","low-variance","International Biwako Tsugaru shamisen Competion"
1,56,"a",1,1,"Tsugaru shamisen","Audio-Visual","low-variance","International Biwako Tsugaru shamisen Competion"
1,55,"a",1,1,"Tsugaru shamisen","Audio-Visual","low-variance","International Michinoku Tsugaru shamisen Competion"
1,45,"b",2,1,"Piano (additional)","Visual-only","low-variance","International Franz Liszt Piano Competition"
1,68,"a",1,1,"Tsugaru shamisen","Audio-Visual","high-variance","International Hirosaki Tsugaru shamisen Competion"
1,46,"a",1,1,"Piano (additional)","Visual-only","low-variance","Cleveland International Piano Competition"
1,58,"a",1,1,"Tsugaru shamisen","Audio-Visual","low-variance","International Hirosaki Tsugaru shamisen Competion"
1,59,"b",2,1,"Piano","Audio-Visual","high-variance","Van Cliburn International Piano Competition"
1,52,"a",2,0,"Piano","Audio-Visual","low-variance","San Marino Piano Competition"
1,65,"a",2,0,"Tsugaru shamisen","Audio-Visual","high-variance","International Biwako Tsugaru shamisen Competion"
2,30,"b",2,1,"Tsugaru shamisen","Audio-only","high-variance","International Hirosaki Tsugaru shamisen Competion"
2,24,"b",1,0,"Piano","Audio-only","high-variance","Van Cliburn International Piano Competition"
2,35,"a",1,1,"Piano","Visual-only","high-variance","International Franz Liszt Piano Competition"
2,43,"a",1,1,"Violin","Audio-only","low-variance","Joseph Joachim International Violin Competition Hannover"
2,5,"a",1,1,"Piano","Audio-only","low-variance","Van Cliburn International Piano Competition"
2,47,"b",1,0,"Violin","Visual-only","low-variance","Joseph Joachim International Violin Competition Hannover"
2,40,"a",1,1,"Tsugaru shamisen","Visual-only","high-variance","International Hirosaki Tsugaru shamisen Competion"
2,6,"a",1,1,"Tsugaru shamisen","Audio-only","low-variance","International Michinoku Tsugaru shamisen Competion"
2,20,"a",2,0,"Tsugaru shamisen","Visual-only","low-variance","International Hirosaki Tsugaru shamisen Competion"
2,2,"a",2,0,"Piano","Audio-only","low-variance","International Franz Liszt Piano Competition"
2,15,"b",2,1,"Piano","Visual-only","low-variance","Van Cliburn International Piano Competition"
2,45,"b",2,1,"Piano (additional)","Visual-only","low-variance","International Franz Liszt Piano Competition"
2,32,"a",1,1,"Piano","Visual-only","high-variance","International Franz Liszt Piano Competition"
2,46,"b",2,1,"Piano (additional)","Visual-only","low-variance","Cleveland International Piano Competition"
2,27,"b",2,1,"Tsugaru shamisen","Audio-only","high-variance","International Biwako Tsugaru shamisen Competion"
2,4,"b",1,0,"Piano","Audio-only","low-variance","San Marino Piano Competition"
2,38,"b",2,1,"Tsugaru shamisen","Visual-only","high-variance","International Biwako Tsugaru shamisen Competion"
2,23,"a",1,1,"Piano","Audio-only","high-variance","San Marino Piano Competition"
2,29,"b",2,1,"Tsugaru shamisen","Audio-only","high-variance","International Hirosaki Tsugaru shamisen Competion"
2,14,"b",2,1,"Piano","Visual-only","low-variance","San Marino Piano Competition"
2,13,"b",2,1,"Piano","Visual-only","low-variance","International Franz Liszt Piano Competition"
2,41,"a",2,0,"Piano (additional)","Audio-only","low-variance","International Franz Liszt Piano Competition"
2,17,"a",1,1,"Tsugaru shamisen","Visual-only","low-variance","International Michinoku Tsugaru shamisen Competion"
2,21,"b",2,1,"Piano","Audio-only","high-variance","Van Cliburn International Piano Competition"
2,48,"b",2,1,"Violin","Visual-only","low-variance","Queen Elisabeth Competition"
2,31,"b",2,1,"Piano","Visual-only","high-variance","Van Cliburn International Piano Competition"
2,39,"a",2,0,"Tsugaru shamisen","Visual-only","high-variance","International Hirosaki Tsugaru shamisen Competion"
2,26,"b",2,1,"Tsugaru shamisen","Audio-only","high-variance","International Michinoku Tsugaru shamisen Competion"
2,36,"b",2,1,"Tsugaru shamisen","Visual-only","high-variance","International Michinoku Tsugaru shamisen Competion"
2,25,"b",1,0,"Piano","Audio-only","high-variance","International Franz Liszt Piano Competition"
2,9,"a",1,1,"Tsugaru shamisen","Audio-only","low-variance","International Biwako Tsugaru shamisen Competion"
2,12,"a",2,0,"Piano","Visual-only","low-variance","International Franz Liszt Piano Competition"
2,34,"b",1,0,"Piano","Visual-only","high-variance","Van Cliburn International Piano Competition"
2,8,"b",2,1,"Tsugaru shamisen","Audio-only","low-variance","International Biwako Tsugaru shamisen Competion"
2,18,"a",1,1,"Tsugaru shamisen","Visual-only","low-variance","International Biwako Tsugaru shamisen Competion"
2,33,"a",1,1,"Piano","Visual-only","high-variance","San Marino Piano Competition"
2,16,"b",2,1,"Tsugaru shamisen","Visual-only","low-variance","International Michinoku Tsugaru shamisen Competion"
2,10,"b",1,0,"Tsugaru shamisen","Audio-only","low-variance","International Hirosaki Tsugaru shamisen Competion"
2,3,"a",1,1,"Piano","Audio-only","low-variance","International Franz Liszt Piano Competition"
2,37,"b",2,1,"Tsugaru shamisen","Visual-only","high-variance","International Biwako Tsugaru shamisen Competion"
2,42,"b",2,1,"Piano (additional)","Audio-only","low-variance","Cleveland International Piano Competition"
2,1,"b",2,1,"Piano","Audio-only","low-variance","Van Cliburn International Piano Competition"
2,11,"a",1,1,"Piano","Visual-only","low-variance","Van Cliburn International Piano Competition"
2,7,"a",2,0,"Tsugaru shamisen","Audio-only","low-variance","International Michinoku Tsugaru shamisen Competion"
2,22,"b",2,1,"Piano","Audio-only","high-variance","International Franz Liszt Piano Competition"
2,28,"a",1,1,"Tsugaru shamisen","Audio-only","high-variance","International Biwako Tsugaru shamisen Competion"
2,19,"a",2,0,"Tsugaru shamisen","Visual-only","low-variance","International Biwako Tsugaru shamisen Competion"
2,44,"a",2,0,"Violin","Audio-only","low-variance","Queen Elisabeth Competition"
2,72,"b",2,1,"Violin","Audio-Visual","low-variance","Queen Elisabeth Competition"
2,55,"b",1,0,"Tsugaru shamisen","Audio-Visual","low-variance","International Michinoku Tsugaru shamisen Competion"
2,54,"b",2,1,"Tsugaru shamisen","Audio-Visual","low-variance","International Michinoku Tsugaru shamisen Competion"
2,66,"b",2,1,"Tsugaru shamisen","Audio-Visual","high-variance","International Biwako Tsugaru shamisen Competion"
2,69,"b",2,1,"Piano (additional)","Audio-Visual","low-variance","International Franz Liszt Piano Competition"
2,58,"a",2,0,"Tsugaru shamisen","Audio-Visual","low-variance","International Hirosaki Tsugaru shamisen Competion"
2,65,"b",2,1,"Tsugaru shamisen","Audio-Visual","high-variance","International Biwako Tsugaru shamisen Competion"
2,63,"a",1,1,"Piano","Audio-Visual","high-variance","International Franz Liszt Piano Competition"
2,50,"a",2,0,"Piano","Audio-Visual","low-variance","International Franz Liszt Piano Competition"
2,51,"a",2,0,"Piano","Audio-Visual","low-variance","International Franz Liszt Piano Competition"
2,52,"b",2,1,"Piano","Audio-Visual","low-variance","San Marino Piano Competition"
2,57,"b",1,0,"Tsugaru shamisen","Audio-Visual","low-variance","International Biwako Tsugaru shamisen Competion"
2,71,"a",1,1,"Violin","Audio-Visual","low-variance","Joseph Joachim International Violin Competition Hannover"
2,49,"a",2,0,"Piano","Audio-Visual","low-variance","Van Cliburn International Piano Competition"
2,56,"b",2,1,"Tsugaru shamisen","Audio-Visual","low-variance","International Biwako Tsugaru shamisen Competion"
2,53,"b",2,1,"Piano","Audio-Visual","low-variance","Van Cliburn International Piano Competition"
2,59,"b",2,1,"Piano","Audio-Visual","high-variance","Van Cliburn International Piano Competition"
2,70,"a",1,1,"Piano (additional)","Audio-Visual","low-variance","Cleveland International Piano Competition"
2,64,"b",2,1,"Tsugaru shamisen","Audio-Visual","high-variance","International Michinoku Tsugaru shamisen Competion"
2,61,"b",2,1,"Piano","Audio-Visual","high-variance","San Marino Piano Competition"
2,68,"a",1,1,"Tsugaru shamisen","Audio-Visual","high-variance","International Hirosaki Tsugaru shamisen Competion"
2,62,"b",1,0,"Piano","Audio-Visual","high-variance","Van Cliburn International Piano Competition"
2,67,"a",1,1,"Tsugaru shamisen","Audio-Visual","high-variance","International Hirosaki Tsugaru shamisen Competion"
2,60,"a",2,0,"Piano","Audio-Visual","high-variance","International Franz Liszt Piano Competition"
3,4,"a",2,0,"Piano","Audio-only","low-variance","San Marino Piano Competition"
3,12,"b",2,1,"Piano","Visual-only","low-variance","International Franz Liszt Piano Competition"
3,27,"b",1,0,"Tsugaru shamisen","Audio-only","high-variance","International Biwako Tsugaru shamisen Competion"
3,13,"b",1,0,"Piano","Visual-only","low-variance","International Franz Liszt Piano Competition"
3,48,"b",1,0,"Violin","Visual-only","low-variance","Queen Elisabeth Competition"
3,6,"a",1,1,"Tsugaru shamisen","Audio-only","low-variance","International Michinoku Tsugaru shamisen Competion"
3,9,"b",1,0,"Tsugaru shamisen","Audio-only","low-variance","International Biwako Tsugaru shamisen Competion"
3,26,"b",2,1,"Tsugaru shamisen","Audio-only","high-variance","International Michinoku Tsugaru shamisen Competion"
3,41,"a",2,0,"Piano (additional)","Audio-only","low-variance","International Franz Liszt Piano Competition"
3,30,"b",2,1,"Tsugaru shamisen","Audio-only","high-variance","International Hirosaki Tsugaru shamisen Competion"
3,40,"a",1,1,"Tsugaru shamisen","Visual-only","high-variance","International Hirosaki Tsugaru shamisen Competion"
3,44,"a",1,1,"Violin","Audio-only","low-variance","Queen Elisabeth Competition"
3,16,"a",1,1,"Tsugaru shamisen","Visual-only","low-variance","International Michinoku Tsugaru shamisen Competion"
3,45,"b",2,1,"Piano (additional)","Visual-only","low-variance","International Franz Liszt Piano Competition"
3,3,"a",2,0,"Piano","Audio-only","low-variance","International Franz Liszt Piano Competition"
3,39,"a",1,1,"Tsugaru shamisen","Visual-only","high-variance","International Hirosaki Tsugaru shamisen Competion"
3,18,"b",2,1,"Tsugaru shamisen","Visual-only","low-variance","International Biwako Tsugaru shamisen Competion"
3,42,"a",1,1,"Piano (additional)","Audio-only","low-variance","Cleveland International Piano Competition"
3,20,"a",2,0,"Tsugaru shamisen","Visual-only","low-variance","International Hirosaki Tsugaru shamisen Competion"
3,23,"b",2,1,"Piano","Audio-only","high-variance","San Marino Piano Competition"
3,15,"a",1,1,"Piano","Visual-only","low-variance","Van Cliburn International Piano Competition"
3,21,"a",1,1,"Piano","Audio-only","high-variance","Van Cliburn International Piano Competition"
3,29,"a",1,1,"Tsugaru shamisen","Audio-only","high-variance","International Hirosaki Tsugaru shamisen Competion"
3,11,"a",2,0,"Piano","Visual-only","low-variance","Van Cliburn International Piano Competition"
3,36,"b",2,1,"Tsugaru shamisen","Visual-only","high-variance","International Michinoku Tsugaru shamisen Competion"
3,47,"b",1,0,"Violin","Visual-only","low-variance","Joseph Joachim International Violin Competition Hannover"
3,31,"b",2,1,"Piano","Visual-only","high-variance","Van Cliburn International Piano Competition"
3,33,"a",1,1,"Piano","Visual-only","high-variance","San Marino Piano Competition"
3,35,"a",2,0,"Piano","Visual-only","high-variance","International Franz Liszt Piano Competition"
3,46,"a",1,1,"Piano (additional)","Visual-only","low-variance","Cleveland International Piano Competition"
3,34,"b",1,0,"Piano","Visual-only","high-variance","Van Cliburn International Piano Competition"
3,32,"b",1,0,"Piano","Visual-only","high-variance","International Franz Liszt Piano Competition"
3,24,"a",1,1,"Piano","Audio-only","high-variance","Van Cliburn International Piano Competition"
3,5,"b",2,1,"Piano","Audio-only","low-variance","Van Cliburn International Piano Competition"
3,17,"a",2,0,"Tsugaru shamisen","Visual-only","low-variance","International Michinoku Tsugaru shamisen Competion"
3,14,"b",2,1,"Piano","Visual-only","low-variance","San Marino Piano Competition"
3,10,"b",1,0,"Tsugaru shamisen","Audio-only","low-variance","International Hirosaki Tsugaru shamisen Competion"
3,43,"b",1,0,"Violin","Audio-only","low-variance","Joseph Joachim International Violin Competition Hannover"
3,8,"b",2,1,"Tsugaru shamisen","Audio-only","low-variance","International Biwako Tsugaru shamisen Competion"
3,37,"a",2,0,"Tsugaru shamisen","Visual-only","high-variance","International Biwako Tsugaru shamisen Competion"
3,28,"a",1,1,"Tsugaru shamisen","Audio-only","high-variance","International Biwako Tsugaru shamisen Competion"
3,7,"a",2,0,"Tsugaru shamisen","Audio-only","low-variance","International Michinoku Tsugaru shamisen Competion"
3,38,"a",1,1,"Tsugaru shamisen","Visual-only","high-variance","International Biwako Tsugaru shamisen Competion"
3,1,"b",1,0,"Piano","Audio-only","low-variance","Van Cliburn International Piano Competition"
3,2,"a",2,0,"Piano","Audio-only","low-variance","International Franz Liszt Piano Competition"
3,25,"b",2,1,"Piano","Audio-only","high-variance","International Franz Liszt Piano Competition"
3,22,"a",1,1,"Piano","Audio-only","high-variance","International Franz Liszt Piano Competition"
3,19,"b",2,1,"Tsugaru shamisen","Visual-only","low-variance","International Biwako Tsugaru shamisen Competion"
3,62,"a",2,0,"Piano","Audio-Visual","high-variance","Van Cliburn International Piano Competition"
3,50,"a",2,0,"Piano","Audio-Visual","low-variance","International Franz Liszt Piano Competition"
3,54,"b",2,1,"Tsugaru shamisen","Audio-Visual","low-variance","International Michinoku Tsugaru shamisen Competion"
3,66,"b",2,1,"Tsugaru shamisen","Audio-Visual","high-variance","International Biwako Tsugaru shamisen Competion"
3,58,"a",2,0,"Tsugaru shamisen","Audio-Visual","low-variance","International Hirosaki Tsugaru shamisen Competion"
3,59,"b",2,1,"Piano","Audio-Visual","high-variance","Van Cliburn International Piano Competition"
3,63,"b",1,0,"Piano","Audio-Visual","high-variance","International Franz Liszt Piano Competition"
3,55,"b",2,1,"Tsugaru shamisen","Audio-Visual","low-variance","International Michinoku Tsugaru shamisen Competion"
3,56,"b",2,1,"Tsugaru shamisen","Audio-Visual","low-variance","International Biwako Tsugaru shamisen Competion"
3,71,"a",2,0,"Violin","Audio-Visual","low-variance","Joseph Joachim International Violin Competition Hannover"
3,61,"a",2,0,"Piano","Audio-Visual","high-variance","San Marino Piano Competition"
3,67,"b",1,0,"Tsugaru shamisen","Audio-Visual","high-variance","International Hirosaki Tsugaru shamisen Competion"
3,64,"b",2,1,"Tsugaru shamisen","Audio-Visual","high-variance","International Michinoku Tsugaru shamisen Competion"
3,72,"b",1,0,"Violin","Audio-Visual","low-variance","Queen Elisabeth Competition"
3,68,"a",1,1,"Tsugaru shamisen","Audio-Visual","high-variance","International Hirosaki Tsugaru shamisen Competion"
3,52,"a",1,1,"Piano","Audio-Visual","low-variance","San Marino Piano Competition"
3,65,"a",1,1,"Tsugaru shamisen","Audio-Visual","high-variance","International Biwako Tsugaru shamisen Competion"
3,49,"b",1,0,"Piano","Audio-Visual","low-variance","Van Cliburn International Piano Competition"
3,60,"b",2,1,"Piano","Audio-Visual","high-variance","International Franz Liszt Piano Competition"
3,51,"a",2,0,"Piano","Audio-Visual","low-variance","International Franz Liszt Piano Competition"
3,69,"a",1,1,"Piano (additional)","Audio-Visual","low-variance","International Franz Liszt Piano Competition"
3,53,"a",2,0,"Piano","Audio-Visual","low-variance","Van Cliburn International Piano Competition"
3,57,"a",2,0,"Tsugaru shamisen","Audio-Visual","low-variance","International Biwako Tsugaru shamisen Competion"
3,70,"b",2,1,"Piano (additional)","Audio-Visual","low-variance","Cleveland International Piano Competition"
4,3,"a",2,0,"Piano","Audio-only","low-variance","International Franz Liszt Piano Competition"
4,30,"a",1,1,"Tsugaru shamisen","Audio-only","high-variance","International Hirosaki Tsugaru shamisen Competion"
4,16,"a",2,0,"Tsugaru shamisen","Visual-only","low-variance","International Michinoku Tsugaru shamisen Competion"
4,25,"b",1,0,"Piano","Audio-only","high-variance","International Franz Liszt Piano Competition"
4,15,"b",2,1,"Piano","Visual-only","low-variance","Van Cliburn International Piano Competition"
4,42,"b",1,0,"Piano (additional)","Audio-only","low-variance","Cleveland International Piano Competition"
4,19,"b",2,1,"Tsugaru shamisen","Visual-only","low-variance","International Biwako Tsugaru shamisen Competion"
4,14,"b",2,1,"Piano","Visual-only","low-variance","San Marino Piano Competition"
4,32,"b",2,1,"Piano","Visual-only","high-variance","International Franz Liszt Piano Competition"
4,9,"a",1,1,"Tsugaru shamisen","Audio-only","low-variance","International Biwako Tsugaru shamisen Competion"
4,41,"a",1,1,"Piano (additional)","Audio-only","low-variance","International Franz Liszt Piano Competition"
4,11,"a",1,1,"Piano","Visual-only","low-variance","Van Cliburn International Piano Competition"
4,4,"b",1,0,"Piano","Audio-only","low-variance","San Marino Piano Competition"
4,34,"b",1,0,"Piano","Visual-only","high-variance","Van Cliburn International Piano Competition"
4,5,"b",1,0,"Piano","Audio-only","low-variance","Van Cliburn International Piano Competition"
4,6,"a",1,1,"Tsugaru shamisen","Audio-only","low-variance","International Michinoku Tsugaru shamisen Competion"
4,46,"a",1,1,"Piano (additional)","Visual-only","low-variance","Cleveland International Piano Competition"
4,21,"b",2,1,"Piano","Audio-only","high-variance","Van Cliburn International Piano Competition"
4,26,"b",2,1,"Tsugaru shamisen","Audio-only","high-variance","International Michinoku Tsugaru shamisen Competion"
4,17,"b",1,0,"Tsugaru shamisen","Visual-only","low-variance","International Michinoku Tsugaru shamisen Competion"
4,36,"b",1,0,"Tsugaru shamisen","Visual-only","high-variance","International Michinoku Tsugaru shamisen Competion"
4,29,"b",2,1,"Tsugaru shamisen","Audio-only","high-variance","International Hirosaki Tsugaru shamisen Competion"
4,22,"a",1,1,"Piano","Audio-only","high-variance","International Franz Liszt Piano Competition"
4,44,"b",1,0,"Violin","Audio-only","low-variance","Queen Elisabeth Competition"
4,43,"b",2,1,"Violin","Audio-only","low-variance","Joseph Joachim International Violin Competition Hannover"
4,2,"a",2,0,"Piano","Audio-only","low-variance","International Franz Liszt Piano Competition"
4,45,"b",1,0,"Piano (additional)","Visual-only","low-variance","International Franz Liszt Piano Competition"
4,35,"a",1,1,"Piano","Visual-only","high-variance","International Franz Liszt Piano Competition"
4,31,"a",1,1,"Piano","Visual-only","high-variance","Van Cliburn International Piano Competition"
4,12,"a",1,1,"Piano","Visual-only","low-variance","International Franz Liszt Piano Competition"
4,18,"a",2,0,"Tsugaru shamisen","Visual-only","low-variance","International Biwako Tsugaru shamisen Competion"
4,38,"b",2,1,"Tsugaru shamisen","Visual-only","high-variance","International Biwako Tsugaru shamisen Competion"
4,20,"a",1,1,"Tsugaru shamisen","Visual-only","low-variance","International Hirosaki Tsugaru shamisen Competion"
4,7,"a",2,0,"Tsugaru shamisen","Audio-only","low-variance","International Michinoku Tsugaru shamisen Competion"
4,23,"b",1,0,"Piano","Audio-only","high-variance","San Marino Piano Competition"
4,33,"b",2,1,"Piano","Visual-only","high-variance","San Marino Piano Competition"
4,24,"b",2,1,"Piano","Audio-only","high-variance","Van Cliburn International Piano Competition"
4,39,"b",1,0,"Tsugaru shamisen","Visual-only","high-variance","International Hirosaki Tsugaru shamisen Competion"
4,27,"b",2,1,"Tsugaru shamisen","Audio-only","high-variance","International Biwako Tsugaru shamisen Competion"
4,37,"b",2,1,"Tsugaru shamisen","Visual-only","high-variance","International Biwako Tsugaru shamisen Competion"
4,40,"a",2,0,"Tsugaru shamisen","Visual-only","high-variance","International Hirosaki Tsugaru shamisen Competion"
4,13,"b",2,1,"Piano","Visual-only","low-variance","International Franz Liszt Piano Competition"
4,47,"a",2,0,"Violin","Visual-only","low-variance","Joseph Joachim International Violin Competition Hannover"
4,48,"a",1,1,"Violin","Visual-only","low-variance","Queen Elisabeth Competition"
4,28,"a",1,1,"Tsugaru shamisen","Audio-only","high-variance","International Biwako Tsugaru shamisen Competion"
4,8,"b",2,1,"Tsugaru shamisen","Audio-only","low-variance","International Biwako Tsugaru shamisen Competion"
4,10,"a",1,1,"Tsugaru shamisen","Audio-only","low-variance","International Hirosaki Tsugaru shamisen Competion"
4,1,"a",1,1,"Piano","Audio-only","low-variance","Van Cliburn International Piano Competition"
4,50,"b",2,1,"Piano","Audio-Visual","low-variance","International Franz Liszt Piano Competition"
4,68,"b",2,1,"Tsugaru shamisen","Audio-Visual","high-variance","International Hirosaki Tsugaru shamisen Competion"
4,69,"a",1,1,"Piano (additional)","Audio-Visual","low-variance","International Franz Liszt Piano Competition"
4,65,"b",2,1,"Tsugaru shamisen","Audio-Visual","high-variance","International Biwako Tsugaru shamisen Competion"
4,55,"a",2,0,"Tsugaru shamisen","Audio-Visual","low-variance","International Michinoku Tsugaru shamisen Competion"
4,51,"a",1,1,"Piano","Audio-Visual","low-variance","International Franz Liszt Piano Competition"
4,58,"a",2,0,"Tsugaru shamisen","Audio-Visual","low-variance","International Hirosaki Tsugaru shamisen Competion"
4,60,"b",1,0,"Piano","Audio-Visual","high-variance","International Franz Liszt Piano Competition"
4,57,"b",2,1,"Tsugaru shamisen","Audio-Visual","low-variance","International Biwako Tsugaru shamisen Competion"
4,61,"a",1,1,"Piano","Audio-Visual","high-variance","San Marino Piano Competition"
4,52,"b",2,1,"Piano","Audio-Visual","low-variance","San Marino Piano Competition"
4,56,"b",1,0,"Tsugaru shamisen","Audio-Visual","low-variance","International Biwako Tsugaru shamisen Competion"
4,71,"a",1,1,"Violin","Audio-Visual","low-variance","Joseph Joachim International Violin Competition Hannover"
4,49,"a",1,1,"Piano","Audio-Visual","low-variance","Van Cliburn International Piano Competition"
4,66,"a",1,1,"Tsugaru shamisen","Audio-Visual","high-variance","International Biwako Tsugaru shamisen Competion"
4,70,"a",1,1,"Piano (additional)","Audio-Visual","low-variance","Cleveland International Piano Competition"
4,64,"a",1,1,"Tsugaru shamisen","Audio-Visual","high-variance","International Michinoku Tsugaru shamisen Competion"
4,62,"a",1,1,"Piano","Audio-Visual","high-variance","Van Cliburn International Piano Competition"
4,59,"a",1,1,"Piano","Audio-Visual","high-variance","Van Cliburn International Piano Competition"
4,63,"a",1,1,"Piano","Audio-Visual","high-variance","International Franz Liszt Piano Competition"
4,54,"a",2,0,"Tsugaru shamisen","Audio-Visual","low-variance","International Michinoku Tsugaru shamisen Competion"
4,72,"a",1,1,"Violin","Audio-Visual","low-variance","Queen Elisabeth Competition"
4,53,"a",1,1,"Piano","Audio-Visual","low-variance","Van Cliburn International Piano Competition"
4,67,"b",2,1,"Tsugaru shamisen","Audio-Visual","high-variance","International Hirosaki Tsugaru shamisen Competion"
5,40,"a",1,1,"Tsugaru shamisen","Visual-only","high-variance","International Hirosaki Tsugaru shamisen Competion"
5,43,"b",2,1,"Violin","Audio-only","low-variance","Joseph Joachim International Violin Competition Hannover"
5,17,"a",2,0,"Tsugaru shamisen","Visual-only","low-variance","International Michinoku Tsugaru shamisen Competion"
5,5,"a",2,0,"Piano","Audio-only","low-variance","Van Cliburn International Piano Competition"
5,30,"b",1,0,"Tsugaru shamisen","Audio-only","high-variance","International Hirosaki Tsugaru shamisen Competion"
5,18,"b",1,0,"Tsugaru shamisen","Visual-only","low-variance","International Biwako Tsugaru shamisen Competion"
5,47,"a",2,0,"Violin","Visual-only","low-variance","Joseph Joachim International Violin Competition Hannover"
5,1,"b",1,0,"Piano","Audio-only","low-variance","Van Cliburn International Piano Competition"
5,20,"a",1,1,"Tsugaru shamisen","Visual-only","low-variance","International Hirosaki Tsugaru shamisen Competion"
5,32,"a",1,1,"Piano","Visual-only","high-variance","International Franz Liszt Piano Competition"
5,4,"a",2,0,"Piano","Audio-only","low-variance","San Marino Piano Competition"
5,25,"a",2,0,"Piano","Audio-only","high-variance","International Franz Liszt Piano Competition"
5,2,"b",2,1,"Piano","Audio-only","low-variance","International Franz Liszt Piano Competition"
5,16,"b",1,0,"Tsugaru shamisen","Visual-only","low-variance","International Michinoku Tsugaru shamisen Competion"
5,31,"b",2,1,"Piano","Visual-only","high-variance","Van Cliburn International Piano Competition"
5,39,"a",1,1,"Tsugaru shamisen","Visual-only","high-variance","International Hirosaki Tsugaru shamisen Competion"
5,10,"b",2,1,"Tsugaru shamisen","Audio-only","low-variance","International Hirosaki Tsugaru shamisen Competion"
5,26,"a",2,0,"Tsugaru shamisen","Audio-only","high-variance","International Michinoku Tsugaru shamisen Competion"
5,38,"b",2,1,"Tsugaru shamisen","Visual-only","high-variance","International Biwako Tsugaru shamisen Competion"
5,44,"a",1,1,"Violin","Audio-only","low-variance","Queen Elisabeth Competition"
5,14,"b",1,0,"Piano","Visual-only","low-variance","San Marino Piano Competition"
5,21,"b",2,1,"Piano","Audio-only","high-variance","Van Cliburn International Piano Competition"
5,45,"a",2,0,"Piano (additional)","Visual-only","low-variance","International Franz Liszt Piano Competition"
5,34,"b",1,0,"Piano","Visual-only","high-variance","Van Cliburn International Piano Competition"
5,8,"b",2,1,"Tsugaru shamisen","Audio-only","low-variance","International Biwako Tsugaru shamisen Competion"
5,12,"a",2,0,"Piano","Visual-only","low-variance","International Franz Liszt Piano Competition"
5,27,"b",2,1,"Tsugaru shamisen","Audio-only","high-variance","International Biwako Tsugaru shamisen Competion"
5,28,"a",2,0,"Tsugaru shamisen","Audio-only","high-variance","International Biwako Tsugaru shamisen Competion"
5,19,"b",1,0,"Tsugaru shamisen","Visual-only","low-variance","International Biwako Tsugaru shamisen Competion"
5,42,"a",2,0,"Piano (additional)","Audio-only","low-variance","Cleveland International Piano Competition"
5,48,"b",1,0,"Violin","Visual-only","low-variance","Queen Elisabeth Competition"
5,36,"a",2,0,"Tsugaru shamisen","Visual-only","high-variance","International Michinoku Tsugaru shamisen Competion"
5,3,"a",2,0,"Piano","Audio-only","low-variance","International Franz Liszt Piano Competition"
5,7,"a",1,1,"Tsugaru shamisen","Audio-only","low-variance","International Michinoku Tsugaru shamisen Competion"
5,33,"a",2,0,"Piano","Visual-only","high-variance","San Marino Piano Competition"
5,22,"a",2,0,"Piano","Audio-only","high-variance","International Franz Liszt Piano Competition"
5,35,"b",1,0,"Piano","Visual-only","high-variance","International Franz Liszt Piano Competition"
5,15,"a",2,0,"Piano","Visual-only","low-variance","Van Cliburn International Piano Competition"
5,11,"a",1,1,"Piano","Visual-only","low-variance","Van Cliburn International Piano Competition"
5,6,"b",2,1,"Tsugaru shamisen","Audio-only","low-variance","International Michinoku Tsugaru shamisen Competion"
5,23,"b",2,1,"Piano","Audio-only","high-variance","San Marino Piano Competition"
5,41,"b",1,0,"Piano (additional)","Audio-only","low-variance","International Franz Liszt Piano Competition"
5,9,"a",2,0,"Tsugaru shamisen","Audio-only","low-variance","International Biwako Tsugaru shamisen Competion"
5,46,"b",1,0,"Piano (additional)","Visual-only","low-variance","Cleveland International Piano Competition"
5,24,"b",2,1,"Piano","Audio-only","high-variance","Van Cliburn International Piano Competition"
5,13,"a",1,1,"Piano","Visual-only","low-variance","International Franz Liszt Piano Competition"
5,29,"b",1,0,"Tsugaru shamisen","Audio-only","high-variance","International Hirosaki Tsugaru shamisen Competion"
5,37,"b",1,0,"Tsugaru shamisen","Visual-only","high-variance","International Biwako Tsugaru shamisen Competion"
5,60,"b",1,0,"Piano","Audio-Visual","high-variance","International Franz Liszt Piano Competition"
5,65,"a",2,0,"Tsugaru shamisen","Audio-Visual","high-variance","International Biwako Tsugaru shamisen Competion"
5,57,"a",1,1,"Tsugaru shamisen","Audio-Visual","low-variance","International Biwako Tsugaru shamisen Competion"
5,51,"b",2,1,"Piano","Audio-Visual","low-variance","International Franz Liszt Piano Competition"
5,62,"b",1,0,"Piano","Audio-Visual","high-variance","Van Cliburn International Piano Competition"
5,52,"a",2,0,"Piano","Audio-Visual","low-variance","San Marino Piano Competition"
5,54,"b",1,0,"Tsugaru shamisen","Audio-Visual","low-variance","International Michinoku Tsugaru shamisen Competion"
5,71,"b",1,0,"Violin","Audio-Visual","low-variance","Joseph Joachim International Violin Competition Hannover"
5,68,"b",1,0,"Tsugaru shamisen","Audio-Visual","high-variance","International Hirosaki Tsugaru shamisen Competion"
5,58,"a",1,1,"Tsugaru shamisen","Audio-Visual","low-variance","International Hirosaki Tsugaru shamisen Competion"
5,49,"a",1,1,"Piano","Audio-Visual","low-variance","Van Cliburn International Piano Competition"
5,70,"a",2,0,"Piano (additional)","Audio-Visual","low-variance","Cleveland International Piano Competition"
5,55,"a",2,0,"Tsugaru shamisen","Audio-Visual","low-variance","International Michinoku Tsugaru shamisen Competion"
5,66,"a",1,1,"Tsugaru shamisen","Audio-Visual","high-variance","International Biwako Tsugaru shamisen Competion"
5,69,"a",2,0,"Piano (additional)","Audio-Visual","low-variance","International Franz Liszt Piano Competition"
5,64,"b",1,0,"Tsugaru shamisen","Audio-Visual","high-variance","International Michinoku Tsugaru shamisen Competion"
5,50,"b",1,0,"Piano","Audio-Visual","low-variance","International Franz Liszt Piano Competition"
5,59,"b",2,1,"Piano","Audio-Visual","high-variance","Van Cliburn International Piano Competition"
5,63,"a",1,1,"Piano","Audio-Visual","high-variance","International Franz Liszt Piano Competition"
5,53,"b",2,1,"Piano","Audio-Visual","low-variance","Van Cliburn International Piano Competition"
5,67,"b",1,0,"Tsugaru shamisen","Audio-Visual","high-variance","International Hirosaki Tsugaru shamisen Competion"
5,72,"b",1,0,"Violin","Audio-Visual","low-variance","Queen Elisabeth Competition"
5,56,"b",2,1,"Tsugaru shamisen","Audio-Visual","low-variance","International Biwako Tsugaru shamisen Competion"
5,61,"b",1,0,"Piano","Audio-Visual","high-variance","San Marino Piano Competition"
6,41,"b",2,1,"Piano (additional)","Audio-only","low-variance","International Franz Liszt Piano Competition"
6,30,"a",1,1,"Tsugaru shamisen","Audio-only","high-variance","International Hirosaki Tsugaru shamisen Competion"
6,16,"b",2,1,"Tsugaru shamisen","Visual-only","low-variance","International Michinoku Tsugaru shamisen Competion"
6,46,"a",1,1,"Piano (additional)","Visual-only","low-variance","Cleveland International Piano Competition"
6,11,"a",2,0,"Piano","Visual-only","low-variance","Van Cliburn International Piano Competition"
6,47,"b",1,0,"Violin","Visual-only","low-variance","Joseph Joachim International Violin Competition Hannover"
6,20,"a",2,0,"Tsugaru shamisen","Visual-only","low-variance","International Hirosaki Tsugaru shamisen Competion"
6,10,"a",1,1,"Tsugaru shamisen","Audio-only","low-variance","International Hirosaki Tsugaru shamisen Competion"
6,43,"a",1,1,"Violin","Audio-only","low-variance","Joseph Joachim International Violin Competition Hannover"
6,12,"b",2,1,"Piano","Visual-only","low-variance","International Franz Liszt Piano Competition"
6,4,"a",1,1,"Piano","Audio-only","low-variance","San Marino Piano Competition"
6,2,"a",1,1,"Piano","Audio-only","low-variance","International Franz Liszt Piano Competition"
6,27,"b",2,1,"Tsugaru shamisen","Audio-only","high-variance","International Biwako Tsugaru shamisen Competion"
6,23,"b",2,1,"Piano","Audio-only","high-variance","San Marino Piano Competition"
6,9,"b",2,1,"Tsugaru shamisen","Audio-only","low-variance","International Biwako Tsugaru shamisen Competion"
6,7,"a",2,0,"Tsugaru shamisen","Audio-only","low-variance","International Michinoku Tsugaru shamisen Competion"
6,33,"a",2,0,"Piano","Visual-only","high-variance","San Marino Piano Competition"
6,38,"b",2,1,"Tsugaru shamisen","Visual-only","high-variance","International Biwako Tsugaru shamisen Competion"
6,39,"b",1,0,"Tsugaru shamisen","Visual-only","high-variance","International Hirosaki Tsugaru shamisen Competion"
6,25,"a",2,0,"Piano","Audio-only","high-variance","International Franz Liszt Piano Competition"
6,34,"a",2,0,"Piano","Visual-only","high-variance","Van Cliburn International Piano Competition"
6,5,"b",2,1,"Piano","Audio-only","low-variance","Van Cliburn International Piano Competition"
6,21,"a",1,1,"Piano","Audio-only","high-variance","Van Cliburn International Piano Competition"
6,32,"a",2,0,"Piano","Visual-only","high-variance","International Franz Liszt Piano Competition"
6,48,"b",2,1,"Violin","Visual-only","low-variance","Queen Elisabeth Competition"
6,31,"a",1,1,"Piano","Visual-only","high-variance","Van Cliburn International Piano Competition"
6,13,"b",2,1,"Piano","Visual-only","low-variance","International Franz Liszt Piano Competition"
6,3,"a",1,1,"Piano","Audio-only","low-variance","International Franz Liszt Piano Competition"
6,15,"b",2,1,"Piano","Visual-only","low-variance","Van Cliburn International Piano Competition"
6,19,"a",2,0,"Tsugaru shamisen","Visual-only","low-variance","International Biwako Tsugaru shamisen Competion"
6,40,"b",1,0,"Tsugaru shamisen","Visual-only","high-variance","International Hirosaki Tsugaru shamisen Competion"
6,29,"a",2,0,"Tsugaru shamisen","Audio-only","high-variance","International Hirosaki Tsugaru shamisen Competion"
6,22,"b",1,0,"Piano","Audio-only","high-variance","International Franz Liszt Piano Competition"
6,6,"b",2,1,"Tsugaru shamisen","Audio-only","low-variance","International Michinoku Tsugaru shamisen Competion"
6,44,"a",1,1,"Violin","Audio-only","low-variance","Queen Elisabeth Competition"
6,35,"a",1,1,"Piano","Visual-only","high-variance","International Franz Liszt Piano Competition"
6,42,"a",2,0,"Piano (additional)","Audio-only","low-variance","Cleveland International Piano Competition"
6,28,"a",1,1,"Tsugaru shamisen","Audio-only","high-variance","International Biwako Tsugaru shamisen Competion"
6,36,"a",1,1,"Tsugaru shamisen","Visual-only","high-variance","International Michinoku Tsugaru shamisen Competion"
6,8,"a",2,0,"Tsugaru shamisen","Audio-only","low-variance","International Biwako Tsugaru shamisen Competion"
6,17,"a",2,0,"Tsugaru shamisen","Visual-only","low-variance","International Michinoku Tsugaru shamisen Competion"
6,26,"b",1,0,"Tsugaru shamisen","Audio-only","high-variance","International Michinoku Tsugaru shamisen Competion"
6,24,"a",1,1,"Piano","Audio-only","high-variance","Van Cliburn International Piano Competition"
6,18,"b",2,1,"Tsugaru shamisen","Visual-only","low-variance","International Biwako Tsugaru shamisen Competion"
6,45,"b",2,1,"Piano (additional)","Visual-only","low-variance","International Franz Liszt Piano Competition"
6,1,"b",2,1,"Piano","Audio-only","low-variance","Van Cliburn International Piano Competition"
6,37,"a",1,1,"Tsugaru shamisen","Visual-only","high-variance","International Biwako Tsugaru shamisen Competion"
6,14,"a",1,1,"Piano","Visual-only","low-variance","San Marino Piano Competition"
6,61,"a",2,0,"Piano","Audio-Visual","high-variance","San Marino Piano Competition"
6,50,"b",2,1,"Piano","Audio-Visual","low-variance","International Franz Liszt Piano Competition"
6,72,"b",2,1,"Violin","Audio-Visual","low-variance","Queen Elisabeth Competition"
6,59,"a",1,1,"Piano","Audio-Visual","high-variance","Van Cliburn International Piano Competition"
6,67,"a",1,1,"Tsugaru shamisen","Audio-Visual","high-variance","International Hirosaki Tsugaru shamisen Competion"
6,56,"a",1,1,"Tsugaru shamisen","Audio-Visual","low-variance","International Biwako Tsugaru shamisen Competion"
6,54,"b",2,1,"Tsugaru shamisen","Audio-Visual","low-variance","International Michinoku Tsugaru shamisen Competion"
6,58,"b",2,1,"Tsugaru shamisen","Audio-Visual","low-variance","International Hirosaki Tsugaru shamisen Competion"
6,70,"b",1,0,"Piano (additional)","Audio-Visual","low-variance","Cleveland International Piano Competition"
6,60,"a",2,0,"Piano","Audio-Visual","high-variance","International Franz Liszt Piano Competition"
6,55,"b",1,0,"Tsugaru shamisen","Audio-Visual","low-variance","International Michinoku Tsugaru shamisen Competion"
6,49,"b",1,0,"Piano","Audio-Visual","low-variance","Van Cliburn International Piano Competition"
6,68,"a",1,1,"Tsugaru shamisen","Audio-Visual","high-variance","International Hirosaki Tsugaru shamisen Competion"
6,66,"a",2,0,"Tsugaru shamisen","Audio-Visual","high-variance","International Biwako Tsugaru shamisen Competion"
6,64,"a",1,1,"Tsugaru shamisen","Audio-Visual","high-variance","International Michinoku Tsugaru shamisen Competion"
6,63,"a",1,1,"Piano","Audio-Visual","high-variance","International Franz Liszt Piano Competition"
6,69,"a",1,1,"Piano (additional)","Audio-Visual","low-variance","International Franz Liszt Piano Competition"
6,65,"b",1,0,"Tsugaru shamisen","Audio-Visual","high-variance","International Biwako Tsugaru shamisen Competion"
6,57,"a",2,0,"Tsugaru shamisen","Audio-Visual","low-variance","International Biwako Tsugaru shamisen Competion"
6,53,"a",1,1,"Piano","Audio-Visual","low-variance","Van Cliburn International Piano Competition"
6,71,"a",1,1,"Violin","Audio-Visual","low-variance","Joseph Joachim International Violin Competition Hannover"
6,51,"b",1,0,"Piano","Audio-Visual","low-variance","International Franz Liszt Piano Competition"
6,52,"b",1,0,"Piano","Audio-Visual","low-variance","San Marino Piano Competition"
6,62,"a",1,1,"Piano","Audio-Visual","high-variance","Van Cliburn International Piano Competition"
7,42,"a",2,0,"Piano (additional)","Audio-only","low-variance","Cleveland International Piano Competition"
7,37,"a",1,1,"Tsugaru shamisen","Visual-only","high-variance","International Biwako Tsugaru shamisen Competion"
7,44,"a",2,0,"Violin","Audio-only","low-variance","Queen Elisabeth Competition"
7,48,"a",1,1,"Violin","Visual-only","low-variance","Queen Elisabeth Competition"
7,18,"b",2,1,"Tsugaru shamisen","Visual-only","low-variance","International Biwako Tsugaru shamisen Competion"
7,45,"a",2,0,"Piano (additional)","Visual-only","low-variance","International Franz Liszt Piano Competition"
7,3,"b",2,1,"Piano","Audio-only","low-variance","International Franz Liszt Piano Competition"
7,15,"b",2,1,"Piano","Visual-only","low-variance","Van Cliburn International Piano Competition"
7,1,"b",1,0,"Piano","Audio-only","low-variance","Van Cliburn International Piano Competition"
7,12,"b",1,0,"Piano","Visual-only","low-variance","International Franz Liszt Piano Competition"
7,5,"b",2,1,"Piano","Audio-only","low-variance","Van Cliburn International Piano Competition"
7,7,"b",1,0,"Tsugaru shamisen","Audio-only","low-variance","International Michinoku Tsugaru shamisen Competion"
7,4,"b",1,0,"Piano","Audio-only","low-variance","San Marino Piano Competition"
7,41,"a",2,0,"Piano (additional)","Audio-only","low-variance","International Franz Liszt Piano Competition"
7,35,"a",2,0,"Piano","Visual-only","high-variance","International Franz Liszt Piano Competition"
7,26,"a",1,1,"Tsugaru shamisen","Audio-only","high-variance","International Michinoku Tsugaru shamisen Competion"
7,29,"b",2,1,"Tsugaru shamisen","Audio-only","high-variance","International Hirosaki Tsugaru shamisen Competion"
7,23,"b",2,1,"Piano","Audio-only","high-variance","San Marino Piano Competition"
7,30,"b",1,0,"Tsugaru shamisen","Audio-only","high-variance","International Hirosaki Tsugaru shamisen Competion"
7,10,"b",1,0,"Tsugaru shamisen","Audio-only","low-variance","International Hirosaki Tsugaru shamisen Competion"
7,27,"a",1,1,"Tsugaru shamisen","Audio-only","high-variance","International Biwako Tsugaru shamisen Competion"
7,31,"a",1,1,"Piano","Visual-only","high-variance","Van Cliburn International Piano Competition"
7,25,"a",2,0,"Piano","Audio-only","high-variance","International Franz Liszt Piano Competition"
7,19,"a",1,1,"Tsugaru shamisen","Visual-only","low-variance","International Biwako Tsugaru shamisen Competion"
7,6,"b",1,0,"Tsugaru shamisen","Audio-only","low-variance","International Michinoku Tsugaru shamisen Competion"
7,13,"b",2,1,"Piano","Visual-only","low-variance","International Franz Liszt Piano Competition"
7,38,"b",2,1,"Tsugaru shamisen","Visual-only","high-variance","International Biwako Tsugaru shamisen Competion"
7,32,"a",2,0,"Piano","Visual-only","high-variance","International Franz Liszt Piano Competition"
7,21,"b",2,1,"Piano","Audio-only","high-variance","Van Cliburn International Piano Competition"
7,39,"b",2,1,"Tsugaru shamisen","Visual-only","high-variance","International Hirosaki Tsugaru shamisen Competion"
7,28,"b",1,0,"Tsugaru shamisen","Audio-only","high-variance","International Biwako Tsugaru shamisen Competion"
7,8,"b",1,0,"Tsugaru shamisen","Audio-only","low-variance","International Biwako Tsugaru shamisen Competion"
7,14,"a",2,0,"Piano","Visual-only","low-variance","San Marino Piano Competition"
7,46,"b",2,1,"Piano (additional)","Visual-only","low-variance","Cleveland International Piano Competition"
7,16,"a",1,1,"Tsugaru shamisen","Visual-only","low-variance","International Michinoku Tsugaru shamisen Competion"
7,40,"b",1,0,"Tsugaru shamisen","Visual-only","high-variance","International Hirosaki Tsugaru shamisen Competion"
7,47,"b",1,0,"Violin","Visual-only","low-variance","Joseph Joachim International Violin Competition Hannover"
7,34,"b",2,1,"Piano","Visual-only","high-variance","Van Cliburn International Piano Competition"
7,17,"b",2,1,"Tsugaru shamisen","Visual-only","low-variance","International Michinoku Tsugaru shamisen Competion"
7,36,"a",1,1,"Tsugaru shamisen","Visual-only","high-variance","International Michinoku Tsugaru shamisen Competion"
7,43,"a",1,1,"Violin","Audio-only","low-variance","Joseph Joachim International Violin Competition Hannover"
7,24,"b",2,1,"Piano","Audio-only","high-variance","Van Cliburn International Piano Competition"
7,2,"a",2,0,"Piano","Audio-only","low-variance","International Franz Liszt Piano Competition"
7,22,"a",1,1,"Piano","Audio-only","high-variance","International Franz Liszt Piano Competition"
7,33,"a",2,0,"Piano","Visual-only","high-variance","San Marino Piano Competition"
7,20,"b",1,0,"Tsugaru shamisen","Visual-only","low-variance","International Hirosaki Tsugaru shamisen Competion"
7,9,"a",1,1,"Tsugaru shamisen","Audio-only","low-variance","International Biwako Tsugaru shamisen Competion"
7,11,"b",2,1,"Piano","Visual-only","low-variance","Van Cliburn International Piano Competition"
7,63,"a",1,1,"Piano","Audio-Visual","high-variance","International Franz Liszt Piano Competition"
7,60,"b",2,1,"Piano","Audio-Visual","high-variance","International Franz Liszt Piano Competition"
7,51,"b",1,0,"Piano","Audio-Visual","low-variance","International Franz Liszt Piano Competition"
7,56,"b",1,0,"Tsugaru shamisen","Audio-Visual","low-variance","International Biwako Tsugaru shamisen Competion"
7,58,"a",1,1,"Tsugaru shamisen","Audio-Visual","low-variance","International Hirosaki Tsugaru shamisen Competion"
7,52,"b",2,1,"Piano","Audio-Visual","low-variance","San Marino Piano Competition"
7,50,"b",2,1,"Piano","Audio-Visual","low-variance","International Franz Liszt Piano Competition"
7,71,"b",2,1,"Violin","Audio-Visual","low-variance","Joseph Joachim International Violin Competition Hannover"
7,65,"a",1,1,"Tsugaru shamisen","Audio-Visual","high-variance","International Biwako Tsugaru shamisen Competion"
7,53,"b",1,0,"Piano","Audio-Visual","low-variance","Van Cliburn International Piano Competition"
7,61,"b",1,0,"Piano","Audio-Visual","high-variance","San Marino Piano Competition"
7,67,"a",1,1,"Tsugaru shamisen","Audio-Visual","high-variance","International Hirosaki Tsugaru shamisen Competion"
7,59,"a",1,1,"Piano","Audio-Visual","high-variance","Van Cliburn International Piano Competition"
7,66,"b",1,0,"Tsugaru shamisen","Audio-Visual","high-variance","International Biwako Tsugaru shamisen Competion"
7,72,"b",1,0,"Violin","Audio-Visual","low-variance","Queen Elisabeth Competition"
7,57,"b",1,0,"Tsugaru shamisen","Audio-Visual","low-variance","International Biwako Tsugaru shamisen Competion"
7,68,"a",1,1,"Tsugaru shamisen","Audio-Visual","high-variance","International Hirosaki Tsugaru shamisen Competion"
7,54,"b",2,1,"Tsugaru shamisen","Audio-Visual","low-variance","International Michinoku Tsugaru shamisen Competion"
7,70,"b",1,0,"Piano (additional)","Audio-Visual","low-variance","Cleveland International Piano Competition"
7,64,"a",1,1,"Tsugaru shamisen","Audio-Visual","high-variance","International Michinoku Tsugaru shamisen Competion"
7,69,"a",2,0,"Piano (additional)","Audio-Visual","low-variance","International Franz Liszt Piano Competition"
7,55,"a",2,0,"Tsugaru shamisen","Audio-Visual","low-variance","International Michinoku Tsugaru shamisen Competion"
7,49,"a",2,0,"Piano","Audio-Visual","low-variance","Van Cliburn International Piano Competition"
7,62,"b",1,0,"Piano","Audio-Visual","high-variance","Van Cliburn International Piano Competition"
8,42,"a",2,0,"Piano (additional)","Audio-only","low-variance","Cleveland International Piano Competition"
8,1,"a",2,0,"Piano","Audio-only","low-variance","Van Cliburn International Piano Competition"
8,38,"a",2,0,"Tsugaru shamisen","Visual-only","high-variance","International Biwako Tsugaru shamisen Competion"
8,31,"b",2,1,"Piano","Visual-only","high-variance","Van Cliburn International Piano Competition"
8,43,"b",1,0,"Violin","Audio-only","low-variance","Joseph Joachim International Violin Competition Hannover"
8,28,"a",1,1,"Tsugaru shamisen","Audio-only","high-variance","International Biwako Tsugaru shamisen Competion"
8,12,"b",2,1,"Piano","Visual-only","low-variance","International Franz Liszt Piano Competition"
8,29,"a",2,0,"Tsugaru shamisen","Audio-only","high-variance","International Hirosaki Tsugaru shamisen Competion"
8,41,"b",1,0,"Piano (additional)","Audio-only","low-variance","International Franz Liszt Piano Competition"
8,19,"a",1,1,"Tsugaru shamisen","Visual-only","low-variance","International Biwako Tsugaru shamisen Competion"
8,9,"b",2,1,"Tsugaru shamisen","Audio-only","low-variance","International Biwako Tsugaru shamisen Competion"
8,22,"b",2,1,"Piano","Audio-only","high-variance","International Franz Liszt Piano Competition"
8,26,"b",2,1,"Tsugaru shamisen","Audio-only","high-variance","International Michinoku Tsugaru shamisen Competion"
8,40,"b",2,1,"Tsugaru shamisen","Visual-only","high-variance","International Hirosaki Tsugaru shamisen Competion"
8,45,"a",1,1,"Piano (additional)","Visual-only","low-variance","International Franz Liszt Piano Competition"
8,30,"a",1,1,"Tsugaru shamisen","Audio-only","high-variance","International Hirosaki Tsugaru shamisen Competion"
8,2,"b",1,0,"Piano","Audio-only","low-variance","International Franz Liszt Piano Competition"
8,5,"a",2,0,"Piano","Audio-only","low-variance","Van Cliburn International Piano Competition"
8,48,"b",1,0,"Violin","Visual-only","low-variance","Queen Elisabeth Competition"
8,25,"a",1,1,"Piano","Audio-only","high-variance","International Franz Liszt Piano Competition"
8,23,"a",1,1,"Piano","Audio-only","high-variance","San Marino Piano Competition"
8,16,"a",2,0,"Tsugaru shamisen","Visual-only","low-variance","International Michinoku Tsugaru shamisen Competion"
8,24,"a",2,0,"Piano","Audio-only","high-variance","Van Cliburn International Piano Competition"
8,4,"a",2,0,"Piano","Audio-only","low-variance","San Marino Piano Competition"
8,33,"b",1,0,"Piano","Visual-only","high-variance","San Marino Piano Competition"
8,7,"a",2,0,"Tsugaru shamisen","Audio-only","low-variance","International Michinoku Tsugaru shamisen Competion"
8,21,"a",1,1,"Piano","Audio-only","high-variance","Van Cliburn International Piano Competition"
8,10,"a",2,0,"Tsugaru shamisen","Audio-only","low-variance","International Hirosaki Tsugaru shamisen Competion"
8,39,"b",1,0,"Tsugaru shamisen","Visual-only","high-variance","International Hirosaki Tsugaru shamisen Competion"
8,6,"b",1,0,"Tsugaru shamisen","Audio-only","low-variance","International Michinoku Tsugaru shamisen Competion"
8,14,"b",2,1,"Piano","Visual-only","low-variance","San Marino Piano Competition"
8,34,"a",2,0,"Piano","Visual-only","high-variance","Van Cliburn International Piano Competition"
8,37,"b",2,1,"Tsugaru shamisen","Visual-only","high-variance","International Biwako Tsugaru shamisen Competion"
8,15,"a",2,0,"Piano","Visual-only","low-variance","Van Cliburn International Piano Competition"
8,13,"a",1,1,"Piano","Visual-only","low-variance","International Franz Liszt Piano Competition"
8,46,"a",2,0,"Piano (additional)","Visual-only","low-variance","Cleveland International Piano Competition"
8,47,"a",2,0,"Violin","Visual-only","low-variance","Joseph Joachim International Violin Competition Hannover"
8,8,"a",2,0,"Tsugaru shamisen","Audio-only","low-variance","International Biwako Tsugaru shamisen Competion"
8,3,"b",1,0,"Piano","Audio-only","low-variance","International Franz Liszt Piano Competition"
8,20,"b",2,1,"Tsugaru shamisen","Visual-only","low-variance","International Hirosaki Tsugaru shamisen Competion"
8,17,"a",1,1,"Tsugaru shamisen","Visual-only","low-variance","International Michinoku Tsugaru shamisen Competion"
8,32,"a",1,1,"Piano","Visual-only","high-variance","International Franz Liszt Piano Competition"
8,36,"a",1,1,"Tsugaru shamisen","Visual-only","high-variance","International Michinoku Tsugaru shamisen Competion"
8,11,"a",1,1,"Piano","Visual-only","low-variance","Van Cliburn International Piano Competition"
8,18,"a",1,1,"Tsugaru shamisen","Visual-only","low-variance","International Biwako Tsugaru shamisen Competion"
8,27,"a",1,1,"Tsugaru shamisen","Audio-only","high-variance","International Biwako Tsugaru shamisen Competion"
8,44,"b",2,1,"Violin","Audio-only","low-variance","Queen Elisabeth Competition"
8,35,"b",1,0,"Piano","Visual-only","high-variance","International Franz Liszt Piano Competition"
8,71,"a",1,1,"Violin","Audio-Visual","low-variance","Joseph Joachim International Violin Competition Hannover"
8,67,"a",1,1,"Tsugaru shamisen","Audio-Visual","high-variance","International Hirosaki Tsugaru shamisen Competion"
8,61,"a",2,0,"Piano","Audio-Visual","high-variance","San Marino Piano Competition"
8,51,"b",2,1,"Piano","Audio-Visual","low-variance","International Franz Liszt Piano Competition"
8,56,"b",2,1,"Tsugaru shamisen","Audio-Visual","low-variance","International Biwako Tsugaru shamisen Competion"
8,60,"a",1,1,"Piano","Audio-Visual","high-variance","International Franz Liszt Piano Competition"
8,54,"b",2,1,"Tsugaru shamisen","Audio-Visual","low-variance","International Michinoku Tsugaru shamisen Competion"
8,49,"a",1,1,"Piano","Audio-Visual","low-variance","Van Cliburn International Piano Competition"
8,69,"b",2,1,"Piano (additional)","Audio-Visual","low-variance","International Franz Liszt Piano Competition"
8,53,"b",2,1,"Piano","Audio-Visual","low-variance","Van Cliburn International Piano Competition"
8,59,"b",2,1,"Piano","Audio-Visual","high-variance","Van Cliburn International Piano Competition"
8,72,"b",1,0,"Violin","Audio-Visual","low-variance","Queen Elisabeth Competition"
8,70,"a",2,0,"Piano (additional)","Audio-Visual","low-variance","Cleveland International Piano Competition"
8,63,"b",2,1,"Piano","Audio-Visual","high-variance","International Franz Liszt Piano Competition"
8,50,"b",2,1,"Piano","Audio-Visual","low-variance","International Franz Liszt Piano Competition"
8,55,"b",2,1,"Tsugaru shamisen","Audio-Visual","low-variance","International Michinoku Tsugaru shamisen Competion"
8,66,"a",2,0,"Tsugaru shamisen","Audio-Visual","high-variance","International Biwako Tsugaru shamisen Competion"
8,58,"a",2,0,"Tsugaru shamisen","Audio-Visual","low-variance","International Hirosaki Tsugaru shamisen Competion"
8,57,"a",1,1,"Tsugaru shamisen","Audio-Visual","low-variance","International Biwako Tsugaru shamisen Competion"
8,52,"a",1,1,"Piano","Audio-Visual","low-variance","San Marino Piano Competition"
8,65,"a",1,1,"Tsugaru shamisen","Audio-Visual","high-variance","International Biwako Tsugaru shamisen Competion"
8,64,"b",2,1,"Tsugaru shamisen","Audio-Visual","high-variance","International Michinoku Tsugaru shamisen Competion"
8,62,"b",1,0,"Piano","Audio-Visual","high-variance","Van Cliburn International Piano Competition"
8,68,"b",2,1,"Tsugaru shamisen","Audio-Visual","high-variance","International Hirosaki Tsugaru shamisen Competion"
9,22,"b",2,1,"Piano","Audio-only","high-variance","International Franz Liszt Piano Competition"
9,25,"a",1,1,"Piano","Audio-only","high-variance","International Franz Liszt Piano Competition"
9,7,"a",2,0,"Tsugaru shamisen","Audio-only","low-variance","International Michinoku Tsugaru shamisen Competion"
9,35,"a",2,0,"Piano","Visual-only","high-variance","International Franz Liszt Piano Competition"
9,1,"b",1,0,"Piano","Audio-only","low-variance","Van Cliburn International Piano Competition"
9,18,"b",1,0,"Tsugaru shamisen","Visual-only","low-variance","International Biwako Tsugaru shamisen Competion"
9,14,"a",1,1,"Piano","Visual-only","low-variance","San Marino Piano Competition"
9,13,"b",1,0,"Piano","Visual-only","low-variance","International Franz Liszt Piano Competition"
9,27,"b",2,1,"Tsugaru shamisen","Audio-only","high-variance","International Biwako Tsugaru shamisen Competion"
9,45,"b",2,1,"Piano (additional)","Visual-only","low-variance","International Franz Liszt Piano Competition"
9,29,"a",1,1,"Tsugaru shamisen","Audio-only","high-variance","International Hirosaki Tsugaru shamisen Competion"
9,33,"b",2,1,"Piano","Visual-only","high-variance","San Marino Piano Competition"
9,28,"a",1,1,"Tsugaru shamisen","Audio-only","high-variance","International Biwako Tsugaru shamisen Competion"
9,48,"a",2,0,"Violin","Visual-only","low-variance","Queen Elisabeth Competition"
9,46,"b",2,1,"Piano (additional)","Visual-only","low-variance","Cleveland International Piano Competition"
9,15,"b",2,1,"Piano","Visual-only","low-variance","Van Cliburn International Piano Competition"
9,23,"b",2,1,"Piano","Audio-only","high-variance","San Marino Piano Competition"
9,37,"a",1,1,"Tsugaru shamisen","Visual-only","high-variance","International Biwako Tsugaru shamisen Competion"
9,24,"a",1,1,"Piano","Audio-only","high-variance","Van Cliburn International Piano Competition"
9,43,"b",2,1,"Violin","Audio-only","low-variance","Joseph Joachim International Violin Competition Hannover"
9,16,"a",1,1,"Tsugaru shamisen","Visual-only","low-variance","International Michinoku Tsugaru shamisen Competion"
9,19,"a",1,1,"Tsugaru shamisen","Visual-only","low-variance","International Biwako Tsugaru shamisen Competion"
9,39,"a",2,0,"Tsugaru shamisen","Visual-only","high-variance","International Hirosaki Tsugaru shamisen Competion"
9,3,"b",2,1,"Piano","Audio-only","low-variance","International Franz Liszt Piano Competition"
9,4,"a",2,0,"Piano","Audio-only","low-variance","San Marino Piano Competition"
9,47,"b",1,0,"Violin","Visual-only","low-variance","Joseph Joachim International Violin Competition Hannover"
9,32,"b",2,1,"Piano","Visual-only","high-variance","International Franz Liszt Piano Competition"
9,38,"a",1,1,"Tsugaru shamisen","Visual-only","high-variance","International Biwako Tsugaru shamisen Competion"
9,40,"b",1,0,"Tsugaru shamisen","Visual-only","high-variance","International Hirosaki Tsugaru shamisen Competion"
9,9,"a",2,0,"Tsugaru shamisen","Audio-only","low-variance","International Biwako Tsugaru shamisen Competion"
9,20,"b",2,1,"Tsugaru shamisen","Visual-only","low-variance","International Hirosaki Tsugaru shamisen Competion"
9,42,"b",2,1,"Piano (additional)","Audio-only","low-variance","Cleveland International Piano Competition"
9,36,"a",1,1,"Tsugaru shamisen","Visual-only","high-variance","International Michinoku Tsugaru shamisen Competion"
9,12,"a",1,1,"Piano","Visual-only","low-variance","International Franz Liszt Piano Competition"
9,26,"a",1,1,"Tsugaru shamisen","Audio-only","high-variance","International Michinoku Tsugaru shamisen Competion"
9,17,"a",2,0,"Tsugaru shamisen","Visual-only","low-variance","International Michinoku Tsugaru shamisen Competion"
9,10,"a",1,1,"Tsugaru shamisen","Audio-only","low-variance","International Hirosaki Tsugaru shamisen Competion"
9,34,"a",1,1,"Piano","Visual-only","high-variance","Van Cliburn International Piano Competition"
9,31,"a",2,0,"Piano","Visual-only","high-variance","Van Cliburn International Piano Competition"
9,41,"a",2,0,"Piano (additional)","Audio-only","low-variance","International Franz Liszt Piano Competition"
9,21,"a",1,1,"Piano","Audio-only","high-variance","Van Cliburn International Piano Competition"
9,2,"b",2,1,"Piano","Audio-only","low-variance","International Franz Liszt Piano Competition"
9,30,"b",2,1,"Tsugaru shamisen","Audio-only","high-variance","International Hirosaki Tsugaru shamisen Competion"
9,5,"b",2,1,"Piano","Audio-only","low-variance","Van Cliburn International Piano Competition"
9,44,"a",2,0,"Violin","Audio-only","low-variance","Queen Elisabeth Competition"
9,6,"a",1,1,"Tsugaru shamisen","Audio-only","low-variance","International Michinoku Tsugaru shamisen Competion"
9,8,"b",2,1,"Tsugaru shamisen","Audio-only","low-variance","International Biwako Tsugaru shamisen Competion"
9,11,"a",1,1,"Piano","Visual-only","low-variance","Van Cliburn International Piano Competition"
9,57,"b",1,0,"Tsugaru shamisen","Audio-Visual","low-variance","International Biwako Tsugaru shamisen Competion"
9,55,"a",2,0,"Tsugaru shamisen","Audio-Visual","low-variance","International Michinoku Tsugaru shamisen Competion"
9,52,"b",1,0,"Piano","Audio-Visual","low-variance","San Marino Piano Competition"
9,53,"a",1,1,"Piano","Audio-Visual","low-variance","Van Cliburn International Piano Competition"
9,61,"a",1,1,"Piano","Audio-Visual","high-variance","San Marino Piano Competition"
9,51,"b",2,1,"Piano","Audio-Visual","low-variance","International Franz Liszt Piano Competition"
9,66,"b",2,1,"Tsugaru shamisen","Audio-Visual","high-variance","International Biwako Tsugaru shamisen Competion"
9,56,"b",1,0,"Tsugaru shamisen","Audio-Visual","low-variance","International Biwako Tsugaru shamisen Competion"
9,72,"a",2,0,"Violin","Audio-Visual","low-variance","Queen Elisabeth Competition"
9,60,"b",2,1,"Piano","Audio-Visual","high-variance","International Franz Liszt Piano Competition"
9,63,"a",1,1,"Piano","Audio-Visual","high-variance","International Franz Liszt Piano Competition"
9,59,"a",2,0,"Piano","Audio-Visual","high-variance","Van Cliburn International Piano Competition"
9,49,"a",1,1,"Piano","Audio-Visual","low-variance","Van Cliburn International Piano Competition"
9,58,"b",2,1,"Tsugaru shamisen","Audio-Visual","low-variance","International Hirosaki Tsugaru shamisen Competion"
9,69,"a",1,1,"Piano (additional)","Audio-Visual","low-variance","International Franz Liszt Piano Competition"
9,70,"a",1,1,"Piano (additional)","Audio-Visual","low-variance","Cleveland International Piano Competition"
9,64,"a",1,1,"Tsugaru shamisen","Audio-Visual","high-variance","International Michinoku Tsugaru shamisen Competion"
9,65,"a",1,1,"Tsugaru shamisen","Audio-Visual","high-variance","International Biwako Tsugaru shamisen Competion"
9,54,"a",1,1,"Tsugaru shamisen","Audio-Visual","low-variance","International Michinoku Tsugaru shamisen Competion"
9,67,"b",2,1,"Tsugaru shamisen","Audio-Visual","high-variance","International Hirosaki Tsugaru shamisen Competion"
9,71,"a",2,0,"Violin","Audio-Visual","low-variance","Joseph Joachim International Violin Competition Hannover"
9,62,"b",2,1,"Piano","Audio-Visual","high-variance","Van Cliburn International Piano Competition"
9,50,"a",1,1,"Piano","Audio-Visual","low-variance","International Franz Liszt Piano Competition"
9,68,"b",2,1,"Tsugaru shamisen","Audio-Visual","high-variance","International Hirosaki Tsugaru shamisen Competion"
