タイムスタンプ,メールアドレス,第1問　優勝者と思う演奏者を選択してください。,第2問　優勝者と思う演奏者を選択してください。,第3問　優勝者と思う演奏者を選択してください。,第4問　優勝者と思う演奏者を選択してください。,第5問　優勝者と思う演奏者を選択してください。,第6問　優勝者と思う演奏者を選択してください。,第7問　優勝者と思う演奏者を選択してください。,第8問　優勝者と思う演奏者を選択してください。,第9問　優勝者と思う演奏者を選択してください。,第10問　優勝者と思う演奏者を選択してください。,第11問　優勝者と思う演奏者を選択してください。,第12問　優勝者と思う演奏者を選択してください。,第13問　優勝者と思う演奏者を選択してください。,第14問　優勝者と思う演奏者を選択してください。,第15問　優勝者と思う演奏者を選択してください。,第16問　優勝者と思う演奏者を選択してください。,第17問　優勝者と思う演奏者を選択してください。,第18問　優勝者と思う演奏者を選択してください。,第19問　優勝者と思う演奏者を選択してください。,第20問　優勝者と思う演奏者を選択してください。,第21問　優勝者と思う演奏者を選択してください。,第22問　優勝者と思う演奏者を選択してください。,第23問　優勝者と思う演奏者を選択してください。,第24問　優勝者と思う演奏者を選択してください。,第25問　優勝者と思う演奏者を選択してください。,上記に表示された文字列をコピーして貼り付けてください（75文字）。,基本調査（１）：年齢（Age）,基本調査（２）：性別（Gender）,基本調査（３）：母国語（Native Tongue）,基本調査（４）：音楽経験歴 (How many years have you been playing music?),基本調査（５）：音楽経験がある方は、何の楽器を演奏していましたか。複数の楽器経験がある方は全て記入してください。 (What instruments have you played?),基本調査（６）：津軽三味線の演奏を聞いたことありますか。 (Have you ever heard Tsugaru shamisen sounds?),基本調査（７）：ピアノの演奏を聞いたことありますか。 (Have you ever heard Piano sounds?),基本調査（８）：津軽三味線の演奏を見たことありますか。 (Have you ever seen Tsugaru shamisen performances?),基本調査（９）：ピアノの演奏を見たことありますか。 (Have you ever seen Piano performances?),基本調査（１０）：津軽三味線大会の出場経験はありますか。 (Have you ever participated in Tsugaru shamisen competitions?),基本調査（１１）：ピアノ大会の出場経験はありますか。 (Have you ever participated in Piano competitions?),基本調査（１２）：その他の音楽大会の出場経験はありますか。 (Have you participated in any other competitions?),"基本調査（１３）：津軽三味線奏者の演奏を見聞きして、何をもって評価しましたか。 (When you watched and listened to the Tsugaru shamisen performances in our experiment, what did you rely on for the evaluation?)","基本調査（１４）：ピアノ奏者の演奏を見聞きして、何をもって評価しましたか。 (When you watched and listened to the Piano performances in our experiment, what did you rely on for the evaluation?)",基本調査（１５）あなたは音楽を評価する上で視覚情報と聴覚情報どちらが大切だと思いますか。（Which information do you think is more important in evaluating performance in music?）,実験に関してコメントがあればご記入ください。,データの利用,データ利用不可の理由,メール送信履歴,注意点,,
3/1/2022 21:19:20,,二人目の演奏,二人目の演奏,一人目の演奏,一人目の演奏,一人目の演奏,一人目の演奏,一人目の演奏,一人目の演奏,二人目の演奏,二人目の演奏,二人目の演奏,一人目の演奏,二人目の演奏,二人目の演奏,二人目の演奏,二人目の演奏,二人目の演奏,二人目の演奏,二人目の演奏,二人目の演奏,一人目の演奏,二人目の演奏,二人目の演奏,二人目の演奏,一人目の演奏,54a57b61b70b71a69a56a65a75a74a67b60a58b59a53a51b68b64a66b62b73a72b52a55a63b,24,男,日本語,なし,なし,ない,ある,ない,ない,ない,ない,ない,音の響き,派手さ,聴覚情報,,,,あり,,,
3/1/2022 21:51:04,,二人目の演奏,二人目の演奏,二人目の演奏,二人目の演奏,二人目の演奏,二人目の演奏,二人目の演奏,二人目の演奏,二人目の演奏,一人目の演奏,二人目の演奏,一人目の演奏,二人目の演奏,一人目の演奏,二人目の演奏,二人目の演奏,二人目の演奏,一人目の演奏,一人目の演奏,二人目の演奏,一人目の演奏,二人目の演奏,一人目の演奏,二人目の演奏,一人目の演奏,62b71a75b57a54b63a65b60b64b58a55a52b56b67b53a70b51a68a72b74a66b69b61a73b59b,22,男,日本語,5~9年,ピアノ,ない,ある,ない,ある,ない,ない,ない,聞き心地の良さ、演奏への態度,指使いのしなやかさ、聞き心地の良さ、演奏への態度,聴覚情報,,,,あり,,,
3/1/2022 23:11:38,,一人目の演奏,一人目の演奏,一人目の演奏,一人目の演奏,二人目の演奏,二人目の演奏,二人目の演奏,一人目の演奏,一人目の演奏,二人目の演奏,二人目の演奏,二人目の演奏,一人目の演奏,二人目の演奏,一人目の演奏,一人目の演奏,一人目の演奏,一人目の演奏,一人目の演奏,二人目の演奏,一人目の演奏,一人目の演奏,一人目の演奏,一人目の演奏,一人目の演奏,58b59a62b65b51a74a57a66a72a60a69a63b52a73a64a53b67b55a68a71a54a61b70b56a75a,20,男,日本語,なし,無し,ない,ない,ない,ない,ない,ない,ない,音に連続性があるか,音に連続性があるか,聴覚情報,,,,あり,,,
3/1/2022 23:16:01,,二人目の演奏,一人目の演奏,二人目の演奏,二人目の演奏,二人目の演奏,二人目の演奏,二人目の演奏,二人目の演奏,二人目の演奏,二人目の演奏,二人目の演奏,二人目の演奏,二人目の演奏,二人目の演奏,二人目の演奏,一人目の演奏,二人目の演奏,二人目の演奏,二人目の演奏,二人目の演奏,二人目の演奏,二人目の演奏,一人目の演奏,二人目の演奏,二人目の演奏,68a61a58b51b62b57a74a65b69b75b59b55a56b52b66a73a54b72a60a71b53b70a63a67a64a,19,男,日本語,なし,なし,ない,ない,ない,ない,ない,ない,ない,音の雰囲気,手元の動きと音の雰囲気,聴覚情報,,,,あり,,,
3/1/2022 23:22:32,,二人目の演奏,二人目の演奏,二人目の演奏,一人目の演奏,一人目の演奏,一人目の演奏,一人目の演奏,一人目の演奏,一人目の演奏,一人目の演奏,二人目の演奏,一人目の演奏,一人目の演奏,一人目の演奏,一人目の演奏,一人目の演奏,一人目の演奏,二人目の演奏,二人目の演奏,一人目の演奏,一人目の演奏,一人目の演奏,一人目の演奏,二人目の演奏,二人目の演奏,59a62b54a75b65b69b66b52b63a74b72a70b68a58a73b53a51a55a57a64b61a56a67a71b60b,19,男,日本語,なし,なし,ない,ない,ない,ない,ない,ない,ない,音の滑らかさ,曲の好み,聴覚情報,,,,あり,,,
3/1/2022 23:31:33,,二人目の演奏,二人目の演奏,二人目の演奏,一人目の演奏,二人目の演奏,一人目の演奏,二人目の演奏,一人目の演奏,一人目の演奏,一人目の演奏,一人目の演奏,二人目の演奏,二人目の演奏,二人目の演奏,二人目の演奏,二人目の演奏,二人目の演奏,一人目の演奏,一人目の演奏,二人目の演奏,一人目の演奏,二人目の演奏,二人目の演奏,二人目の演奏,二人目の演奏,55a54b51a67a53b66b62a73b74b72b69a58b64a52a60b75b59b57a71a65b63a56a70a68b61b,19,男,日本語,2~5年,ピアノ、ヴァイオリン,ない,ある,ない,ある,ない,ない,ない,音の雰囲気、手の動きの速さ,手の動き（主に手首の高さ）,視覚情報,,,Task2の実施時間が6分,あり,,,
3/1/2022 23:32:20,,二人目の演奏,一人目の演奏,二人目の演奏,二人目の演奏,二人目の演奏,一人目の演奏,一人目の演奏,一人目の演奏,二人目の演奏,一人目の演奏,一人目の演奏,一人目の演奏,二人目の演奏,二人目の演奏,一人目の演奏,一人目の演奏,二人目の演奏,二人目の演奏,一人目の演奏,二人目の演奏,一人目の演奏,二人目の演奏,二人目の演奏,一人目の演奏,一人目の演奏,64a60a74a51b70a68b54a65a63b55a72b57a73b71b61b66b59b69b67b52b53a75a58a62b56b,24,女,日本語,~2年,トランペット,ない,ある,ない,ある,ない,ない,ない,個々の音の強さ,演奏者の雰囲気,視覚情報,最後に正答率が出れば面白いなと感じました.,,,あり,,,
3/1/2022 23:39:48,,二人目の演奏,二人目の演奏,二人目の演奏,二人目の演奏,二人目の演奏,一人目の演奏,一人目の演奏,一人目の演奏,二人目の演奏,二人目の演奏,二人目の演奏,一人目の演奏,二人目の演奏,二人目の演奏,二人目の演奏,二人目の演奏,二人目の演奏,二人目の演奏,一人目の演奏,一人目の演奏,一人目の演奏,二人目の演奏,二人目の演奏,二人目の演奏,二人目の演奏,74a64a67a56a75a66a58b53b63a60a65a62a59a54a69a57a52a55a51a70a73a68a72b71b61b,22,女,日本語,10年以上,ピアノ・二胡,ある,ある,ない,ある,ない,ある,ない,弾いている姿勢と迫力,迫力,視覚情報,,,,あり,,,
3/2/2022 0:47:17,,一人目の演奏,一人目の演奏,二人目の演奏,二人目の演奏,一人目の演奏,一人目の演奏,一人目の演奏,一人目の演奏,二人目の演奏,一人目の演奏,二人目の演奏,一人目の演奏,一人目の演奏,一人目の演奏,二人目の演奏,一人目の演奏,一人目の演奏,一人目の演奏,二人目の演奏,一人目の演奏,二人目の演奏,一人目の演奏,一人目の演奏,一人目の演奏,一人目の演奏,69a66a71b56b54a65a67a74b51a64b73b60b75a72b68b53b55b59a63b62a58b61a52b70a57a,22,男,日本語,なし,なし,ない,ある,ない,ある,ない,ない,ない,滑らかさ,演奏のリズム感,聴覚情報,,,,あり,,,
3/2/2022 9:39:08,,一人目の演奏,一人目の演奏,一人目の演奏,一人目の演奏,二人目の演奏,二人目の演奏,二人目の演奏,二人目の演奏,二人目の演奏,一人目の演奏,一人目の演奏,二人目の演奏,二人目の演奏,二人目の演奏,二人目の演奏,一人目の演奏,一人目の演奏,二人目の演奏,二人目の演奏,一人目の演奏,一人目の演奏,二人目の演奏,二人目の演奏,二人目の演奏,一人目の演奏,66b57a69a59a70b74a54b53b62a73b67b65b68a51b60b55a58a63a72b56b61a75a52a71b64b,23,男,日本語,なし,なし,ない,ある,ない,ある,ない,ない,ない,音がどれだけ響いているか,どれだけ速く弾けるか,聴覚情報,,,,あり,,,
3/2/2022 10:30:51,,二人目の演奏,二人目の演奏,二人目の演奏,一人目の演奏,二人目の演奏,一人目の演奏,一人目の演奏,二人目の演奏,二人目の演奏,二人目の演奏,二人目の演奏,二人目の演奏,一人目の演奏,一人目の演奏,一人目の演奏,二人目の演奏,二人目の演奏,二人目の演奏,二人目の演奏,二人目の演奏,一人目の演奏,一人目の演奏,一人目の演奏,二人目の演奏,一人目の演奏,53b66b52a72b68a65b73b62b54a51b58b57a61a67a69a64b55a59a60b70a56a71a74a75a63b,19,女,日本語,~2年,ピアノ,ある,ある,ない,ある,ない,ない,ない,音の強弱、繊細さと迫力があるか,弾き手の感情、音の繊細さ、リズム,聴覚情報,,,,あり,,,
3/2/2022 11:43:53,,二人目の演奏,一人目の演奏,二人目の演奏,二人目の演奏,二人目の演奏,一人目の演奏,一人目の演奏,一人目の演奏,二人目の演奏,一人目の演奏,二人目の演奏,二人目の演奏,二人目の演奏,一人目の演奏,二人目の演奏,二人目の演奏,二人目の演奏,二人目の演奏,二人目の演奏,二人目の演奏,一人目の演奏,二人目の演奏,二人目の演奏,一人目の演奏,二人目の演奏,67b54a58a69b61a63a55a52b68b71a62b73b51a56b60b53a64a66b57a75a59a72a70b65a74b,47,女,日本語,10年以上,アコーディオン、津軽三味線,ある,ある,ある,ある,ない,ない,ある,撥の動き、音の緩急が大きい,メリハリ,聴覚情報,歌唱でも、おなじ実験が見てみたい。,,,あり,,,
3/2/2022 11:55:46,,二人目の演奏,二人目の演奏,二人目の演奏,一人目の演奏,二人目の演奏,二人目の演奏,二人目の演奏,二人目の演奏,二人目の演奏,一人目の演奏,一人目の演奏,二人目の演奏,一人目の演奏,二人目の演奏,一人目の演奏,二人目の演奏,一人目の演奏,二人目の演奏,二人目の演奏,一人目の演奏,一人目の演奏,一人目の演奏,二人目の演奏,二人目の演奏,二人目の演奏,73a63b54b61b59a75b69b51a55b74a67b62b56b60a52a71a53b65a64b66a68b72a58b70b57b,22,男,日本語,~2年,ピアノ、バイオリンそれぞれ1年程度,ない,ある,ない,ある,ない,ない,ない,音が響いているか、指遣いが滑らかかどうか、無駄な肩の力が抜けているかどうか,音が響いているか、感情の表現が体でできているかどうか,聴覚情報,2回目の実験の15個目の映像が流れなかったので1人目を選択して次に進みました。,不可,動画の不具合,あり,,,
3/2/2022 12:49:35,,一人目の演奏,二人目の演奏,一人目の演奏,一人目の演奏,一人目の演奏,二人目の演奏,二人目の演奏,二人目の演奏,二人目の演奏,一人目の演奏,二人目の演奏,一人目の演奏,二人目の演奏,二人目の演奏,一人目の演奏,二人目の演奏,二人目の演奏,二人目の演奏,二人目の演奏,一人目の演奏,二人目の演奏,一人目の演奏,二人目の演奏,二人目の演奏,二人目の演奏,52b51b55a64a68a66b63b61b70b65a62b69b60a75a58a59a73a56b54b71a53b74b72a67b57b,52,女,日本語,10年以上,ピアノ・吹奏楽で打楽器全般（スネア・バス・シンバル・ティンパニなど）,ある,ある,ある,ある,ない,ない,ない,非常に難しいですが音の深みでしょうか？,より情熱を感じた方にしました。,聴覚情報,,,,あり,,,
3/2/2022 14:07:00,,二人目の演奏,二人目の演奏,一人目の演奏,一人目の演奏,一人目の演奏,二人目の演奏,一人目の演奏,二人目の演奏,一人目の演奏,二人目の演奏,一人目の演奏,一人目の演奏,一人目の演奏,二人目の演奏,二人目の演奏,一人目の演奏,一人目の演奏,一人目の演奏,一人目の演奏,二人目の演奏,一人目の演奏,二人目の演奏,二人目の演奏,一人目の演奏,二人目の演奏,58b54a53b69a71a55b56a62b67b68b59b51a63a60a52a66a61a74b70b72a57b73b75b64b65a,20,男,日本語,なし,なし,ある,ある,ある,ある,ない,ない,ない,手をあまり見ずに堂々と演奏しているところ、音の細かさ、左手をスライドさせるなどのテクニック,演奏して難しそうかどうか、体全体で表現しているかどうか,聴覚情報,,,,あり,,,
3/2/2022 14:40:49,,一人目の演奏,一人目の演奏,一人目の演奏,一人目の演奏,一人目の演奏,二人目の演奏,一人目の演奏,一人目の演奏,二人目の演奏,二人目の演奏,二人目の演奏,一人目の演奏,二人目の演奏,二人目の演奏,二人目の演奏,二人目の演奏,二人目の演奏,二人目の演奏,二人目の演奏,二人目の演奏,一人目の演奏,一人目の演奏,二人目の演奏,二人目の演奏,二人目の演奏,61a51a57b69a66a59b55a53b71b65b52b72b73a58b68b62b74b63b56a54b75b60a70a64b67b,25,女,日本語,10年以上,ピアノ,ない,ある,ない,ある,ない,ある,ある,視線、表情,強弱、手の使い方、視線、表情、曲調,聴覚情報,このような実験に参加したのは初めてだったので、面白かった。,,,あり,,,
3/2/2022 15:39:01,,二人目の演奏,二人目の演奏,一人目の演奏,二人目の演奏,二人目の演奏,二人目の演奏,一人目の演奏,二人目の演奏,二人目の演奏,二人目の演奏,一人目の演奏,二人目の演奏,二人目の演奏,二人目の演奏,二人目の演奏,二人目の演奏,一人目の演奏,二人目の演奏,二人目の演奏,一人目の演奏,二人目の演奏,二人目の演奏,一人目の演奏,二人目の演奏,二人目の演奏,72a56b69b67b54b52b73a71a61b63b68a55b75b64a66b57a58a53a70b74b51b60a65a62a59a,21,女,日本語,2~5年,ピアノ・フルート,ある,ある,ある,ある,ない,ない,ある,演奏者の勇ましさ・音の抑揚,表現力・技術,聴覚情報,,,,あり,,,
3/2/2022 15:45:03,,二人目の演奏,二人目の演奏,二人目の演奏,二人目の演奏,一人目の演奏,一人目の演奏,一人目の演奏,一人目の演奏,二人目の演奏,二人目の演奏,一人目の演奏,一人目の演奏,二人目の演奏,二人目の演奏,二人目の演奏,二人目の演奏,一人目の演奏,二人目の演奏,一人目の演奏,二人目の演奏,一人目の演奏,一人目の演奏,二人目の演奏,二人目の演奏,一人目の演奏,59a57a58b71b55b69a54b64a65b74a67a72b73a75b53a62a56a61a68a63a51b70a66b52a60a,36,女,日本語,10年以上,ピアノ、チェロ,ある,ある,ある,ある,ない,ない,ある,音の細やかさ（トリルみたいなもの）が美しいか。,音色の違い、美しさ。,聴覚情報,音なしで視覚だけで見ていて「この人は姿勢がいいな」とか「勢いがあるな」と感じ、目から得る情報は多いなと思いました。しかし、やっぱり大事なのは「出てくる音」だなと感じました。,,,あり,,,
3/2/2022 17:55:56,,一人目の演奏,二人目の演奏,一人目の演奏,二人目の演奏,一人目の演奏,二人目の演奏,一人目の演奏,一人目の演奏,二人目の演奏,一人目の演奏,二人目の演奏,二人目の演奏,一人目の演奏,一人目の演奏,二人目の演奏,二人目の演奏,二人目の演奏,二人目の演奏,一人目の演奏,一人目の演奏,二人目の演奏,二人目の演奏,一人目の演奏,一人目の演奏,二人目の演奏,73b68b75b52b63a69a71a70b59a55b51a62b64a53b60a58a67b65b61a57b72a54b66a74b56a,39,女,日本語,なし,なし,ない,ない,ある,ある,ない,ない,ない,音の区切り方と手の動き,音の区切りと手の動き,聴覚情報,,,,あり,,,
3/2/2022 18:04:46,,一人目の演奏,二人目の演奏,一人目の演奏,一人目の演奏,二人目の演奏,二人目の演奏,二人目の演奏,二人目の演奏,二人目の演奏,一人目の演奏,二人目の演奏,一人目の演奏,二人目の演奏,二人目の演奏,二人目の演奏,二人目の演奏,二人目の演奏,一人目の演奏,二人目の演奏,一人目の演奏,二人目の演奏,二人目の演奏,二人目の演奏,二人目の演奏,二人目の演奏,68a55a67a51a70a52b73a72a63b65b66b58b75b69a62a61b57b56a53a59b60a71b74a54a64a,32,男,日本語,10年以上,アコースティックギター,ある,ある,ある,ある,ない,ない,ある,リズム感と音の好みを重視して聴き評価しました。映像だけではどれだけ楽器を見ずに演奏しているかで評価しました。,手数の多さと音の好みを重視して聴き評価しました。映像だけでは顔色を見て評価しました。,聴覚情報,映像だけだとかなり区別がつきにくいと思いました。そういった意味で聴覚が判断基準だと思いました。,,,あり,,,
3/2/2022 20:36:48,,二人目の演奏,一人目の演奏,一人目の演奏,二人目の演奏,一人目の演奏,二人目の演奏,二人目の演奏,二人目の演奏,一人目の演奏,二人目の演奏,一人目の演奏,二人目の演奏,二人目の演奏,一人目の演奏,二人目の演奏,二人目の演奏,一人目の演奏,二人目の演奏,一人目の演奏,一人目の演奏,二人目の演奏,一人目の演奏,二人目の演奏,一人目の演奏,二人目の演奏,54b61a75b66a52b71b65a70a74b67a51a63b60b64a73a53a55b57a62b58a68b72b56b59a69a,22,女,日本語,~2年,ピアノ,ない,ある,ない,ある,ない,ない,ない,演奏者の視線,指の動きと足,聴覚情報,,不可,Task2の実施時間が4分,あり,,,
3/2/2022 21:50:53,,二人目の演奏,一人目の演奏,二人目の演奏,一人目の演奏,二人目の演奏,一人目の演奏,二人目の演奏,一人目の演奏,二人目の演奏,二人目の演奏,一人目の演奏,二人目の演奏,二人目の演奏,一人目の演奏,一人目の演奏,二人目の演奏,一人目の演奏,二人目の演奏,二人目の演奏,一人目の演奏,一人目の演奏,二人目の演奏,二人目の演奏,二人目の演奏,一人目の演奏,59a63b64b72b51b68a52a57b70a62b67b56b71b66a54a53b55a74a69a75a60a61b58b65a73a,20,男,日本語,10年以上,合唱,ない,ある,ない,ある,ない,ない,ある,姿勢、音の力強さ,動きのしなやかさ、細かな音符のさばき方,聴覚情報,,,,あり,,,
3/2/2022 22:59:57,,二人目の演奏,一人目の演奏,一人目の演奏,一人目の演奏,二人目の演奏,一人目の演奏,一人目の演奏,二人目の演奏,二人目の演奏,二人目の演奏,二人目の演奏,二人目の演奏,一人目の演奏,一人目の演奏,一人目の演奏,二人目の演奏,二人目の演奏,二人目の演奏,一人目の演奏,一人目の演奏,二人目の演奏,二人目の演奏,一人目の演奏,二人目の演奏,二人目の演奏,55a75b73b74b62b51a59b72a52b63b61b58b71b65b54b53a67b60b64b68b57a69a70a56a66a,23,女,日本語,~2年,ピアノ,ない,ある,ない,ある,ない,ない,ない,音の響き,曲が難しそうかどうか,聴覚情報,楽しかったです,,,あり,,,
3/3/2022 9:43:01,,一人目の演奏,二人目の演奏,二人目の演奏,一人目の演奏,一人目の演奏,二人目の演奏,二人目の演奏,二人目の演奏,二人目の演奏,一人目の演奏,二人目の演奏,二人目の演奏,二人目の演奏,一人目の演奏,一人目の演奏,二人目の演奏,二人目の演奏,二人目の演奏,二人目の演奏,二人目の演奏,二人目の演奏,二人目の演奏,二人目の演奏,二人目の演奏,一人目の演奏,64b69b72a68a60a62b70b54b55a74b67a56a53a58a61b63b75a51a65b59b57a52a71b66a73b,22,男,日本語,なし,なし,ない,ある,ない,ある,ない,ない,ない,好きかどうか,好きかどうか,聴覚情報,,,,あり,,,
3/3/2022 12:59:25,,一人目の演奏,二人目の演奏,二人目の演奏,一人目の演奏,二人目の演奏,二人目の演奏,二人目の演奏,一人目の演奏,二人目の演奏,一人目の演奏,二人目の演奏,一人目の演奏,二人目の演奏,一人目の演奏,一人目の演奏,一人目の演奏,一人目の演奏,二人目の演奏,一人目の演奏,一人目の演奏,一人目の演奏,一人目の演奏,一人目の演奏,一人目の演奏,一人目の演奏,63a62b74a59b57a71b58a67b61b53a75a51a68a69a73b56a66a54b72a52a64a60b70b65a55a,42,女,日本語,~2年,ピアノ、バイオリン,ある,ある,ある,ない,ない,ない,ない,音の強弱、響き、音階の変化、音割れ、指運び,音の強弱、音の滑らかさ、聴いた時の心地よさ,聴覚情報,こういった実験は初めて受けたのですが不思議な感覚と謎解きのようでもあってとても楽しかったです。,,,あり,Task1のdataなし,,
3/3/2022 17:52:52,,二人目の演奏,二人目の演奏,二人目の演奏,二人目の演奏,二人目の演奏,一人目の演奏,二人目の演奏,一人目の演奏,二人目の演奏,二人目の演奏,二人目の演奏,一人目の演奏,二人目の演奏,二人目の演奏,二人目の演奏,二人目の演奏,二人目の演奏,二人目の演奏,二人目の演奏,一人目の演奏,二人目の演奏,二人目の演奏,二人目の演奏,二人目の演奏,二人目の演奏,69b57a71b66b60a72b61b55b65a73a54b67a56b51a63b52a74a70b68b58a64b75b62a53b59b,31,女,日本語,10年以上,ピアノ、パーカッション、アイリッシュハープ,ある,ある,ある,ある,ない,ない,ある,音色,音の粒が揃っているか,聴覚情報,興味深かったです,,,あり,,,
3/3/2022 18:50:08,,二人目の演奏,二人目の演奏,一人目の演奏,二人目の演奏,一人目の演奏,二人目の演奏,一人目の演奏,二人目の演奏,一人目の演奏,二人目の演奏,二人目の演奏,二人目の演奏,一人目の演奏,二人目の演奏,二人目の演奏,二人目の演奏,二人目の演奏,一人目の演奏,一人目の演奏,一人目の演奏,一人目の演奏,二人目の演奏,二人目の演奏,二人目の演奏,一人目の演奏,71b66b75b55b59a64a53b74b56b60a69b61a70a65a58b72a51a73a52b54a67a57a63a68b62b,24,女,日本語,10年以上,津軽三味線,ある,ある,ある,ある,ある,ない,ない,音の芯、好きなフレーズ,好きなフレーズ、感情を込めてるように感じる演奏の仕方,聴覚情報,,,,あり,,,
3/3/2022 21:08:41,,二人目の演奏,一人目の演奏,一人目の演奏,一人目の演奏,一人目の演奏,一人目の演奏,二人目の演奏,二人目の演奏,二人目の演奏,一人目の演奏,二人目の演奏,一人目の演奏,一人目の演奏,二人目の演奏,二人目の演奏,一人目の演奏,二人目の演奏,二人目の演奏,一人目の演奏,二人目の演奏,一人目の演奏,一人目の演奏,二人目の演奏,二人目の演奏,一人目の演奏,72a75b57b74a55a62a60a58b66b64b59b53b54b61b68b52b63a56b70a73b71a69a51a67b65a,20,男,日本語,2~5年,ピアノ,ある,ある,ある,ある,ない,ない,ない,音の聞き取りやすさ,音の滑らかさ,聴覚情報,,,,あり,,,
3/3/2022 22:39:03,,一人目の演奏,二人目の演奏,二人目の演奏,二人目の演奏,一人目の演奏,一人目の演奏,二人目の演奏,一人目の演奏,二人目の演奏,二人目の演奏,二人目の演奏,二人目の演奏,二人目の演奏,二人目の演奏,一人目の演奏,一人目の演奏,一人目の演奏,一人目の演奏,二人目の演奏,一人目の演奏,二人目の演奏,二人目の演奏,二人目の演奏,二人目の演奏,二人目の演奏,73b70b52a75b71a62a51b64b56a72a68b53b54a66b60a69b57a63a59b74b67b65a61b55a58b,24,男,日本語,2~5年,ピアノ,ない,ある,ない,ある,ない,ない,ない,雰囲気・音,雰囲気,聴覚情報,,,,あり,,,
3/4/2022 15:00:40,,一人目の演奏,二人目の演奏,二人目の演奏,一人目の演奏,二人目の演奏,一人目の演奏,二人目の演奏,一人目の演奏,二人目の演奏,一人目の演奏,一人目の演奏,二人目の演奏,一人目の演奏,二人目の演奏,二人目の演奏,二人目の演奏,一人目の演奏,二人目の演奏,二人目の演奏,二人目の演奏,二人目の演奏,二人目の演奏,一人目の演奏,一人目の演奏,二人目の演奏,52b72a73a59a68b65b60b71a66b70b69b61b74b54b67b63a75b56b58b55b64a57b51a62a53b,49,女,日本語,5~9年,筝、ウクレレ,ある,ある,ない,ない,ない,ない,ない,左右とも動かす手をあまり見ないで自然に弾いている人、テンポの速い曲はうまい人に感じる,全ての人がきれいな装いで演奏していて、すべてうまい人に見えるが、テンポの速い演奏は特にうまく情熱的に感じた,聴覚情報,とてもおもしろい実験だと思いました。こっちかと思いきやこっちが優勝者だったか！という意外性がきっとあるのだろうなと感じました。ビジュアルオンリーの人でうまそうに見えなかった人でも、音を聴いたらすごくうまかったですし、私たちは、ある感覚（人によって癖があって、ある感覚よりも優位な別の感覚）にとらわれて思い込みのようなもので判断していることが多いのではないかと思いました。辻井さんの映像も出てきたので、悩まず優勝者にしました。この研究成果も是非拝見したいです。頑張ってください。,,,あり,,,
3/4/2022 22:36:16,,二人目の演奏,二人目の演奏,二人目の演奏,二人目の演奏,一人目の演奏,二人目の演奏,二人目の演奏,一人目の演奏,一人目の演奏,一人目の演奏,二人目の演奏,一人目の演奏,二人目の演奏,一人目の演奏,二人目の演奏,一人目の演奏,二人目の演奏,二人目の演奏,一人目の演奏,一人目の演奏,一人目の演奏,二人目の演奏,二人目の演奏,二人目の演奏,二人目の演奏,75b60b53a56b61a69b57b55b58b64b62a71a66b67a74a54b59a65b63a73b72a51b52b70b68b,25,女,日本語,5~9年,箏,ない,ある,ない,ある,ない,ない,ある,音、手の綺麗さ,姿勢,視覚情報,大会だと思い評価する際は手法の綺麗さなど、視覚情報からの判断も割合が大きくなるように思う。,,,あり,Task1のdata利用不可,,
3/5/2022 1:42:55,,一人目の演奏,一人目の演奏,二人目の演奏,二人目の演奏,二人目の演奏,二人目の演奏,一人目の演奏,一人目の演奏,一人目の演奏,一人目の演奏,二人目の演奏,一人目の演奏,二人目の演奏,二人目の演奏,二人目の演奏,二人目の演奏,二人目の演奏,二人目の演奏,一人目の演奏,二人目の演奏,二人目の演奏,二人目の演奏,二人目の演奏,二人目の演奏,二人目の演奏,70a60a66a52a63b73b65a58b71b67b61b64b55a69b75a54a72a53a57a74a51b59a56b68b62b,19,女,日本語,~2年,ピアノ,ない,ある,ない,ある,ない,ない,ない,姿勢がまっすぐな人と、目線が楽器じゃなくて周囲を見る余裕のある人が上手な人だと思いました,肩の揺れが少ないほうが無駄な動きがなくて上手そうと判断しました。,視覚情報,,,,あり,,,
3/5/2022 13:20:46,,一人目の演奏,一人目の演奏,一人目の演奏,二人目の演奏,一人目の演奏,二人目の演奏,二人目の演奏,二人目の演奏,二人目の演奏,二人目の演奏,二人目の演奏,二人目の演奏,一人目の演奏,二人目の演奏,一人目の演奏,一人目の演奏,一人目の演奏,二人目の演奏,二人目の演奏,二人目の演奏,一人目の演奏,二人目の演奏,一人目の演奏,二人目の演奏,二人目の演奏,71a60a55a67a61a63a58b66b65a62b75a70b59b74b56a69a68b52b73a53b57b51b54a64b72b,44,女,日本語,5~9年,ピアノ,ある,ある,ある,ある,ない,ある,ない,音、演奏時の姿勢、指の動きなど,音、演奏時の指など,聴覚情報,このような実験は初参加ですが、比較していてわからなくなる部分もあり、何度か再生しなおしてみたが難しかった。,,,あり,,,
3/5/2022 14:44:33,,二人目の演奏,一人目の演奏,二人目の演奏,一人目の演奏,二人目の演奏,二人目の演奏,二人目の演奏,二人目の演奏,二人目の演奏,二人目の演奏,二人目の演奏,二人目の演奏,二人目の演奏,二人目の演奏,二人目の演奏,一人目の演奏,一人目の演奏,二人目の演奏,一人目の演奏,一人目の演奏,二人目の演奏,二人目の演奏,二人目の演奏,二人目の演奏,一人目の演奏,56b70a68b71a60b55a57a67a69b74a63b65a61a53b64a62b58a66b73a72b54b75b59b51b52b,31,男,日本語,なし,なし,ない,ある,ない,ある,ない,ない,ない,切れのある感じや、音がたわんでいないか。,直感的に脳が揺さぶられるようなものがあるか,聴覚情報,二人の演奏者の音質事態に差があると本来の音とのブレ？のようなものを感じ評価がしにくかったです。,,,あり,,,
3/5/2022 23:43:59,,二人目の演奏,二人目の演奏,二人目の演奏,二人目の演奏,一人目の演奏,一人目の演奏,一人目の演奏,一人目の演奏,二人目の演奏,二人目の演奏,二人目の演奏,一人目の演奏,一人目の演奏,二人目の演奏,二人目の演奏,二人目の演奏,一人目の演奏,二人目の演奏,二人目の演奏,一人目の演奏,二人目の演奏,一人目の演奏,二人目の演奏,二人目の演奏,二人目の演奏,67b60b65a52a74b62a66a57a53b73b54a56a69a51a68b58b75b63a59b71a55a72b70b64a61b,23,男,日本語,2~5年,津軽三味線,ある,ある,ある,ある,ない,ない,ない,音の迫力、音の正確性、姿勢,音が粒立って聞こえるかどうか,聴覚情報,,,,あり,,,
3/6/2022 13:13:36,,一人目の演奏,一人目の演奏,一人目の演奏,一人目の演奏,二人目の演奏,二人目の演奏,二人目の演奏,二人目の演奏,二人目の演奏,二人目の演奏,二人目の演奏,一人目の演奏,二人目の演奏,二人目の演奏,二人目の演奏,二人目の演奏,一人目の演奏,一人目の演奏,二人目の演奏,二人目の演奏,二人目の演奏,二人目の演奏,一人目の演奏,一人目の演奏,二人目の演奏,71a63a51b68a60a73a61b66b53b74b52a59a56a69b62b64b70a72a57b55b54b67b65b58a75b,23,男,日本語,10年以上,ピアノ,ある,ある,ある,ある,ない,ない,ない,リズムの揃い方、音の強弱,正確さと響き方の好み,聴覚情報,ポップアップが毎回出るのが少し煩わしい。注意事項はページに記載しておけばいいと思うので、わざわざクリックする手間は省いて欲しい。,,,あり,,,
3/6/2022 18:42:02,,一人目の演奏,二人目の演奏,一人目の演奏,一人目の演奏,一人目の演奏,二人目の演奏,二人目の演奏,二人目の演奏,一人目の演奏,一人目の演奏,二人目の演奏,一人目の演奏,二人目の演奏,二人目の演奏,二人目の演奏,二人目の演奏,一人目の演奏,二人目の演奏,二人目の演奏,一人目の演奏,一人目の演奏,一人目の演奏,二人目の演奏,二人目の演奏,一人目の演奏,68a69a70a58a63a65b60b59b71a57b64a55a75b73b56b62b72b52a66b74a54b61a67b51b53b,23,男,日本語,10年以上,ピアノ,ある,ある,ある,ある,ない,ない,ない,バチの動き、弦を押さえる指の動き,体の動き、指の動き,視覚情報,正誤は別として、優勝者の判断はあまり根拠を持てなかったので、大変難しかったです。,,,あり,,,
3/6/2022 21:08:24,,一人目の演奏,二人目の演奏,一人目の演奏,一人目の演奏,一人目の演奏,二人目の演奏,二人目の演奏,二人目の演奏,二人目の演奏,一人目の演奏,一人目の演奏,二人目の演奏,二人目の演奏,一人目の演奏,一人目の演奏,二人目の演奏,二人目の演奏,一人目の演奏,二人目の演奏,二人目の演奏,二人目の演奏,一人目の演奏,二人目の演奏,一人目の演奏,二人目の演奏,50b13a25a4a17a43a2a48b14a32a45b40a38b16a12a35a42b28a49b46a19a3b47b7a1a20b31a15a24a10a6a23a5b37b36b26a41a27a33b11a29b18b22b44a21b34b9a39b8b30a,35,女,日本語,~2年,ピアノ、三味線,ある,ある,ある,ある,ない,ない,ない,音のキレ、撥使い、姿勢,姿勢,聴覚情報,,,,あり,,,
3/7/2022 10:14:35,,一人目の演奏,二人目の演奏,二人目の演奏,一人目の演奏,二人目の演奏,二人目の演奏,二人目の演奏,一人目の演奏,二人目の演奏,二人目の演奏,二人目の演奏,一人目の演奏,二人目の演奏,二人目の演奏,二人目の演奏,二人目の演奏,二人目の演奏,一人目の演奏,一人目の演奏,一人目の演奏,一人目の演奏,二人目の演奏,二人目の演奏,二人目の演奏,一人目の演奏,51a53a56b69b74a55a57b52b59a58b67a70a68b65b73b60b54a61a66b72b62a75a64a63a71b,23,女,日本語,10年以上,ピアノ、打楽器,ある,ある,ある,ある,ない,ない,ある,音の力強さや繊細さ、演奏者の姿勢,音の力強さや繊細さ,聴覚情報,,,,あり,,,
3/7/2022 10:41:36,,一人目の演奏,二人目の演奏,二人目の演奏,二人目の演奏,一人目の演奏,二人目の演奏,二人目の演奏,一人目の演奏,一人目の演奏,一人目の演奏,二人目の演奏,二人目の演奏,二人目の演奏,一人目の演奏,一人目の演奏,二人目の演奏,二人目の演奏,二人目の演奏,二人目の演奏,二人目の演奏,二人目の演奏,一人目の演奏,二人目の演奏,一人目の演奏,二人目の演奏,64b66b55a65a63a75a71a68a59a74b58a62a51a67a70a56a57b53a60b69b73b72b61a54b52b,21,男,日本語,10年以上,ピアノ、ウクレレ、ギター,ある,ある,ある,ある,ない,ない,ある,面に当たるバチの音の音圧、強弱,強弱、テンポ感、ミスタッチらしき音のの有無,聴覚情報,,,,あり,Task1のdataなし,,
3/7/2022 17:40:12,,二人目の演奏,一人目の演奏,二人目の演奏,二人目の演奏,二人目の演奏,二人目の演奏,二人目の演奏,二人目の演奏,二人目の演奏,二人目の演奏,一人目の演奏,二人目の演奏,二人目の演奏,二人目の演奏,一人目の演奏,二人目の演奏,二人目の演奏,二人目の演奏,一人目の演奏,一人目の演奏,一人目の演奏,一人目の演奏,一人目の演奏,一人目の演奏,二人目の演奏,63a53b74a56a68b66b60b61b52a59b69a72a65a58b67a57a55b73b70a71b75a54b64a51a62a,18,女,日本語,2~5年,ピアノ、篠笛,ある,ある,ある,ある,ない,ない,ある,撥さばきや指運びの滑らかさ、音の鮮明さ,曲ごとの雰囲気,聴覚情報,,,,あり,Task1のdataなし,,
3/7/2022 19:55:16,,一人目の演奏,二人目の演奏,二人目の演奏,二人目の演奏,一人目の演奏,二人目の演奏,一人目の演奏,二人目の演奏,一人目の演奏,一人目の演奏,二人目の演奏,二人目の演奏,二人目の演奏,一人目の演奏,二人目の演奏,一人目の演奏,一人目の演奏,一人目の演奏,二人目の演奏,一人目の演奏,二人目の演奏,二人目の演奏,一人目の演奏,一人目の演奏,二人目の演奏,57b63a56a69b51b65a73b60a62a71a68a59a72a61a66a52a74a75b64a54a58b70a55a53b67b,22,女,日本語,10年以上,ピアノ,ない,ある,ない,ある,ない,ある,ない,きもちがのっているかどうか,気持ちが乗っているかどうか、無駄な動きが無いか,聴覚情報,特になし,,,あり,,,
3/8/2022 12:59:30,,一人目の演奏,一人目の演奏,二人目の演奏,二人目の演奏,一人目の演奏,一人目の演奏,二人目の演奏,二人目の演奏,二人目の演奏,一人目の演奏,一人目の演奏,二人目の演奏,二人目の演奏,二人目の演奏,一人目の演奏,一人目の演奏,一人目の演奏,二人目の演奏,一人目の演奏,二人目の演奏,一人目の演奏,一人目の演奏,一人目の演奏,二人目の演奏,二人目の演奏,60b67a54b69b63a65b59a68b66a55b56a62b61b52b64a51b72a70b75a71b73a74a58a57a53a,20,男,日本語,2~5年,ギター,ない,ある,ない,ある,ない,ない,ない,安定しているかどうか,安定しているかどうか,聴覚情報,楽しかったです,,,あり,,,
3/8/2022 14:43:07,,一人目の演奏,二人目の演奏,二人目の演奏,二人目の演奏,二人目の演奏,二人目の演奏,二人目の演奏,一人目の演奏,二人目の演奏,二人目の演奏,一人目の演奏,二人目の演奏,二人目の演奏,一人目の演奏,二人目の演奏,二人目の演奏,一人目の演奏,二人目の演奏,一人目の演奏,二人目の演奏,二人目の演奏,二人目の演奏,一人目の演奏,二人目の演奏,二人目の演奏,69a54b57a56b63a65b72a68a71b73b70a74a53b60a64b51b67a52a75b66b58b62b59a55b61b,52,女,日本語,5~9年,ピアノ,ない,ある,ない,ある,ない,ない,ない,腕の動かし方が速さ,演奏者の表情,聴覚情報,,,,あり,,,
3/8/2022 15:21:41,,二人目の演奏,二人目の演奏,二人目の演奏,二人目の演奏,二人目の演奏,二人目の演奏,一人目の演奏,一人目の演奏,一人目の演奏,一人目の演奏,一人目の演奏,二人目の演奏,二人目の演奏,一人目の演奏,二人目の演奏,二人目の演奏,一人目の演奏,一人目の演奏,一人目の演奏,一人目の演奏,二人目の演奏,二人目の演奏,一人目の演奏,一人目の演奏,二人目の演奏,74b59b52a70a51a55a64a62b63a60b69b58b73a54a66a56b65b68a71b67a57a61a72b53a75b,20,男,日本語,~2年,guiter,ない,ある,ある,ある,ない,ない,ない,粒がそろっているか,落ち着いているか,視覚情報,,不可,44と同一人物,あり,,,
3/8/2022 16:29:31,,二人目の演奏,一人目の演奏,一人目の演奏,一人目の演奏,一人目の演奏,二人目の演奏,一人目の演奏,二人目の演奏,二人目の演奏,二人目の演奏,二人目の演奏,二人目の演奏,一人目の演奏,二人目の演奏,一人目の演奏,二人目の演奏,二人目の演奏,一人目の演奏,二人目の演奏,一人目の演奏,一人目の演奏,二人目の演奏,一人目の演奏,二人目の演奏,一人目の演奏,61a58a60a52b68a66b64a73b51a72a54a71b55b63b70a53b65b74b57b67a69a56a62b59a75b,21,女,日本語,10年以上,ピアノ,ある,ある,ない,ある,ない,ない,ない,雑音の少なさ,抑揚のつけ方,聴覚情報,,,,あり,,,
3/9/2022 11:31:23,,二人目の演奏,一人目の演奏,一人目の演奏,二人目の演奏,一人目の演奏,一人目の演奏,二人目の演奏,二人目の演奏,一人目の演奏,一人目の演奏,一人目の演奏,二人目の演奏,二人目の演奏,二人目の演奏,二人目の演奏,一人目の演奏,二人目の演奏,二人目の演奏,二人目の演奏,二人目の演奏,一人目の演奏,二人目の演奏,一人目の演奏,二人目の演奏,二人目の演奏,68b66a63a60b59b54a57a70b61a75b67b53a72a52a55b73a64b65b56b62b51a58b69b74a71b,21,女,日本語,なし,なし,ある,ある,ない,ある,ない,ない,ない,音の抑揚、姿勢,抑揚、手の動き、なめらかさ,聴覚情報,日常的に津軽三味線やピアノを見聞きする機会は少ないので、非常におもしろかったです。視覚のみあるいは聴覚のみと、視覚＋聴覚とでは印象が違いました。,,,あり,,,
3/9/2022 14:20:40,,二人目の演奏,二人目の演奏,一人目の演奏,一人目の演奏,二人目の演奏,一人目の演奏,一人目の演奏,二人目の演奏,一人目の演奏,二人目の演奏,一人目の演奏,二人目の演奏,二人目の演奏,二人目の演奏,二人目の演奏,一人目の演奏,二人目の演奏,一人目の演奏,二人目の演奏,二人目の演奏,二人目の演奏,二人目の演奏,一人目の演奏,一人目の演奏,二人目の演奏,55a63b59a58a56b51b67b53b72b57a69a61a54b68b60b52a70a62a75b71a66a74b73a65b64b,28,女,日本語,なし,なし,ある,ある,ある,ある,ない,ない,ない,音の幅のようなものを重視した,音のキレを重視した,聴覚情報,,,,あり,,,
3/9/2022 15:08:05,,二人目の演奏,二人目の演奏,二人目の演奏,二人目の演奏,二人目の演奏,二人目の演奏,二人目の演奏,二人目の演奏,二人目の演奏,二人目の演奏,二人目の演奏,二人目の演奏,二人目の演奏,一人目の演奏,二人目の演奏,二人目の演奏,二人目の演奏,二人目の演奏,二人目の演奏,二人目の演奏,二人目の演奏,二人目の演奏,二人目の演奏,一人目の演奏,二人目の演奏,74a65b58b57b60a63a67b75b51a73b61b55a62b64b70a68b54a56b66b53a52b72a71b69a59a,１９,男,日本語,2~5年,ピアノ,ある,ある,ある,ある,ない,ない,ない,音のキレ,指の動きの滑らかさ,聴覚情報,,,,あり,,,
3/9/2022 17:44:31,,一人目の演奏,二人目の演奏,二人目の演奏,一人目の演奏,二人目の演奏,一人目の演奏,二人目の演奏,一人目の演奏,二人目の演奏,一人目の演奏,一人目の演奏,二人目の演奏,一人目の演奏,二人目の演奏,一人目の演奏,一人目の演奏,二人目の演奏,一人目の演奏,二人目の演奏,二人目の演奏,二人目の演奏,二人目の演奏,二人目の演奏,二人目の演奏,一人目の演奏,67a61b73b68a52a55a51a69a59b58a70b74a60a53b75a54a72b64a62b57a63b65b66a71b56a,45,女,日本語,10年以上,ピアノ,ない,ある,ない,ある,ない,ない,ない,音の響き,音の響き、なめらかさ。,視覚情報,判断が難しかったです。疲れました。,,,あり,,,
3/10/2022 16:46:17,,二人目の演奏,二人目の演奏,一人目の演奏,二人目の演奏,二人目の演奏,一人目の演奏,一人目の演奏,二人目の演奏,一人目の演奏,二人目の演奏,二人目の演奏,一人目の演奏,二人目の演奏,二人目の演奏,一人目の演奏,二人目の演奏,二人目の演奏,二人目の演奏,二人目の演奏,二人目の演奏,二人目の演奏,一人目の演奏,二人目の演奏,二人目の演奏,二人目の演奏,52a73a55a63a66b71a62a53b59b65b54b74b57a61b72b75a68b69b60a67b51b64a58b70b56a,２４,女,日本語,5~9年,ピアノ,ない,ある,ない,ある,ない,ない,ない,音のキレ,指の動かし方の速さ、力強さ,聴覚情報,,,,あり,,,
3/10/2022 23:38:25,,一人目の演奏,一人目の演奏,一人目の演奏,一人目の演奏,二人目の演奏,一人目の演奏,二人目の演奏,一人目の演奏,一人目の演奏,二人目の演奏,二人目の演奏,一人目の演奏,一人目の演奏,二人目の演奏,一人目の演奏,一人目の演奏,一人目の演奏,二人目の演奏,一人目の演奏,二人目の演奏,二人目の演奏,二人目の演奏,一人目の演奏,二人目の演奏,一人目の演奏,69a59a51b70a64b57b56b52b74b66b65a73b60b53b58a72b63a71a68a67b54a62a55b75b61a,40,男,日本語,~2年,津軽三味線,ある,ある,ある,ある,ない,ない,ない,叩きのスナップ音、濁りの無さ、リズムの正確さ。映像だけの場合、右手のリズムや左手のユリ、手元を凝視しているか（している場合は悪いと判断）。,音のダイナミクス（強弱）、音の伸び、映像の場合は両手が見える場合、両手の同期。手元が写っていない場合、体の動きの派手さ（派手な方が良いと判断）。,聴覚情報,"ピアノでは、自分が演奏経験がないからか、映像だけではほとんど良し悪しを評価できない一方、津軽三味線は映像だけでもある程度、演奏の上手さを予測できるように感じた。
音だけのテストで、甲乙つけがたい時に2番目を選びやすいバイアスが自分にはあるように感じられた。",,,あり,,,
3/11/2022 12:36:14,,一人目の演奏,二人目の演奏,一人目の演奏,一人目の演奏,一人目の演奏,一人目の演奏,二人目の演奏,二人目の演奏,一人目の演奏,一人目の演奏,一人目の演奏,一人目の演奏,二人目の演奏,二人目の演奏,一人目の演奏,二人目の演奏,一人目の演奏,二人目の演奏,二人目の演奏,一人目の演奏,一人目の演奏,二人目の演奏,二人目の演奏,一人目の演奏,二人目の演奏,58a74a73b53b66a60a64b67b59a52b54a63b69b55a51a65a71a61b56b68b72b75b57a70b62b,38,女,日本語,10年以上,アルトサクソフォン・ソプラノサクソフォン,ある,ある,ある,ある,ない,ない,ある,音の鳴り方、音楽の流れ,音の鳴り方、音楽の流れ,聴覚情報,辻井伸行さんが国際コンクールで優勝した時の演奏は何度も見聞きしたので何となくわかりました。,,,あり,,,
3/16/2022 5:57:57,,一人目の演奏,二人目の演奏,二人目の演奏,一人目の演奏,二人目の演奏,一人目の演奏,二人目の演奏,二人目の演奏,二人目の演奏,一人目の演奏,二人目の演奏,二人目の演奏,一人目の演奏,二人目の演奏,二人目の演奏,一人目の演奏,二人目の演奏,一人目の演奏,一人目の演奏,二人目の演奏,一人目の演奏,一人目の演奏,二人目の演奏,一人目の演奏,二人目の演奏,59b62a74a69a57b56a66a53b61b63a73b75b58b70a51b68a60b64b52a65b55a71a54b67a72b,33,男,日本語,なし,音楽経験歴なし,ある,ある,ある,ある,ない,ない,ない,目線や指の動き,身体全身での表現力,聴覚情報,学校教育以外の音楽経験がほとんどない私には難しい課題でした。,,,,,,
4/8/2022 11:52:35,,二人目の演奏,二人目の演奏,一人目の演奏,二人目の演奏,一人目の演奏,一人目の演奏,二人目の演奏,一人目の演奏,二人目の演奏,二人目の演奏,二人目の演奏,一人目の演奏,一人目の演奏,一人目の演奏,一人目の演奏,一人目の演奏,二人目の演奏,一人目の演奏,二人目の演奏,二人目の演奏,二人目の演奏,一人目の演奏,二人目の演奏,二人目の演奏,一人目の演奏,51a70b61a53a68a60a74a57b59a72b65b66a52a71a62a67b63b58a69a75a55a64a73b56b54a,24,男,日本,5~9年,声楽、ピアノ,ある,ある,ある,ある,ない,ない,ある,音程とパッセージの正確さ。,多彩な音色,視覚情報,"ピアノ演奏評価に関しては抜粋箇所が短く、完全に好みで選択してしまった。
また協奏曲を音源とする場合、よりピアノが主として奏される部分を抜粋することが妥当であると考えた。",,,,,,
4/9/2022 8:26:31,,二人目の演奏,二人目の演奏,一人目の演奏,二人目の演奏,一人目の演奏,一人目の演奏,二人目の演奏,一人目の演奏,二人目の演奏,一人目の演奏,二人目の演奏,二人目の演奏,一人目の演奏,二人目の演奏,二人目の演奏,一人目の演奏,二人目の演奏,一人目の演奏,二人目の演奏,二人目の演奏,一人目の演奏,二人目の演奏,二人目の演奏,二人目の演奏,一人目の演奏,75b53a58a61b72b55a66b71a59a51b62a73a69a56b67b57b54a63b60a65b64a68a70b74b52b,23,女,日本語,10年以上,ピアノ、声楽、ヴァイオリン,ある,ある,ある,ある,ない,ある,ある,音程と表現,音色,聴覚情報,,,,,,,
4/24/2022 16:52:27,,一人目の演奏,一人目の演奏,二人目の演奏,二人目の演奏,一人目の演奏,一人目の演奏,一人目の演奏,一人目の演奏,一人目の演奏,二人目の演奏,一人目の演奏,一人目の演奏,二人目の演奏,一人目の演奏,二人目の演奏,二人目の演奏,一人目の演奏,二人目の演奏,一人目の演奏,一人目の演奏,二人目の演奏,一人目の演奏,一人目の演奏,一人目の演奏,二人目の演奏,52b64b59a70b68a74a65b56a72b71a67b51a57a63b66b69a75b60b61b58b55a62b73a54a53b,26,女,日本語,5~9年,ピアノ、ホルン,ない,ある,ない,ある,ない,ない,ある,音色,音色,聴覚情報,,,,,,,
4/24/2022 16:55:36,,一人目の演奏,二人目の演奏,一人目の演奏,二人目の演奏,一人目の演奏,二人目の演奏,一人目の演奏,一人目の演奏,一人目の演奏,二人目の演奏,二人目の演奏,二人目の演奏,一人目の演奏,一人目の演奏,一人目の演奏,二人目の演奏,二人目の演奏,一人目の演奏,一人目の演奏,二人目の演奏,二人目の演奏,一人目の演奏,二人目の演奏,一人目の演奏,一人目の演奏,67a73b61b52b65a60a56b59b68b69b63b75b74a53b62b72a70b55a58b57a54b71b51a66a64a,22,男,日本語,10年以上,ピアノ、マンドラテノール,ない,ある,ない,ある,ない,ない,ない,テンポ感、ひとつひとつの音がハッキリしているか,ひとつひとつの音がハッキリしているか,聴覚情報,,,,,,,
4/24/2022 17:06:21,,二人目の演奏,一人目の演奏,一人目の演奏,二人目の演奏,二人目の演奏,二人目の演奏,一人目の演奏,二人目の演奏,一人目の演奏,二人目の演奏,二人目の演奏,二人目の演奏,一人目の演奏,一人目の演奏,二人目の演奏,二人目の演奏,二人目の演奏,二人目の演奏,一人目の演奏,二人目の演奏,二人目の演奏,二人目の演奏,二人目の演奏,二人目の演奏,二人目の演奏,51b56a66a69b75a74b67a59b63a60b62b73b68b65a55a54b58a53a71b64b57a72b52a61b70b,31,男,日本語,なし,なし,ない,ない,ない,ない,ない,ない,ない,音色,音色,聴覚情報,,不可,Task2の実施時間が4分,,,,
4/24/2022 22:38:20,,一人目の演奏,二人目の演奏,二人目の演奏,一人目の演奏,二人目の演奏,二人目の演奏,二人目の演奏,二人目の演奏,二人目の演奏,一人目の演奏,二人目の演奏,一人目の演奏,二人目の演奏,二人目の演奏,二人目の演奏,二人目の演奏,二人目の演奏,二人目の演奏,二人目の演奏,二人目の演奏,二人目の演奏,二人目の演奏,二人目の演奏,二人目の演奏,一人目の演奏,59b61a57b74b55b51b66b64b69b54a71b52b68a73a67a60b53b65a70b62a75a63b72a58a56a,23,男,日本語,なし,楽器経験なし,ある,ない,ない,ない,ない,ない,ない,音の張り、安定性、所作に淀みがないか,音のメリハリ、感情的にひいているよう見えるか,聴覚情報,問題数が多く、公平に評価がしずらいと感じた（集中力が落ちて違いが判らなくなる、評価の基準がずれる）。計30~50問くらいがちょうどよいと感じる。,,,,,,
5/2/2022 16:02:04,,一人目の演奏,一人目の演奏,一人目の演奏,二人目の演奏,一人目の演奏,二人目の演奏,二人目の演奏,一人目の演奏,一人目の演奏,二人目の演奏,一人目の演奏,二人目の演奏,一人目の演奏,一人目の演奏,二人目の演奏,二人目の演奏,一人目の演奏,二人目の演奏,二人目の演奏,一人目の演奏,二人目の演奏,二人目の演奏,一人目の演奏,二人目の演奏,二人目の演奏,69b75a60a59b73a55b58b67a65a51b66b52b63a71a54b74a61a53a56b62a70b72b68b64a57a,20,女,日本語,~2年,合唱,ある,ある,ない,ある,ない,ない,ある,楽器を演奏している時に自分の手を見ていないか、また音の抑揚,指の動きの素早さと音の抑揚,聴覚情報,,,,,,,
5/6/2022 16:00:29,,二人目の演奏,二人目の演奏,一人目の演奏,二人目の演奏,二人目の演奏,一人目の演奏,二人目の演奏,一人目の演奏,一人目の演奏,二人目の演奏,一人目の演奏,一人目の演奏,二人目の演奏,二人目の演奏,二人目の演奏,二人目の演奏,二人目の演奏,二人目の演奏,一人目の演奏,二人目の演奏,二人目の演奏,二人目の演奏,二人目の演奏,一人目の演奏,二人目の演奏,52a53b60a73b69a62a72a74b56a67b57b58a64a54a71b61b66a59a55a70b65b68a51b63b75a,23,女,日本語,10年以上,ピアノ,ある,ある,ない,ある,ない,ある,ない,リズム感、音の鳴り,音の繊細さ、オケとの調和、音の粒,聴覚情報,,,,,,,
5/8/2022 13:07:56,,二人目の演奏,一人目の演奏,二人目の演奏,二人目の演奏,二人目の演奏,二人目の演奏,一人目の演奏,二人目の演奏,一人目の演奏,一人目の演奏,一人目の演奏,二人目の演奏,二人目の演奏,二人目の演奏,一人目の演奏,二人目の演奏,二人目の演奏,二人目の演奏,二人目の演奏,二人目の演奏,一人目の演奏,二人目の演奏,一人目の演奏,一人目の演奏,一人目の演奏,64a57a67b59b70b71b66a58a52a65a54b63a75b55b51b53b60a72b73b68b74b69b61a62b56a,52,男,Japan,10年以上,Trombone,ある,ある,ある,ある,ない,ない,ある,音程、響き、流れ,和声、響き、流れ,聴覚情報,評価は耳を優先。,,,,,,
5/9/2022 16:24:02,,二人目の演奏,一人目の演奏,二人目の演奏,一人目の演奏,二人目の演奏,二人目の演奏,二人目の演奏,一人目の演奏,二人目の演奏,二人目の演奏,一人目の演奏,一人目の演奏,二人目の演奏,二人目の演奏,二人目の演奏,一人目の演奏,二人目の演奏,二人目の演奏,二人目の演奏,一人目の演奏,一人目の演奏,一人目の演奏,二人目の演奏,二人目の演奏,一人目の演奏,54b64b60b58b56b51a71b66a69b70b59a72b57b67a62a61a53a73b74a68a55a65b75b63a52a,49,男,japan,10年以上,"tuba,EUP,TB,TP",ある,ある,ある,ある,ない,ない,ある,スピード感とティラララの部分,ゆったり観よマエストーソ（海と空が思い浮かぶか）,聴覚情報,もう少し聞きたい、見たい観がたまらなかった,,,,,,
5/10/2022 1:14:02,,一人目の演奏,二人目の演奏,一人目の演奏,二人目の演奏,二人目の演奏,一人目の演奏,二人目の演奏,二人目の演奏,一人目の演奏,二人目の演奏,一人目の演奏,二人目の演奏,二人目の演奏,二人目の演奏,二人目の演奏,一人目の演奏,二人目の演奏,二人目の演奏,一人目の演奏,一人目の演奏,二人目の演奏,二人目の演奏,一人目の演奏,二人目の演奏,一人目の演奏,67a61b64a57a75b59a53a66b68b54b51b52a71a73a56b55a74a72a58a70b63b65a60a62b69a,48,男,日本語,10年以上,トランペット,ある,ある,ない,ある,ない,ない,ある,リズム感,サウンド,聴覚情報,回線が重く動画がラグい感じで苦労しました。,,,,Task1のdataなし,,
5/10/2022 18:55:43,,二人目の演奏,二人目の演奏,一人目の演奏,二人目の演奏,二人目の演奏,二人目の演奏,一人目の演奏,一人目の演奏,二人目の演奏,一人目の演奏,一人目の演奏,一人目の演奏,二人目の演奏,一人目の演奏,一人目の演奏,二人目の演奏,二人目の演奏,二人目の演奏,一人目の演奏,二人目の演奏,二人目の演奏,一人目の演奏,二人目の演奏,二人目の演奏,一人目の演奏,55a58a65a74a57b63a64a69a72b52a60a70a73b54a68a62b75a66a53b71b61a56a51b59a67a,23,女,日本語,10年以上,ピアノ（〜2年）・ギター（10年）,ある,ある,ある,ある,ない,ある,ない,音のキレの良さ。音の大きさ。,音数の多さ。複雑なメロディーかどうか。迫力。,聴覚情報,,,,,,,
5/11/2022 9:10:33,,二人目の演奏,二人目の演奏,二人目の演奏,二人目の演奏,一人目の演奏,一人目の演奏,一人目の演奏,一人目の演奏,一人目の演奏,二人目の演奏,二人目の演奏,一人目の演奏,二人目の演奏,一人目の演奏,一人目の演奏,二人目の演奏,一人目の演奏,二人目の演奏,一人目の演奏,二人目の演奏,一人目の演奏,一人目の演奏,一人目の演奏,一人目の演奏,一人目の演奏,73b66b53a59a65a57b67a55a70a71b51b64a61b58a63a69b75b72b62b56b54a60a74a52b68b,22,男,日本語,~2年,ギター,ない,ある,ない,ない,ない,ない,ない,力強さと音の柔らかさのバランス,緩急のつけ方と感情がこもっているか,聴覚情報,楽しかったです！正解が気になりました、、,,,,,,
5/11/2022 15:47:18,,二人目の演奏,二人目の演奏,二人目の演奏,二人目の演奏,一人目の演奏,二人目の演奏,二人目の演奏,二人目の演奏,二人目の演奏,二人目の演奏,一人目の演奏,二人目の演奏,一人目の演奏,二人目の演奏,二人目の演奏,二人目の演奏,二人目の演奏,二人目の演奏,二人目の演奏,二人目の演奏,二人目の演奏,二人目の演奏,一人目の演奏,二人目の演奏,二人目の演奏,73a62b54b71b56b53b66b57b65b59b52a51a64a70b72b74b58a63a61a60a67b55b75a69a68a,20,女,日本語,なし,ない,ない,ある,ない,ある,ない,ない,ない,音の強弱がはっきりしているものがうまく聞こえた,くぐもって聞こえる音よりもはっきりと響いてくる音が聴き心地が良かったです,聴覚情報,,,,,,,
5/11/2022 20:46:38,,一人目の演奏,一人目の演奏,二人目の演奏,二人目の演奏,一人目の演奏,一人目の演奏,二人目の演奏,二人目の演奏,二人目の演奏,一人目の演奏,二人目の演奏,一人目の演奏,二人目の演奏,二人目の演奏,二人目の演奏,一人目の演奏,二人目の演奏,一人目の演奏,二人目の演奏,一人目の演奏,二人目の演奏,二人目の演奏,二人目の演奏,二人目の演奏,二人目の演奏,51b55a56b68b70b61a69b60b57b66a54b58a53a74b64a63b65b72a62b75a59b71a73b52b67a,20,男,日本語,5~9年,ギター（アコギ・クラギ）,ない,ある,ない,ある,ない,ない,ない,音のキレ　一つ一つの音が粒立っているのか,繊細な音はもちろんだが、抑揚等で表現力があるのか,聴覚情報,演奏者の年齢や服装で、演奏が上手いかどうかについて先入観を持ってしまう部分があるなと実感することができました。逆に言えば、コンクールなどの音楽大会では身なりを整えることが非常に重要になるのだと思いました。ありがとうございました。,,,,,,
5/12/2022 17:21:59,,一人目の演奏,二人目の演奏,二人目の演奏,一人目の演奏,二人目の演奏,一人目の演奏,二人目の演奏,一人目の演奏,一人目の演奏,二人目の演奏,二人目の演奏,一人目の演奏,二人目の演奏,二人目の演奏,二人目の演奏,二人目の演奏,二人目の演奏,一人目の演奏,二人目の演奏,二人目の演奏,一人目の演奏,二人目の演奏,一人目の演奏,一人目の演奏,二人目の演奏,51b64b61b59b54b74b65a70a58a68b72a60b66b75a71b69b52a56b55b62a57b73a53b63b67b,49,女,日本語,5~9年,ピアノ,ない,ある,ない,ある,ない,ない,ない,目線、リズムを体で刻んでいる、指使い、音がはっきりきこえる、躍動感,音の力強さ、音の厚み、ピアノと体の距離（懐）、体全体での表現、指使い,視覚情報,お疲れ様です。音楽経験が少ないので、二つとも甲乙つけ難く感じてしまいました。,,,,,,
5/13/2022 14:16:26,,二人目の演奏,二人目の演奏,二人目の演奏,一人目の演奏,一人目の演奏,一人目の演奏,一人目の演奏,一人目の演奏,一人目の演奏,一人目の演奏,一人目の演奏,二人目の演奏,一人目の演奏,二人目の演奏,二人目の演奏,一人目の演奏,一人目の演奏,二人目の演奏,二人目の演奏,二人目の演奏,二人目の演奏,二人目の演奏,一人目の演奏,二人目の演奏,二人目の演奏,52a56a55b63b68a61a64b60b73a71a67b75a65b51b62b66a58b59b69a72a74a57b70a54a53a,20,女,日本語,なし,なし,ある,ある,ある,ある,ない,ない,ない,どれだけ体を動かしているか、手を滑らかに動かしているか,どれだけ体を使って表現しているか、演奏が綺麗に聞こえるか,聴覚情報,,,,,Task1のdataなし,,
5/31/2022 22:21:19,,二人目の演奏,二人目の演奏,二人目の演奏,二人目の演奏,二人目の演奏,一人目の演奏,二人目の演奏,二人目の演奏,一人目の演奏,二人目の演奏,一人目の演奏,一人目の演奏,二人目の演奏,二人目の演奏,二人目の演奏,二人目の演奏,一人目の演奏,一人目の演奏,一人目の演奏,一人目の演奏,二人目の演奏,二人目の演奏,二人目の演奏,一人目の演奏,一人目の演奏,56a53b58a71b59b67a65b57a68a74a60a75b66a72a62a64a51b54a70a63a61b52b73a69a55a,20,女,日本語,2~5年,ピアノ、クラリネット,ない,ある,ない,ある,ない,ない,ない,音の抑揚,鍵盤への手の置き方、音量の調節の仕方,聴覚情報,,,,,,,
6/7/2022 16:56:52,,二人目の演奏,二人目の演奏,二人目の演奏,二人目の演奏,一人目の演奏,一人目の演奏,二人目の演奏,二人目の演奏,一人目の演奏,二人目の演奏,二人目の演奏,二人目の演奏,二人目の演奏,二人目の演奏,二人目の演奏,一人目の演奏,二人目の演奏,二人目の演奏,二人目の演奏,二人目の演奏,一人目の演奏,二人目の演奏,一人目の演奏,二人目の演奏,一人目の演奏,59a60a53a64a63a62b61b51b71a65a68a70b58a73a55b67b52b75a72b66b74b69b54a56b57b,23,女,日本語,10年以上,なし,ない,ある,ある,ある,ない,ない,ない,音が澄んでいるか。身体が緊張していないか。,音の並びの複雑さ、指がシームレスに動いているか,聴覚情報,,,,,,,
6/7/2022 17:09:24,,二人目の演奏,二人目の演奏,一人目の演奏,一人目の演奏,一人目の演奏,二人目の演奏,二人目の演奏,二人目の演奏,二人目の演奏,一人目の演奏,一人目の演奏,二人目の演奏,一人目の演奏,二人目の演奏,一人目の演奏,二人目の演奏,二人目の演奏,一人目の演奏,二人目の演奏,二人目の演奏,二人目の演奏,二人目の演奏,一人目の演奏,二人目の演奏,二人目の演奏,54b69b56a68a70a74b63b60a57a64a75b66a58a65a67a71b59a55b52b51b53a61b73b62b72b,65,男,日本,10年以上,ギター、ベース、キーボード,ある,ある,ある,ある,ない,ない,ある,強弱、リズム,音のつながり,聴覚情報,,,,,,,
6/7/2022 17:54:02,,一人目の演奏,一人目の演奏,二人目の演奏,一人目の演奏,一人目の演奏,二人目の演奏,一人目の演奏,二人目の演奏,二人目の演奏,二人目の演奏,二人目の演奏,二人目の演奏,二人目の演奏,一人目の演奏,一人目の演奏,一人目の演奏,二人目の演奏,二人目の演奏,二人目の演奏,二人目の演奏,一人目の演奏,一人目の演奏,二人目の演奏,二人目の演奏,一人目の演奏,53b55b56a54a68b73a58a66b75b62a52b59a72a69a67a70a71b60b65b64b63a74a57a51a61a,24,女,日本語,10年以上,ピアノ、フルート,ある,ある,ある,ある,ない,ある,ない,音色の豊かさと細かい部分の技術,音や響きの美しさ、また、知っている曲であればその解釈のしかたが自分と合うかどうか,聴覚情報,"とても興味深い研究だと思いました。
特に視覚情報だけで判断するのは思っていた以上に難しかったです。",,,,,,
6/7/2022 17:54:39,,二人目の演奏,二人目の演奏,二人目の演奏,二人目の演奏,二人目の演奏,二人目の演奏,二人目の演奏,二人目の演奏,二人目の演奏,二人目の演奏,二人目の演奏,一人目の演奏,二人目の演奏,一人目の演奏,一人目の演奏,一人目の演奏,二人目の演奏,二人目の演奏,二人目の演奏,二人目の演奏,二人目の演奏,一人目の演奏,二人目の演奏,二人目の演奏,二人目の演奏,70b56a63a57a58b59b61b71a67a74a52a60a65a53b55b54b72a69b64b66a75a68b62b73b51a,29,男,日本語,10年以上,ピアノ,ない,ある,ある,ある,ない,ある,ない,音程やリズムの正確さ,デュナーミクの明確さ・弾く姿勢・テンポの正確性・音色・演奏者の人種（特にvisual onlyのとき）,聴覚情報,audio onlyやvisual onlyよりはaudio + visualのほうが選びやすかったですが、それでも有意差が出るほどの効果量があるのだろうか...？と疑問に思いました（少なくとも自分の主観的には大半の設問が乱択で選んでいるのに近かったです）。結果が気になります。,,,,,,
6/7/2022 18:00:17,,一人目の演奏,一人目の演奏,二人目の演奏,一人目の演奏,二人目の演奏,一人目の演奏,二人目の演奏,二人目の演奏,一人目の演奏,一人目の演奏,二人目の演奏,二人目の演奏,一人目の演奏,二人目の演奏,一人目の演奏,一人目の演奏,二人目の演奏,一人目の演奏,二人目の演奏,一人目の演奏,二人目の演奏,一人目の演奏,二人目の演奏,二人目の演奏,一人目の演奏,67a73a53b57b62a66a68b56b61a70a74a54a71a72a58a63a55a64a69b52b65b75b59b60a51b,28,女,日本語,なし,音楽経験はありません,ない,ある,ない,ある,ない,ない,ない,音の勢いや聞こえやすさ,音の粒の聞こえ方や響き方,聴覚情報,視覚のみで判断する際は特に、演奏者の容姿や服装も判断に影響を与えると思いました。また、視覚のみで判断する場合は、動きが激しい方の演奏者が有利になると感じました。,,,,,,
6/7/2022 18:40:27,,一人目の演奏,一人目の演奏,一人目の演奏,二人目の演奏,二人目の演奏,一人目の演奏,一人目の演奏,一人目の演奏,一人目の演奏,一人目の演奏,一人目の演奏,一人目の演奏,一人目の演奏,一人目の演奏,一人目の演奏,一人目の演奏,一人目の演奏,二人目の演奏,二人目の演奏,二人目の演奏,二人目の演奏,一人目の演奏,一人目の演奏,一人目の演奏,一人目の演奏,75b51a69b61a53b58a55a63b67b57b54b60a56a64b59b65a73a74a72b66a68b71a62b52a70b,34,男,日本語,なし,なし,ある,ある,ある,ある,ない,ない,ない,音の強弱,音の強弱,聴覚情報,,,,,,,
6/7/2022 19:48:49,,二人目の演奏,一人目の演奏,二人目の演奏,二人目の演奏,二人目の演奏,二人目の演奏,二人目の演奏,二人目の演奏,一人目の演奏,二人目の演奏,一人目の演奏,一人目の演奏,一人目の演奏,一人目の演奏,二人目の演奏,一人目の演奏,一人目の演奏,二人目の演奏,二人目の演奏,一人目の演奏,一人目の演奏,一人目の演奏,一人目の演奏,二人目の演奏,二人目の演奏,56a55a54b70b60b59a66b57a71a53b64b72b69b51a62b74a68b73b58a52b61a67a65a63b75a,38,女,日本語,2~5年,エレクトーン　ピアノ,ない,ある,ある,ある,ない,ない,ない,音の響き、リズム感など。見た目では演奏者の姿勢や手つき。,メリハリのある音調。また演奏者の姿勢は屈んでいたり、身体を揺らして弾いている方が上手に見えた。,聴覚情報,視覚のみの印象と、演奏している動画をみた時の印象が合致した方と、全くイメージと違う方がいて自分の中の先入観を感じました。ピアノは演奏を聴いた方がどちからが優勝者かはわからないものでした。,,,,,,
6/7/2022 20:17:41,,二人目の演奏,二人目の演奏,一人目の演奏,一人目の演奏,二人目の演奏,一人目の演奏,二人目の演奏,二人目の演奏,一人目の演奏,二人目の演奏,二人目の演奏,二人目の演奏,二人目の演奏,二人目の演奏,一人目の演奏,二人目の演奏,一人目の演奏,二人目の演奏,二人目の演奏,二人目の演奏,二人目の演奏,二人目の演奏,一人目の演奏,二人目の演奏,二人目の演奏,57b54b56b63a62a58b51b64b65b75a60a74a73b59b66a67b55a53a71b72a69a70b61a52a68b,20,女,日本語,5~9年,ピアノ,ない,ある,ない,ある,ない,ある,ない,音のつながり,音がしっかりと出ているか,聴覚情報,辻井伸行さんは有名人なので実験では控えたほうが良いのではないかと感じます。,,,,,,
6/7/2022 21:04:11,,二人目の演奏,二人目の演奏,一人目の演奏,二人目の演奏,二人目の演奏,二人目の演奏,二人目の演奏,二人目の演奏,一人目の演奏,二人目の演奏,二人目の演奏,二人目の演奏,一人目の演奏,一人目の演奏,一人目の演奏,二人目の演奏,一人目の演奏,一人目の演奏,二人目の演奏,二人目の演奏,二人目の演奏,二人目の演奏,一人目の演奏,一人目の演奏,一人目の演奏,65b63b68b57a61b60a55a59a71b62a74b51b75a70a64b53a58a56a69a73b52b66b67a54b72b,30,女,日本語,なし,なし,ない,ある,ない,ある,ない,ない,ない,音の切れの良さ,音の流れや一つ一つのつながり,聴覚情報,,,,,Task1のdataなし,,
6/7/2022 22:55:11,,一人目の演奏,一人目の演奏,二人目の演奏,一人目の演奏,二人目の演奏,二人目の演奏,一人目の演奏,一人目の演奏,二人目の演奏,二人目の演奏,二人目の演奏,二人目の演奏,一人目の演奏,二人目の演奏,一人目の演奏,一人目の演奏,一人目の演奏,二人目の演奏,一人目の演奏,二人目の演奏,二人目の演奏,二人目の演奏,二人目の演奏,一人目の演奏,一人目の演奏,69a62a68a52b75a66b57b54b72a53b51a73b63a59a65a64b61a55a71a67b56a70a74a60a58a,22,男,日本語,2~5年,琴、ピアノ,ない,ある,ない,ない,ない,ない,ある,津軽三味線を無駄に揺らしていないか、または、調律が安定しているかどうか,音の強弱がはっきりしているか,聴覚情報,特にありません。,,,,,,
6/8/2022 0:19:28,,一人目の演奏,一人目の演奏,二人目の演奏,一人目の演奏,二人目の演奏,一人目の演奏,一人目の演奏,二人目の演奏,二人目の演奏,二人目の演奏,二人目の演奏,二人目の演奏,一人目の演奏,一人目の演奏,一人目の演奏,二人目の演奏,一人目の演奏,一人目の演奏,一人目の演奏,一人目の演奏,二人目の演奏,二人目の演奏,二人目の演奏,二人目の演奏,一人目の演奏,63b61a53a58b68b55a57b52a64a66b67b60b51b75b74b62a65a69a71b70a59a56b72a54a73a,27,男,日本語,なし,なし,ない,ある,ない,ある,ない,ない,ない,手の動きや体全体の拍の取り方と余裕,曲に合わせた表現を体でしているかと指の動き,聴覚情報,,,,,,,
6/8/2022 3:50:08,,二人目の演奏,二人目の演奏,一人目の演奏,二人目の演奏,二人目の演奏,一人目の演奏,二人目の演奏,二人目の演奏,二人目の演奏,二人目の演奏,一人目の演奏,二人目の演奏,一人目の演奏,二人目の演奏,二人目の演奏,一人目の演奏,二人目の演奏,一人目の演奏,二人目の演奏,二人目の演奏,一人目の演奏,二人目の演奏,一人目の演奏,二人目の演奏,二人目の演奏,54a62a52a53a65a61a64a68b57a51a67a56a73a66b69b71a55b72a59a75b70b63b60a58b74a,49,女,Japanese ,10年以上,ピアノ　パーカッション,ある,ある,ある,ある,ない,ない,ない,打楽器的に良い　リズムと音,見た目によりがち,聴覚情報,音楽なので　聴覚を重視すべきですが、音情報が短いせいもあり、どうしても　見た目に捕らわれて選んでしまいます。,,,,,,
6/8/2022 9:28:40,,二人目の演奏,二人目の演奏,一人目の演奏,二人目の演奏,一人目の演奏,一人目の演奏,二人目の演奏,二人目の演奏,二人目の演奏,二人目の演奏,二人目の演奏,一人目の演奏,二人目の演奏,一人目の演奏,二人目の演奏,一人目の演奏,二人目の演奏,一人目の演奏,一人目の演奏,二人目の演奏,二人目の演奏,一人目の演奏,一人目の演奏,二人目の演奏,二人目の演奏,53a56b74a59b69b58a62b63b70a57b66a68b51b73a61a55a65b52b75b72a67b71a64a60a54a,40,女,日本語,10年以上,ピアノ,ある,ある,ない,ある,ない,ない,ない,独特のリズム感、身体の軸（楽器がぐらついてないか）,音色、ダイナミクス,聴覚情報,,,,,,,
6/8/2022 10:23:48,,一人目の演奏,一人目の演奏,二人目の演奏,二人目の演奏,二人目の演奏,二人目の演奏,一人目の演奏,二人目の演奏,二人目の演奏,二人目の演奏,二人目の演奏,一人目の演奏,二人目の演奏,二人目の演奏,二人目の演奏,二人目の演奏,一人目の演奏,二人目の演奏,二人目の演奏,二人目の演奏,一人目の演奏,二人目の演奏,一人目の演奏,二人目の演奏,二人目の演奏,60a58a67b71b70a61b69b68a54b53b51b64a57b63a55a65a75b72a59b74a73a66b52b56b62a,22,女,日本語,5~9年,ピアノ・フルート,ない,ある,ない,ある,ない,ある,ある,音の響き,音の響き,聴覚情報,,,,,,,
6/8/2022 16:41:53,,二人目の演奏,一人目の演奏,一人目の演奏,二人目の演奏,二人目の演奏,二人目の演奏,二人目の演奏,一人目の演奏,一人目の演奏,二人目の演奏,二人目の演奏,一人目の演奏,一人目の演奏,二人目の演奏,二人目の演奏,二人目の演奏,一人目の演奏,一人目の演奏,一人目の演奏,二人目の演奏,一人目の演奏,一人目の演奏,二人目の演奏,二人目の演奏,二人目の演奏,61b60a69a66b62b63b70a71b68b51b56a67a75b55b72a54b73a57a52b53b59a65b64b58b74a,24,女,日本語,なし,なし,ない,ない,ない,ない,ない,ない,ない,音の強弱、自信を持って演奏しているかどうか,音の強弱、自信を持って演奏しているかどうか,視覚情報,,,,,,,
6/8/2022 19:53:27,,二人目の演奏,二人目の演奏,一人目の演奏,一人目の演奏,二人目の演奏,一人目の演奏,二人目の演奏,一人目の演奏,二人目の演奏,一人目の演奏,二人目の演奏,二人目の演奏,二人目の演奏,二人目の演奏,二人目の演奏,一人目の演奏,二人目の演奏,二人目の演奏,一人目の演奏,二人目の演奏,一人目の演奏,一人目の演奏,一人目の演奏,一人目の演奏,二人目の演奏,53a59b69a70a66b58b54a55b68a62b67a60a63b74b71b57b75b64b73a52b65b56a51b72b61b,20,男,日本語,なし,なし,ない,ある,ない,ある,ない,ない,ない,あまり叩きつけていないこと、音の余韻,弱い音が生きているか,聴覚情報,,,,,,,
6/8/2022 20:07:18,,二人目の演奏,二人目の演奏,一人目の演奏,二人目の演奏,二人目の演奏,二人目の演奏,二人目の演奏,一人目の演奏,一人目の演奏,二人目の演奏,二人目の演奏,一人目の演奏,二人目の演奏,一人目の演奏,一人目の演奏,二人目の演奏,一人目の演奏,二人目の演奏,二人目の演奏,二人目の演奏,二人目の演奏,一人目の演奏,一人目の演奏,一人目の演奏,一人目の演奏,67b64b73a61b60b53a54a70a57b65b56b69b52a59b62a63a55b66b68a74a75a72b58b51b71a,23,男,日本語,10年以上,ピアノ6年間、和太鼓6年間、笙4年間、ギター1年間、篠笛1年間,ある,ある,ある,ある,ない,ある,ある,演奏の緊張感、音の粒感、ぎこちなさがないか、,演奏の緊張感、音の粒感、演奏の丁寧さ(見た目、音色ともに),聴覚情報,,,,,,,
6/9/2022 1:24:19,,一人目の演奏,二人目の演奏,一人目の演奏,一人目の演奏,二人目の演奏,一人目の演奏,二人目の演奏,一人目の演奏,一人目の演奏,二人目の演奏,二人目の演奏,一人目の演奏,二人目の演奏,二人目の演奏,二人目の演奏,二人目の演奏,一人目の演奏,二人目の演奏,一人目の演奏,二人目の演奏,二人目の演奏,二人目の演奏,二人目の演奏,一人目の演奏,一人目の演奏,52b62b54b51b70a53b55b67a61a60a64b57a75b66b63b72a58b68a73a59b74a71b56b65b69a,29,女,日本語,10年以上,ピアノ、クラリネット、チェロ,ない,ある,ない,ある,ない,ある,ない,リズム、音程,音色,聴覚情報,,,,,,,
6/9/2022 14:25:26,,一人目の演奏,一人目の演奏,二人目の演奏,二人目の演奏,一人目の演奏,一人目の演奏,一人目の演奏,二人目の演奏,二人目の演奏,二人目の演奏,二人目の演奏,二人目の演奏,二人目の演奏,二人目の演奏,二人目の演奏,二人目の演奏,二人目の演奏,一人目の演奏,一人目の演奏,一人目の演奏,二人目の演奏,二人目の演奏,一人目の演奏,一人目の演奏,一人目の演奏,60b73b71b57a64b58a69b67a70b52a61b63b74a51a72a75a62b59b53b65b68b54a66a55b56b,23,男,日本,なし,なし,ある,ある,ある,ある,ない,ない,ない,音や様子,音や様子,聴覚情報,,,,,Task1のdataなし,,
6/10/2022 19:11:11,,二人目の演奏,一人目の演奏,一人目の演奏,一人目の演奏,二人目の演奏,一人目の演奏,一人目の演奏,二人目の演奏,一人目の演奏,二人目の演奏,二人目の演奏,二人目の演奏,二人目の演奏,一人目の演奏,一人目の演奏,二人目の演奏,二人目の演奏,二人目の演奏,一人目の演奏,二人目の演奏,二人目の演奏,一人目の演奏,二人目の演奏,二人目の演奏,二人目の演奏,70b68a58a64a71a61a60a63a65b57a53b55b74a72b51a62b52a67a69b66b54b56a73a59b75a,53,女,日本語,10年以上,ピアノ・スネアドラム・バスドラム・シンバル・ビブラフォン・トライアングル・シンバル・ドラムセット,ある,ある,ある,ある,ない,ない,ある,音の響きの良さ,音の粒がそろっているか,聴覚情報,,不可,15と同一人物,,,,
6/10/2022 19:30:28,,二人目の演奏,二人目の演奏,二人目の演奏,一人目の演奏,二人目の演奏,二人目の演奏,二人目の演奏,一人目の演奏,二人目の演奏,二人目の演奏,一人目の演奏,二人目の演奏,二人目の演奏,一人目の演奏,二人目の演奏,二人目の演奏,二人目の演奏,二人目の演奏,一人目の演奏,二人目の演奏,二人目の演奏,二人目の演奏,一人目の演奏,一人目の演奏,一人目の演奏,75b63a60b69a61b51b70b52a57a67b66b62b68b74b54b55b72a53b59b65b64a73b58a71a56b,21,女,日本語,10年以上,ピアノ、ユーホニアム,ある,ある,ある,ある,ない,ない,ある,音程感、スリのなめらかさ、音にハリがあるかどうか,音量の緩急、指の処理,聴覚情報,Twitterで拝見しておもしろそうだと感じ参加させていただきました。６秒かつ違うフレーズで判断するのは難しかったですが、楽しかったです。研究の一助となれば幸いです。,,,,,,
6/10/2022 21:09:18,,二人目の演奏,一人目の演奏,二人目の演奏,二人目の演奏,二人目の演奏,一人目の演奏,二人目の演奏,二人目の演奏,二人目の演奏,一人目の演奏,二人目の演奏,一人目の演奏,二人目の演奏,一人目の演奏,二人目の演奏,二人目の演奏,二人目の演奏,一人目の演奏,二人目の演奏,二人目の演奏,一人目の演奏,一人目の演奏,二人目の演奏,二人目の演奏,二人目の演奏,56a68b60b51b63b69a73a72a61b53b64a66b65a71a74a75a67b52a55b62b54a59b70b57a58a,43,女,日本語,5~9年,ピアノ、パーカッション、筝、三絃,ある,ある,ない,ある,ない,ない,ある,音の広がり、力強さ,情熱的な動作、音色の響き,聴覚情報,まったく同じメロディで比較するわけではないのが難しかったです。,,,,,,
6/11/2022 1:47:49,,一人目の演奏,一人目の演奏,一人目の演奏,二人目の演奏,二人目の演奏,一人目の演奏,二人目の演奏,一人目の演奏,一人目の演奏,一人目の演奏,一人目の演奏,二人目の演奏,二人目の演奏,一人目の演奏,二人目の演奏,一人目の演奏,一人目の演奏,一人目の演奏,二人目の演奏,一人目の演奏,二人目の演奏,一人目の演奏,一人目の演奏,二人目の演奏,二人目の演奏,68a55a69a56a74a59a65b73a67b58a52a57a70a72a53b61a62b71a60b75b51a63b54b66b64a,37,女,日本語,5~9年,ピアノ、バイオリン,ある,ある,ある,ある,ない,ない,ない,音程、リズム、ビブラート、姿勢、指の動き、視線,音の強弱、間の取り方、姿勢,聴覚情報,無音の映像を見るだけで音楽を評価するのは難しく、何度もリプレイした。過去に見たことのあるプロの演奏家の動きを思い浮かべて、それと似ている部分があるかを探していたと思う。映像なしで音だけのものを評価するほうが、まだやりやすいと感じた（簡単ではないけれども）。,,,,,,
6/11/2022 22:22:23,,二人目の演奏,二人目の演奏,二人目の演奏,一人目の演奏,二人目の演奏,二人目の演奏,二人目の演奏,二人目の演奏,二人目の演奏,一人目の演奏,二人目の演奏,二人目の演奏,一人目の演奏,一人目の演奏,二人目の演奏,一人目の演奏,二人目の演奏,二人目の演奏,二人目の演奏,二人目の演奏,一人目の演奏,一人目の演奏,一人目の演奏,一人目の演奏,一人目の演奏,60b68a52a69a57a70a71b55b61a58b64a53b56b67b75a54b72a62b66a74b65b59a63b51a73a,25,女,日本語,5~9年,ピアノ　クラリネット,ない,ある,ない,ある,ない,ない,ない,演奏者の動きがゆっくりでなめらかかどうか,情熱的かどうか。指の動き,聴覚情報,,,,,,,
6/12/2022 11:27:00,,二人目の演奏,一人目の演奏,二人目の演奏,一人目の演奏,一人目の演奏,一人目の演奏,一人目の演奏,一人目の演奏,一人目の演奏,一人目の演奏,二人目の演奏,二人目の演奏,一人目の演奏,一人目の演奏,二人目の演奏,二人目の演奏,二人目の演奏,二人目の演奏,二人目の演奏,一人目の演奏,一人目の演奏,一人目の演奏,一人目の演奏,二人目の演奏,一人目の演奏,65a70a54a55a64a67b69a61a71a66a62b58a59b75b73a51a60b57b52b56a72b53a63a68b74b,66,男,日本,なし,ない,ある,ある,ある,ある,ない,ない,ない,手さばき,ノリ,聴覚情報,難しい,,,,,,
6/12/2022 22:26:16,,一人目の演奏,一人目の演奏,一人目の演奏,一人目の演奏,二人目の演奏,一人目の演奏,二人目の演奏,一人目の演奏,一人目の演奏,二人目の演奏,一人目の演奏,二人目の演奏,一人目の演奏,二人目の演奏,二人目の演奏,一人目の演奏,一人目の演奏,一人目の演奏,二人目の演奏,二人目の演奏,二人目の演奏,一人目の演奏,一人目の演奏,一人目の演奏,二人目の演奏,67a73b59a56a55b62a57a69a74b54b71a61b53a65b68a66b52a75b64a72b58b63b60a70a51a,５５,女,日本,なし,ウクレレ,ある,ある,ある,ある,ない,ない,ない,気合い気合い,心地よさ心地よさ,聴覚情報,あまり差が無く選びづらかった,,,,,,
6/13/2022 2:01:30,,一人目の演奏,一人目の演奏,二人目の演奏,一人目の演奏,二人目の演奏,一人目の演奏,二人目の演奏,二人目の演奏,一人目の演奏,二人目の演奏,一人目の演奏,二人目の演奏,一人目の演奏,二人目の演奏,一人目の演奏,一人目の演奏,一人目の演奏,二人目の演奏,一人目の演奏,二人目の演奏,一人目の演奏,二人目の演奏,二人目の演奏,一人目の演奏,一人目の演奏,61b68a51b60a55a73b59a57a58b72b63a70a66a62a65b74b53b75a67b52a54a71a64a69a56a,20,女,日本語,なし,なし,ない,ある,ない,ない,ない,ない,ない,音の大きさや強さ,迫力があるか,聴覚情報,,不可,Task2の実施時間4分,,,,
6/13/2022 15:01:16,,一人目の演奏,一人目の演奏,二人目の演奏,一人目の演奏,二人目の演奏,一人目の演奏,一人目の演奏,二人目の演奏,二人目の演奏,二人目の演奏,二人目の演奏,一人目の演奏,一人目の演奏,二人目の演奏,二人目の演奏,二人目の演奏,一人目の演奏,二人目の演奏,二人目の演奏,一人目の演奏,二人目の演奏,二人目の演奏,二人目の演奏,一人目の演奏,二人目の演奏,55b73a75a68a62a56b54a61b53a51a64b52b72a60b57a66b71b63a59a69a65a70b74b67b58a,19,女,日本語,なし,音楽経験なし,ない,ある,ある,ある,ない,ない,ない,音の滑らかさ,音の綺麗さ,聴覚情報,,不可,Task2の実施時間4分,,,,
6/13/2022 16:46:47,,二人目の演奏,一人目の演奏,一人目の演奏,二人目の演奏,二人目の演奏,二人目の演奏,一人目の演奏,一人目の演奏,一人目の演奏,二人目の演奏,二人目の演奏,二人目の演奏,一人目の演奏,一人目の演奏,一人目の演奏,二人目の演奏,二人目の演奏,一人目の演奏,一人目の演奏,二人目の演奏,二人目の演奏,二人目の演奏,一人目の演奏,一人目の演奏,二人目の演奏,64b67a51a57a65a55b70a63a52b68b69b72b71a60a66a59b74a54a56a58a61b73b62a75a53b,20,男,日本語,なし,なし,ない,ある,ない,ない,ない,ない,ない,音の響きがより深いかどうか,リズムとその演者の表現力,聴覚情報,,,,,,,
6/14/2022 3:27:15,,一人目の演奏,一人目の演奏,二人目の演奏,一人目の演奏,一人目の演奏,一人目の演奏,二人目の演奏,二人目の演奏,二人目の演奏,二人目の演奏,二人目の演奏,一人目の演奏,二人目の演奏,一人目の演奏,二人目の演奏,一人目の演奏,二人目の演奏,一人目の演奏,二人目の演奏,一人目の演奏,二人目の演奏,二人目の演奏,一人目の演奏,二人目の演奏,二人目の演奏,58a71a63b72b68a64b56b62b57a75a54a55a59a52b73b65b51b60a74a66a67b70b61a69b53a,23,男,日本語,なし,特になし,ある,ある,ない,ある,ない,ない,ない,音の複雑さ、丁寧さ、指使いのなめらかさ,音の複雑さ、丁寧さ、指の細やかな動き,聴覚情報,"扶養の関係上親が会社へ申告するために必要なので

① 会社名（大学名や研究室名）
② 日付　（実験実施日と謝金振込日両方、謝金を現金以外の方法でくださった場合は金券なら渡した日付、デジタルコードで謝金の代わりとなるものをくださった場合、ギフト券のコードをメールで送った日付）
③ 金額（交通費の有無も記載、所得税がかかる場合、その金額も記入）
④ 誰に払ったか　（順不同）

以上4点が一目でわかる文章をメールでアルバイトの報酬が振り込まれた翌月までに送って頂けるとありがたいです。

文書の例（記号には該当する日時をご記入ください。）:


中村一貴さんへ

202∞年◇月◇日分の謝金明細です。

東京大学人文社会系研究科　窓口担当：夏目太郎

内容:文学作品を題材とした俳句研究

実験実施日：202∞年◎月◎日12:00-15:00，謝金振込日 202∞年◉月◉日，交通費振込日 2022年⚫️月⚫️日

振込金額 謝金　〇〇円，所得税＊円（所得税の対象でない場合は0円と記載。　もし所得税がかかっている場合、所得税を含めた謝金額と所得税を差し引いた後の謝金額をそれぞれ記入してください）, 交通費　▲▲円 計☆☆円

支払先　中村一貴様


ご迷惑をおかけして申し訳ありませんが、ご対応の程よろしくお願い申し上げます。",,,,,,
6/14/2022 18:50:15,,二人目の演奏,二人目の演奏,二人目の演奏,一人目の演奏,二人目の演奏,二人目の演奏,一人目の演奏,二人目の演奏,一人目の演奏,二人目の演奏,二人目の演奏,二人目の演奏,一人目の演奏,二人目の演奏,二人目の演奏,二人目の演奏,二人目の演奏,二人目の演奏,二人目の演奏,二人目の演奏,二人目の演奏,二人目の演奏,二人目の演奏,二人目の演奏,二人目の演奏,63a72a67a58a51b57a70a59a73a64b60b75a68b74a52a54b53a62b55a56a61b71b65a66a69a,23,女,日本語,5~9年,エレクトーン,ある,ある,ある,ある,ない,ない,ある,音の響き、手首のスナップ,複雑な音の組み合わせ、手の抑揚、奏者の知名度,聴覚情報,,,,,Task1のdataなし,,
6/15/2022 0:41:21,,一人目の演奏,一人目の演奏,一人目の演奏,一人目の演奏,二人目の演奏,二人目の演奏,一人目の演奏,二人目の演奏,二人目の演奏,一人目の演奏,二人目の演奏,二人目の演奏,二人目の演奏,二人目の演奏,二人目の演奏,二人目の演奏,二人目の演奏,二人目の演奏,一人目の演奏,一人目の演奏,一人目の演奏,一人目の演奏,二人目の演奏,一人目の演奏,一人目の演奏,54a57b61a66a53b63b64b65a55b68a71b62b75b72b59b60a69b56b52a70b74b58b73a67b51b,20,男,japanese,なし,なし,ない,ある,ない,ある,ない,ない,ない,余裕を持って演奏できているか,音楽に乗ることができているか,聴覚情報,,,,,,,
6/15/2022 16:33:44,,二人目の演奏,二人目の演奏,二人目の演奏,二人目の演奏,一人目の演奏,二人目の演奏,一人目の演奏,二人目の演奏,一人目の演奏,二人目の演奏,一人目の演奏,一人目の演奏,二人目の演奏,二人目の演奏,二人目の演奏,二人目の演奏,一人目の演奏,一人目の演奏,二人目の演奏,一人目の演奏,二人目の演奏,二人目の演奏,二人目の演奏,二人目の演奏,一人目の演奏,54a65a55b66b51b74a70b59b69b62a72b52a71b56b75b61b64a67b58b60a63a73b53b68a57b,22,女,日本語,2~5年,ピアノ,ない,ある,ない,ある,ない,ない,ない,指の動かし方,リズム,聴覚情報,,,,,,,
6/16/2022 15:39:52,,一人目の演奏,一人目の演奏,二人目の演奏,二人目の演奏,二人目の演奏,一人目の演奏,一人目の演奏,二人目の演奏,一人目の演奏,一人目の演奏,一人目の演奏,一人目の演奏,二人目の演奏,二人目の演奏,二人目の演奏,二人目の演奏,一人目の演奏,二人目の演奏,二人目の演奏,一人目の演奏,一人目の演奏,二人目の演奏,二人目の演奏,二人目の演奏,一人目の演奏,69a56b63b60a65a62a58b73a57b71a59b64b67b51b68b52a61a55a72a54b53a70b74a75a66a,56,女,日本語,~2年,二胡,ない,ある,ない,ある,ない,ない,ない,目線　指使い　音の強弱,指の運び方　体勢　指使い,聴覚情報,音が短かった　違う音だと評価しづらい　指元が見えないと評価しづらい,,,,,,
6/16/2022 18:08:53,,一人目の演奏,二人目の演奏,一人目の演奏,二人目の演奏,一人目の演奏,二人目の演奏,二人目の演奏,一人目の演奏,二人目の演奏,二人目の演奏,一人目の演奏,一人目の演奏,二人目の演奏,一人目の演奏,一人目の演奏,一人目の演奏,二人目の演奏,一人目の演奏,一人目の演奏,二人目の演奏,二人目の演奏,一人目の演奏,二人目の演奏,二人目の演奏,二人目の演奏,70a69b66a56b64b59a53b68a51b62a54a73a57a72b55a52b65b74b63a75b67b58a60b61b71b,18,女,日本語,なし,なし,ない,ある,ない,ある,ない,ない,ない,手の動きのスムーズさ、音にテクニックを感じるか否か,動きの滑らかさ、音のつながり,聴覚情報,,,,,,,
6/16/2022 20:14:11,,一人目の演奏,一人目の演奏,一人目の演奏,二人目の演奏,二人目の演奏,一人目の演奏,二人目の演奏,二人目の演奏,一人目の演奏,二人目の演奏,一人目の演奏,一人目の演奏,二人目の演奏,一人目の演奏,一人目の演奏,一人目の演奏,二人目の演奏,二人目の演奏,二人目の演奏,二人目の演奏,一人目の演奏,一人目の演奏,一人目の演奏,一人目の演奏,二人目の演奏,61b53a55b59a74b66a52b65a70b73b67b54b56b57b64a68b58b75b62b63a71b69a51b60a72b,19,男,Japanese,~2年,ピアノ(幼少期の為ほとんど記憶なし),ない,ある,ある,ある,ない,ある,ない,音が綺麗に連続しているか否か,鍵盤を叩く強弱,聴覚情報,,,,,,,
6/16/2022 22:20:28,,一人目の演奏,一人目の演奏,一人目の演奏,二人目の演奏,二人目の演奏,一人目の演奏,二人目の演奏,一人目の演奏,一人目の演奏,一人目の演奏,二人目の演奏,一人目の演奏,一人目の演奏,一人目の演奏,二人目の演奏,二人目の演奏,二人目の演奏,一人目の演奏,一人目の演奏,二人目の演奏,一人目の演奏,一人目の演奏,一人目の演奏,一人目の演奏,二人目の演奏,55b66b67b62a61b57b52b70a59b51a71b63a68a65a58b75a69b60a56b64b72a54b73a74b53b,44,女,日本語,10年以上,ピアノ、コントラバス、バイオリン,ある,ある,ある,ある,ない,ある,ある,バチの動き,強弱や音の滑らかさ,聴覚情報,映像が6秒程度だったので、評価するのが難しかった。音だけと、奏者プラス音では評価が違った項目もあったように感じる。,,,,,,
6/18/2022 0:27:24,,二人目の演奏,一人目の演奏,一人目の演奏,二人目の演奏,一人目の演奏,一人目の演奏,一人目の演奏,一人目の演奏,一人目の演奏,一人目の演奏,二人目の演奏,二人目の演奏,二人目の演奏,二人目の演奏,一人目の演奏,二人目の演奏,二人目の演奏,二人目の演奏,一人目の演奏,二人目の演奏,二人目の演奏,二人目の演奏,一人目の演奏,二人目の演奏,二人目の演奏,71b61a70a68b64a73a69a62a51a66a67b56b57a63b72b55a74a53a65b75a60b52a58a54a59b,19,女,日本語,5~9年,ピアノ、声楽,ある,ある,ない,ある,ない,ない,ある,奏者の目線、音の強弱,肩などを含めた全体の動き、指使い、リズムや間の取り方、次の音を出す際の滑らかさ,視覚情報,,,,,,,
6/19/2022 20:39:30,,一人目の演奏,二人目の演奏,二人目の演奏,二人目の演奏,二人目の演奏,一人目の演奏,二人目の演奏,一人目の演奏,二人目の演奏,二人目の演奏,二人目の演奏,二人目の演奏,二人目の演奏,二人目の演奏,一人目の演奏,二人目の演奏,一人目の演奏,一人目の演奏,一人目の演奏,二人目の演奏,一人目の演奏,一人目の演奏,二人目の演奏,一人目の演奏,二人目の演奏,58a53a61b51b71b60a68b59b54b70a63a52a62b73a65b55b74b69b66a72a75b56a57a67b64a,18,男,日本語,なし,経験なし,ある,ある,ある,ある,ない,ない,ない,音,音,聴覚情報,,,,,,,
6/25/2022 0:49:27,,二人目の演奏,二人目の演奏,一人目の演奏,一人目の演奏,一人目の演奏,一人目の演奏,一人目の演奏,二人目の演奏,一人目の演奏,一人目の演奏,二人目の演奏,一人目の演奏,二人目の演奏,一人目の演奏,一人目の演奏,一人目の演奏,一人目の演奏,二人目の演奏,一人目の演奏,二人目の演奏,二人目の演奏,一人目の演奏,一人目の演奏,一人目の演奏,二人目の演奏,55b71b53a72a65a64b75a51a69a67a60b70b54b57a58a74b52a61b66b68a62b59a63a56a73b,22,女,日本語,10年以上,ピアノ、ドラム,ない,ある,ない,ある,ない,ある,ある,強弱、不自然な詰まりがないか、ためが不規則（不安定？）ではないか、細かい音が丁寧に演奏されているか,強弱、迫力、音の粒が揃っているか、細かい音も丁寧に演奏されているか,聴覚情報,面白い実験でした。津軽三味線は聴いたことがありませんでしたが、この実験でいろいろな人の演奏を聴いて、想像していた以上に結構個性がしっかり出る楽器なんだな(どんな楽器でもそうかもしれませんが)と感じました。,,,,,,
6/25/2022 4:59:46,,一人目の演奏,二人目の演奏,一人目の演奏,一人目の演奏,二人目の演奏,一人目の演奏,二人目の演奏,二人目の演奏,一人目の演奏,一人目の演奏,二人目の演奏,二人目の演奏,一人目の演奏,二人目の演奏,二人目の演奏,二人目の演奏,二人目の演奏,二人目の演奏,一人目の演奏,一人目の演奏,一人目の演奏,二人目の演奏,一人目の演奏,二人目の演奏,一人目の演奏,51b55a61a54a72a68a74a66b60b63a58a62b71b73b52b53a59a65b69b56b57b64b70a75a67a,22,女,日本語,10年以上,ピアノ、チェンバロ、オルガン、フォルテピアノ、声楽,ない,ある,ない,ある,ない,ある,ある,音の残響の残り方。,休符の歌い方、身体の動きの静かさ,聴覚情報,視覚だけで判断するというのがとても斬新で面白い経験となりました。,,,,,,
6/25/2022 15:15:52,,二人目の演奏,一人目の演奏,一人目の演奏,一人目の演奏,二人目の演奏,二人目の演奏,二人目の演奏,二人目の演奏,一人目の演奏,一人目の演奏,二人目の演奏,一人目の演奏,二人目の演奏,一人目の演奏,二人目の演奏,一人目の演奏,二人目の演奏,二人目の演奏,二人目の演奏,一人目の演奏,一人目の演奏,二人目の演奏,一人目の演奏,二人目の演奏,二人目の演奏,63a55a60a52a72b69b56a70a67a74b73b57b54b68a53a66b59b65a62a71a75b58b61b64a51b,19,男,日本語,なし,音楽経験なし,ある,ある,ある,ある,ない,ない,ない,音の迫力,メロディーの美しさ,聴覚情報,,,,,,,
6/28/2022 15:46:11,,二人目の演奏,二人目の演奏,二人目の演奏,二人目の演奏,一人目の演奏,一人目の演奏,一人目の演奏,二人目の演奏,一人目の演奏,二人目の演奏,二人目の演奏,二人目の演奏,二人目の演奏,二人目の演奏,二人目の演奏,一人目の演奏,二人目の演奏,一人目の演奏,一人目の演奏,一人目の演奏,二人目の演奏,二人目の演奏,一人目の演奏,一人目の演奏,二人目の演奏,69b63a56b65b68a58a66b59b55a54b60b75b71b61b64a51a73b57a53a72a52b62b70a67a74b,23,男,日本語,5~9年,ピアノ　歌,ある,ある,ある,ある,ない,ない,ある,音の跳ね具合,音のキレと音響,聴覚情報,視覚に関しては画角を統一したほうがいいのかなと思いました。手元が見えていたほうがいいかなと思いました。,,,,,,
7/4/2022 19:30:35,,一人目の演奏,一人目の演奏,二人目の演奏,一人目の演奏,二人目の演奏,一人目の演奏,二人目の演奏,二人目の演奏,二人目の演奏,一人目の演奏,二人目の演奏,一人目の演奏,一人目の演奏,一人目の演奏,一人目の演奏,二人目の演奏,二人目の演奏,一人目の演奏,一人目の演奏,二人目の演奏,二人目の演奏,一人目の演奏,二人目の演奏,二人目の演奏,二人目の演奏,69a60a58a73b51b62a75b54b74a66b53a67a64a52a71a59b63b55a56a70a72b61a57b68b65b,42,女,日本語,10年以上,ピアノ、クラリネット、サックス、アコースティックギター、ウクレレ,ある,ある,ある,ある,ない,ない,ない,音と、構えている姿勢,音、弾いているときの姿勢、手の動き,聴覚情報,ピアノの演奏は、おそらく全員かなり上手い人だったので、あまり差がないように感じました。,,,,,,
7/11/2022 17:52:50,,二人目の演奏,二人目の演奏,二人目の演奏,二人目の演奏,二人目の演奏,二人目の演奏,一人目の演奏,二人目の演奏,一人目の演奏,一人目の演奏,二人目の演奏,二人目の演奏,一人目の演奏,二人目の演奏,一人目の演奏,一人目の演奏,一人目の演奏,二人目の演奏,二人目の演奏,一人目の演奏,二人目の演奏,一人目の演奏,一人目の演奏,二人目の演奏,一人目の演奏,60a65b56b61b72a52a74b69b66a57a75b73b68a54b58a67a64a53a62a70a55a71a63a51b59a,18,女,日本語,10年以上,ピアノ、ヴァイオリン、津軽三味線,ある,ある,ある,ある,ない,ない,ない,たたき方、姿勢、太鼓をたたく音がするかどうか、音程,姿勢、指の動きが滑らかかどうか、音の強弱がついているか、音色,聴覚情報,,,,,,,
7/11/2022 20:25:50,,一人目の演奏,二人目の演奏,一人目の演奏,一人目の演奏,二人目の演奏,一人目の演奏,二人目の演奏,二人目の演奏,一人目の演奏,一人目の演奏,二人目の演奏,二人目の演奏,一人目の演奏,一人目の演奏,二人目の演奏,二人目の演奏,二人目の演奏,二人目の演奏,二人目の演奏,一人目の演奏,二人目の演奏,二人目の演奏,二人目の演奏,二人目の演奏,一人目の演奏,75a52a65b54a61b60a67b66b53b72a58a56b71a51a59b68b69b62a55a57b70b74a63a73b64a,19,女,日本語,10年以上,ピアノ、テナーサックス、ギター、津軽三味線,ある,ある,ある,ある,ない,ない,ない,音程の正確さとリズム,リズムの正確さと表現力,聴覚情報,,,,,,,
7/14/2022 20:26:59,,二人目の演奏,二人目の演奏,二人目の演奏,二人目の演奏,二人目の演奏,二人目の演奏,一人目の演奏,二人目の演奏,二人目の演奏,一人目の演奏,一人目の演奏,一人目の演奏,一人目の演奏,二人目の演奏,一人目の演奏,二人目の演奏,一人目の演奏,二人目の演奏,二人目の演奏,一人目の演奏,二人目の演奏,二人目の演奏,二人目の演奏,二人目の演奏,二人目の演奏,68a54b67b53b65b59a71a63b58b73a64a61a60a69a75b56a51b57a55a70b72a66a74b52b62a,35,女,日本語,10年以上,ピアノ、サックス、ベース,ある,ある,ある,ある,ない,ない,ない,間のとり方,音のたちあがり,聴覚情報,,,,,,,
7/15/2022 11:41:53,,一人目の演奏,二人目の演奏,二人目の演奏,二人目の演奏,一人目の演奏,二人目の演奏,一人目の演奏,二人目の演奏,二人目の演奏,一人目の演奏,一人目の演奏,二人目の演奏,一人目の演奏,二人目の演奏,一人目の演奏,一人目の演奏,二人目の演奏,二人目の演奏,一人目の演奏,二人目の演奏,二人目の演奏,二人目の演奏,二人目の演奏,一人目の演奏,一人目の演奏,57a72b59b73a75b71b61a74a62b58b53a70b52a64a60a55a66b51b68a65b69a54b67b63b56b,64,女,日本語,5~9年,ピアノ,ある,ある,ある,ある,ない,ない,ない,音色,感動,聴覚情報,興味ある実験でした、考察を楽しみにしております,,129と同一人物,,,,
7/16/2022 23:49:55,,二人目の演奏,二人目の演奏,二人目の演奏,二人目の演奏,一人目の演奏,一人目の演奏,二人目の演奏,一人目の演奏,二人目の演奏,二人目の演奏,二人目の演奏,一人目の演奏,二人目の演奏,二人目の演奏,一人目の演奏,一人目の演奏,一人目の演奏,一人目の演奏,二人目の演奏,二人目の演奏,一人目の演奏,一人目の演奏,二人目の演奏,二人目の演奏,二人目の演奏,51b54a56a70a52a75a60a62a66a65a69b53a71b61b58a67a73a55a63b68a74b64b72b59a57b,18,男,日本語,~2年,津軽三味線,ある,ある,ある,ある,ない,ない,ない,音の強弱、指使い、目線,音の強弱、体を使った表現,聴覚情報,,,,,,,
7/24/2022 7:55:04,,一人目の演奏,一人目の演奏,一人目の演奏,二人目の演奏,二人目の演奏,一人目の演奏,二人目の演奏,一人目の演奏,二人目の演奏,一人目の演奏,一人目の演奏,一人目の演奏,二人目の演奏,二人目の演奏,二人目の演奏,一人目の演奏,一人目の演奏,二人目の演奏,二人目の演奏,二人目の演奏,一人目の演奏,一人目の演奏,二人目の演奏,一人目の演奏,二人目の演奏,74b70a52a58b53b51a68b62a60a67b65a56a75b69b55b57b59b72b66b54b61a73a63b71a64b,41,女,日本語,なし,なし,ない,ある,ない,ない,ない,ない,ない,音の歯切れの良さ、響き方や余韻、強弱の付け方,心に響くかどうか,聴覚情報,パット～、応援しています！！（少しで力になれれば…）,,,,,,
7/25/2022 20:34:07,,一人目の演奏,二人目の演奏,二人目の演奏,二人目の演奏,二人目の演奏,二人目の演奏,二人目の演奏,一人目の演奏,二人目の演奏,二人目の演奏,一人目の演奏,二人目の演奏,二人目の演奏,二人目の演奏,二人目の演奏,一人目の演奏,二人目の演奏,二人目の演奏,一人目の演奏,一人目の演奏,二人目の演奏,二人目の演奏,二人目の演奏,二人目の演奏,二人目の演奏,63a74a64b55a67b75b72b60b65b57b66a71b70b54b56b52b53a59b58a51a68b61b62b73a69b,23,男,日本語,10年以上,ピアノ、クラリネット、サックス、(長唄)、長唄三味線、小鼓、大皷,ある,ある,ない,ある,ない,ない,ない,勘所(ピッチ)、弾き損ねの有無、音の通り、弾く姿勢、,曲の聞き映え、身体を使って弾いているか,聴覚情報,視覚と聴覚と大切な方を選ぼうとすると聴覚になるが、視覚も判断基準には大きく関わってくると思う。,,,,Task1のdataなし,,
8/2/2022 15:00:52,,一人目の演奏,二人目の演奏,一人目の演奏,二人目の演奏,一人目の演奏,二人目の演奏,二人目の演奏,二人目の演奏,二人目の演奏,二人目の演奏,一人目の演奏,二人目の演奏,一人目の演奏,一人目の演奏,二人目の演奏,一人目の演奏,二人目の演奏,二人目の演奏,二人目の演奏,二人目の演奏,二人目の演奏,二人目の演奏,二人目の演奏,一人目の演奏,一人目の演奏,75b65b58a60b74b66a56b61b54a55b53a72a68a69a57a73a59b67b52a71b64b70b62b63a51b,25,女,日本語,2~5年,ピアノ，クラリネット,ある,ある,ない,ある,ない,ない,ない,手の動き，リズム,リズム，手の動き,聴覚情報,,,,,,,
8/2/2022 23:05:49,,一人目の演奏,一人目の演奏,一人目の演奏,二人目の演奏,一人目の演奏,二人目の演奏,二人目の演奏,二人目の演奏,一人目の演奏,一人目の演奏,二人目の演奏,一人目の演奏,一人目の演奏,二人目の演奏,一人目の演奏,二人目の演奏,一人目の演奏,二人目の演奏,一人目の演奏,二人目の演奏,二人目の演奏,二人目の演奏,一人目の演奏,二人目の演奏,一人目の演奏,55b75b70a71a61a58a72b69b56a59a67b51a66a62a53b63a68a57a74a65a52b64b54a73b60a,31,男,日本語,10年以上,アルトサックス、テナーサックス,ある,ある,ある,ある,ない,ない,ある,撥で音の止める時しっかり止まっているか,スケールやアルペジオのときに音が綺麗に鳴ってるか、音の余韻をどう処理しているか,聴覚情報,最終的には好みだと思いました。,,,,,,
8/3/2022 23:03:01,,二人目の演奏,二人目の演奏,二人目の演奏,二人目の演奏,一人目の演奏,一人目の演奏,二人目の演奏,一人目の演奏,一人目の演奏,二人目の演奏,二人目の演奏,二人目の演奏,二人目の演奏,二人目の演奏,二人目の演奏,二人目の演奏,一人目の演奏,一人目の演奏,一人目の演奏,一人目の演奏,一人目の演奏,一人目の演奏,二人目の演奏,二人目の演奏,二人目の演奏,59a51b73b52a53b68a55b62a60a57a64a58b65b69b67b70b63a66a61a74b71a54b75b56a72a,19,女,日本語,10年以上,ピアノ,ある,ある,ない,ある,ない,ない,ない,手の動きの細かさ、目線、音の繋がり,手の動き、音の粒がそろっているか、主旋律の響き,聴覚情報,"ピアノの視覚のみが特に苦戦しました。演奏時間が短かったので、かなり迷いました。
視覚のみ、聴覚のみ、視覚と聴覚で、同じ対象でも優勝者だと思う方が一致しなかったことがあったなと実験を進めて感じました。",,,,,,
8/3/2022 23:40:26,,二人目の演奏,二人目の演奏,一人目の演奏,一人目の演奏,一人目の演奏,二人目の演奏,二人目の演奏,一人目の演奏,二人目の演奏,二人目の演奏,一人目の演奏,一人目の演奏,一人目の演奏,一人目の演奏,一人目の演奏,一人目の演奏,一人目の演奏,二人目の演奏,二人目の演奏,一人目の演奏,二人目の演奏,二人目の演奏,一人目の演奏,二人目の演奏,一人目の演奏,59a51a70b55a58a67b54a74a61a65b75b64b63a69a73a52b68a62b71b60a66b56a53b72a57a,35,女,日本語,10年以上,声楽、ピアノ,ある,ある,ある,ある,ない,ない,ある,どちらの音がきれいか,どちらの演奏する音楽が好きか,聴覚情報,聴覚情報が大事だとは思いつつも、音源と映像両方あったほうが評価しやすかった。,,,,,,
8/20/2022 22:36:51,,一人目の演奏,二人目の演奏,一人目の演奏,二人目の演奏,一人目の演奏,二人目の演奏,一人目の演奏,一人目の演奏,二人目の演奏,二人目の演奏,二人目の演奏,一人目の演奏,二人目の演奏,一人目の演奏,一人目の演奏,二人目の演奏,二人目の演奏,一人目の演奏,一人目の演奏,一人目の演奏,一人目の演奏,二人目の演奏,一人目の演奏,一人目の演奏,二人目の演奏,64b55b52b62b67a59a72b75b68b71b56a65a57a74b63a60b58b66a69a51a70a54a53b61b73b,74,男,日本語,なし,なし,ある,ある,ある,ある,ない,ない,ない,音,音,聴覚情報,,,,,,,
9/12/2022 21:04:22,,一人目の演奏,二人目の演奏,二人目の演奏,二人目の演奏,一人目の演奏,二人目の演奏,一人目の演奏,一人目の演奏,二人目の演奏,一人目の演奏,二人目の演奏,一人目の演奏,二人目の演奏,二人目の演奏,一人目の演奏,一人目の演奏,二人目の演奏,二人目の演奏,二人目の演奏,二人目の演奏,一人目の演奏,一人目の演奏,一人目の演奏,二人目の演奏,一人目の演奏,64b65b67b72b58a59a56b69b68a70a52a66b63b51a60a61a62b73b57b74a54a75b55a71b53a,28,男,日本語,2~5年,ピアノ,ない,ある,ない,ある,ない,ある,ない,音の張り？　奏者のリラックス感,音の粒　手の動き,聴覚情報,実験に参加させていただきありがとうございます。,,,,,,
9/18/2022 12:46:03,,一人目の演奏,一人目の演奏,一人目の演奏,一人目の演奏,二人目の演奏,一人目の演奏,一人目の演奏,二人目の演奏,一人目の演奏,一人目の演奏,一人目の演奏,一人目の演奏,一人目の演奏,二人目の演奏,一人目の演奏,二人目の演奏,二人目の演奏,二人目の演奏,一人目の演奏,二人目の演奏,二人目の演奏,二人目の演奏,二人目の演奏,二人目の演奏,二人目の演奏,71a65b60a62b64b58a51b75b69a74b72b57a54a63b52b73b68b56b70a66a61b53a59b55a67b,28,女,日本語,なし,なし,ない,ある,ない,ある,ない,ない,ない,音の響き,姿勢,視覚情報,,,,,,,
9/19/2022 13:54:59,,一人目の演奏,二人目の演奏,二人目の演奏,一人目の演奏,二人目の演奏,一人目の演奏,一人目の演奏,二人目の演奏,二人目の演奏,一人目の演奏,一人目の演奏,二人目の演奏,二人目の演奏,二人目の演奏,二人目の演奏,二人目の演奏,一人目の演奏,一人目の演奏,一人目の演奏,二人目の演奏,二人目の演奏,一人目の演奏,二人目の演奏,一人目の演奏,二人目の演奏,71a52b69b64a73b55b59b67b72a68a75b61a54a51a56a66b63b57a60b65b74a62a53b70a58a,47,女,日本語,なし,なし,ある,ある,ある,ある,ない,ない,ない,音が切れていないか、です,音が切れていないか、滑らかか、力強いか、です,聴覚情報,視覚は見た目判断で、好みで判断している。聴覚をもって正される気がした,,,,,,
9/22/2022 0:52:20,,一人目の演奏,一人目の演奏,一人目の演奏,二人目の演奏,二人目の演奏,二人目の演奏,一人目の演奏,一人目の演奏,一人目の演奏,二人目の演奏,一人目の演奏,二人目の演奏,一人目の演奏,一人目の演奏,二人目の演奏,二人目の演奏,一人目の演奏,二人目の演奏,一人目の演奏,一人目の演奏,一人目の演奏,一人目の演奏,一人目の演奏,二人目の演奏,二人目の演奏,62b58a56a57a52a60b63a64b65b66a53b71a67b54a75b55b73a70b69b61a51a72b74b59b68a,22,男,日本語,2~5年,ピアノ,ない,ある,ある,ある,ない,ない,ない,表情,手の動き,視覚情報,,,,,,,
9/30/2022 16:05:58,,一人目の演奏,一人目の演奏,一人目の演奏,二人目の演奏,二人目の演奏,二人目の演奏,二人目の演奏,一人目の演奏,一人目の演奏,一人目の演奏,一人目の演奏,一人目の演奏,二人目の演奏,一人目の演奏,一人目の演奏,二人目の演奏,二人目の演奏,二人目の演奏,二人目の演奏,一人目の演奏,一人目の演奏,一人目の演奏,一人目の演奏,二人目の演奏,二人目の演奏,65b54a70b68b59b62b52a73b72b66a57b51a60a64a75b74a61b71b69b56a55b63a67b58b53b,４７,男,日本語,10年以上,ホルン　トランペット,ない,ある,ない,ある,ない,ない,ある,左手の動き　音の発音と響き,指の滑らかさ　音色,聴覚情報,,,,,Task1のdataなし,,
10/1/2022 18:38:02,,二人目の演奏,二人目の演奏,一人目の演奏,一人目の演奏,一人目の演奏,一人目の演奏,二人目の演奏,二人目の演奏,二人目の演奏,一人目の演奏,二人目の演奏,二人目の演奏,二人目の演奏,二人目の演奏,一人目の演奏,二人目の演奏,二人目の演奏,二人目の演奏,二人目の演奏,二人目の演奏,一人目の演奏,一人目の演奏,二人目の演奏,二人目の演奏,一人目の演奏,70a75b71a67a53b74b61b58b59b66a69b63b60b55a62a64a51b72b56b52b65b68b54b57a73a,45,女,日本語,10年以上,ピアノ/サックス/ファゴット/フルート/トランペット,ない,ある,ない,ある,ない,ない,ある,安定感と滑らかさ,音の粒,聴覚情報,面白い実験でした。,,,,,,
10/11/2022 0:07:23,,二人目の演奏,二人目の演奏,一人目の演奏,二人目の演奏,一人目の演奏,一人目の演奏,一人目の演奏,一人目の演奏,一人目の演奏,一人目の演奏,一人目の演奏,一人目の演奏,二人目の演奏,一人目の演奏,二人目の演奏,二人目の演奏,二人目の演奏,二人目の演奏,二人目の演奏,一人目の演奏,二人目の演奏,一人目の演奏,二人目の演奏,二人目の演奏,一人目の演奏,58b74a65a55b63a66a62b52b59a68b73b61a67b70b60a72a69b64b57a71a54b51a75b53a56a,21,女,日本語,10年以上,三線,ある,ある,ある,ある,ない,ない,ある,音の力強さや、自信がありそうか否か。,低音と高音の前後の激しさや音の深み,聴覚情報,,,,,,,
10/14/2022 12:37:09,,一人目の演奏,一人目の演奏,二人目の演奏,一人目の演奏,一人目の演奏,一人目の演奏,二人目の演奏,一人目の演奏,一人目の演奏,二人目の演奏,一人目の演奏,一人目の演奏,二人目の演奏,一人目の演奏,一人目の演奏,二人目の演奏,一人目の演奏,一人目の演奏,二人目の演奏,一人目の演奏,一人目の演奏,一人目の演奏,一人目の演奏,二人目の演奏,一人目の演奏,58a62a67a61a72b63b57a68b75a60a52a51b73a56a65b54b71a64b55b53b66b70b74a59a69a,19,女,Japanese,なし,なし,ない,ある,ない,ある,ない,ない,ない,音,音,聴覚情報,,不可,Task2の実施時間4分,,,,
10/14/2022 14:18:42,,二人目の演奏,一人目の演奏,一人目の演奏,一人目の演奏,一人目の演奏,二人目の演奏,一人目の演奏,一人目の演奏,二人目の演奏,二人目の演奏,一人目の演奏,二人目の演奏,二人目の演奏,二人目の演奏,一人目の演奏,一人目の演奏,二人目の演奏,二人目の演奏,一人目の演奏,一人目の演奏,二人目の演奏,二人目の演奏,二人目の演奏,二人目の演奏,一人目の演奏,74a61b56b57b59a51b70a63a62b72b66b53a69b55b65b71a52b75a64b68b60b54b73b67a58a,18,女,日本語,なし,ありません,ない,ある,ない,ある,ない,ない,ない,音が綺麗に聞こえているかどうかや姿勢などを見て評価した,聞いてて心地良かったかどうかで評価した,聴覚情報,,,,,,,
10/14/2022 15:22:22,,二人目の演奏,二人目の演奏,一人目の演奏,一人目の演奏,二人目の演奏,一人目の演奏,二人目の演奏,二人目の演奏,二人目の演奏,二人目の演奏,一人目の演奏,二人目の演奏,二人目の演奏,一人目の演奏,一人目の演奏,一人目の演奏,一人目の演奏,一人目の演奏,一人目の演奏,二人目の演奏,一人目の演奏,一人目の演奏,二人目の演奏,一人目の演奏,二人目の演奏,55b70b61a56b63b66b67b68b58a59b51a64a71b74b60b52a62a73a75a57a72b53a54b69b65b,19,女,日本語,なし,なし,ない,ある,ない,ある,ない,ない,ない,音の硬さ,音の滑らかさ,聴覚情報,,,,,Task1のdataなし,,
10/14/2022 22:49:42,,一人目の演奏,二人目の演奏,一人目の演奏,二人目の演奏,二人目の演奏,二人目の演奏,二人目の演奏,二人目の演奏,二人目の演奏,二人目の演奏,一人目の演奏,二人目の演奏,二人目の演奏,二人目の演奏,一人目の演奏,二人目の演奏,二人目の演奏,二人目の演奏,二人目の演奏,二人目の演奏,一人目の演奏,二人目の演奏,二人目の演奏,二人目の演奏,一人目の演奏,60a69b52a70a66b64b65a73b57a72b56a53b54a74a55b51b62b67a75b61b59b68a63a58b71a,19,男,Vietnamese,~2年,Guitar ,ある,ある,ある,ある,ない,ない,ある,The dynamic as well as the tempo ,"I'm on the fence, i relied both on expressions and the technical skills, I prefer them to express themselves but not by too much ",聴覚情報,,不可,母国語が日本語ではない,,,,
10/15/2022 18:20:57,,一人目の演奏,二人目の演奏,一人目の演奏,一人目の演奏,二人目の演奏,二人目の演奏,二人目の演奏,一人目の演奏,一人目の演奏,二人目の演奏,一人目の演奏,一人目の演奏,二人目の演奏,一人目の演奏,二人目の演奏,二人目の演奏,二人目の演奏,二人目の演奏,一人目の演奏,二人目の演奏,一人目の演奏,二人目の演奏,一人目の演奏,一人目の演奏,一人目の演奏,58a59b71a72a67a54b66a53b55b70b57a62a51b60b69b68a63a61a75b73a56b74a52b65a64b,18,女,Chinese,10年以上, piano,ある,ある,ない,ある,ない,ある,ない,interesting,beautiful,視覚情報,,不可,母国語が日本語ではない,,Task2の実施時間3分,,
10/16/2022 11:54:42,,二人目の演奏,二人目の演奏,二人目の演奏,二人目の演奏,一人目の演奏,一人目の演奏,二人目の演奏,二人目の演奏,一人目の演奏,一人目の演奏,一人目の演奏,一人目の演奏,一人目の演奏,二人目の演奏,二人目の演奏,二人目の演奏,二人目の演奏,一人目の演奏,二人目の演奏,二人目の演奏,二人目の演奏,二人目の演奏,一人目の演奏,一人目の演奏,一人目の演奏,72b53b66b65a69a71a58a57a63a52a54a74a62a70b56b73a68b59b67b51a64b60a75b55a61b,18,女,Japanese,5~9年,ピアノ,ない,ある,ない,ある,ない,ない,ない,津軽三味線について詳しくないので、直感です。,直感と、いかに演奏している音楽を音と演奏者から表現しているかに少し着目していました,聴覚情報,,,,,,,
10/16/2022 16:23:17,,一人目の演奏,一人目の演奏,一人目の演奏,一人目の演奏,一人目の演奏,二人目の演奏,二人目の演奏,一人目の演奏,一人目の演奏,二人目の演奏,二人目の演奏,一人目の演奏,一人目の演奏,一人目の演奏,二人目の演奏,二人目の演奏,一人目の演奏,一人目の演奏,一人目の演奏,二人目の演奏,二人目の演奏,一人目の演奏,一人目の演奏,二人目の演奏,二人目の演奏,53b64a52a51a70a71a67b66a55b61b60b73a62b54b75a65a59a68a72b57a63b58a74b69b56b,18,男,英語,5~9年,ピアノ,ある,ある,ない,ある,ない,ない,ない,リズム、どのぐらい同じシーケンスが続いたか、手の動きとその複雑さ（見た目）、姿勢などをもとに評価しました。,リズム、スタイル、自分の好み（聞く）、表情や手の動き（見た目）をもとに評価しました。,聴覚情報,津軽三味線とピアノの演奏それぞれ、全体のパフォーマンスのどの部分を抜粋したのかが気になりました（曲によって始めがゆっくり、早いなどいろいろな種類があるため）。どの大会で参加者みんな同じ曲を弾いてたのか（もしあったら）、参加者によって曲それぞれだったのかなども気になりました。,不可,母国語が日本語ではない,,,,
10/17/2022 0:39:20,,一人目の演奏,一人目の演奏,一人目の演奏,二人目の演奏,二人目の演奏,一人目の演奏,二人目の演奏,二人目の演奏,二人目の演奏,二人目の演奏,一人目の演奏,二人目の演奏,一人目の演奏,一人目の演奏,一人目の演奏,二人目の演奏,二人目の演奏,二人目の演奏,二人目の演奏,一人目の演奏,二人目の演奏,一人目の演奏,二人目の演奏,二人目の演奏,二人目の演奏,58b60b75b51a66a57a73b55b61a63b68b67a74b72b69b59a52a56a62b53b54a70a64a65b71b,21,女,日本語,2~5年,トロンボーン,ある,ある,ある,ある,ない,ない,ある,速さ,速さ,聴覚情報,,,,,,,
10/17/2022 1:01:05,,一人目の演奏,一人目の演奏,二人目の演奏,二人目の演奏,一人目の演奏,二人目の演奏,二人目の演奏,一人目の演奏,二人目の演奏,二人目の演奏,二人目の演奏,一人目の演奏,一人目の演奏,二人目の演奏,二人目の演奏,二人目の演奏,二人目の演奏,二人目の演奏,二人目の演奏,一人目の演奏,二人目の演奏,二人目の演奏,一人目の演奏,一人目の演奏,二人目の演奏,63a61a53a51b66a69b67a74b72a62b75a52b60a54a55b56b57a58a70a59b65b68b64a71a73b,18,女,日本語,なし,サックスフォン,ない,ある,ない,ある,ない,ない,ない,どれくらい手元を見て弾いているか。そして、聞いていて気持ちいいかどうか。,聞いていて、もっと聞きたいと思うか。強弱があるか。手を動かすスピードが速いか。,視覚情報,,,,,,,
10/17/2022 18:32:33,,二人目の演奏,二人目の演奏,二人目の演奏,二人目の演奏,二人目の演奏,一人目の演奏,一人目の演奏,二人目の演奏,二人目の演奏,二人目の演奏,一人目の演奏,一人目の演奏,二人目の演奏,二人目の演奏,一人目の演奏,二人目の演奏,一人目の演奏,二人目の演奏,二人目の演奏,二人目の演奏,一人目の演奏,二人目の演奏,二人目の演奏,一人目の演奏,一人目の演奏,59a62b70b60b66b58a55a71b67b53a51b72b68b64a63a73b69a52a74a54b61a57a56b75b65b,38,女,日本語,10年以上,声楽、ピアノ、三味線（細竿）,ある,ある,ある,ある,ない,ない,ある,音程は明瞭ながらも、独特の音の揺らぎがあるような、味わいがあること。リズムというか、曲調のノリを感じること。,打鍵の正確性とフレージング、音色。,聴覚情報,"聴き比べのとき、全く違うパッセージの部分なので比較しづらい。例えば、片方は単旋律を弾いているのに、片方は重音とか、片方は幅広い音域を激しく弾く部分なのに、片方は静かなパートなど。
見た目のパフォーマンスの大きさや、表情がどのくらい演奏評価に貢献しているのか大変興味を持ちました。",,,,,,
10/17/2022 18:36:35,,一人目の演奏,一人目の演奏,二人目の演奏,二人目の演奏,一人目の演奏,二人目の演奏,二人目の演奏,一人目の演奏,二人目の演奏,一人目の演奏,二人目の演奏,二人目の演奏,二人目の演奏,二人目の演奏,一人目の演奏,一人目の演奏,二人目の演奏,一人目の演奏,一人目の演奏,一人目の演奏,一人目の演奏,一人目の演奏,一人目の演奏,一人目の演奏,一人目の演奏,72a54b60a62b74a68a75b71a51b66a53b63a57a52a56b67b73a55a65b58b70b64a61a69b59a,19,男,English,5~9年,"piano, guitar, bass",ある,ある,ない,ある,ない,ない,ある,"isntead of the strumming, the left hand and finger picking techniques",their facial expressions and how they felt during their performance,視覚情報,,不可,母国語が日本語ではない,,Task1のdataなし,,
10/17/2022 19:45:13,,二人目の演奏,二人目の演奏,二人目の演奏,一人目の演奏,一人目の演奏,二人目の演奏,一人目の演奏,二人目の演奏,二人目の演奏,一人目の演奏,一人目の演奏,二人目の演奏,二人目の演奏,二人目の演奏,一人目の演奏,一人目の演奏,一人目の演奏,一人目の演奏,二人目の演奏,二人目の演奏,一人目の演奏,二人目の演奏,二人目の演奏,二人目の演奏,一人目の演奏,66b58b68a67a56b51a53b75b74a70a69a64b65b73b71a61b54a62b55b59a60a63a52a72b57a,56,女,日本語,なし,なし,ある,ある,ある,ある,ない,ない,ない,指さばき,指さばき、身体の揺らし具合,聴覚情報,,,,,,,
10/17/2022 21:35:38,,一人目の演奏,一人目の演奏,一人目の演奏,二人目の演奏,二人目の演奏,一人目の演奏,一人目の演奏,一人目の演奏,一人目の演奏,二人目の演奏,一人目の演奏,二人目の演奏,二人目の演奏,一人目の演奏,一人目の演奏,二人目の演奏,二人目の演奏,一人目の演奏,二人目の演奏,二人目の演奏,二人目の演奏,一人目の演奏,一人目の演奏,一人目の演奏,一人目の演奏,51a62a72a61b65b54b67a60a75b57a70b52b66a74b63a56b69b58a55a68a71b59b73a53a64a,19,男,日本語,~2年,ピアノ,ある,ある,ある,ある,ない,ない,ない,音の強弱,音の強弱,聴覚情報,,,,,,,
10/18/2022 16:02:00,,一人目の演奏,一人目の演奏,一人目の演奏,二人目の演奏,二人目の演奏,一人目の演奏,二人目の演奏,一人目の演奏,一人目の演奏,一人目の演奏,一人目の演奏,二人目の演奏,一人目の演奏,二人目の演奏,一人目の演奏,二人目の演奏,二人目の演奏,一人目の演奏,一人目の演奏,一人目の演奏,一人目の演奏,二人目の演奏,二人目の演奏,一人目の演奏,二人目の演奏,59b65a63b58b75a61a52b71a60a66a74a73b69a67b57b53b54a64b68a56a72b62b55a70b51a,50,男,n日本語,~2年,ピアノ,ない,ある,ある,ある,ない,ない,ない,迫力と悲哀に満ちた音色,指の動きの細やかさと音色の強弱、楽譜の解釈,聴覚情報,映像だけで判断するのは難しいですね。音色はその人の人間性で美しくなると思います。コンクールも良いですが、勝ち負けでは無く感動する音色を聴きたいです。,,,,,,
10/18/2022 16:09:16,,二人目の演奏,一人目の演奏,一人目の演奏,二人目の演奏,一人目の演奏,二人目の演奏,一人目の演奏,一人目の演奏,二人目の演奏,二人目の演奏,一人目の演奏,一人目の演奏,二人目の演奏,一人目の演奏,一人目の演奏,一人目の演奏,二人目の演奏,一人目の演奏,一人目の演奏,一人目の演奏,二人目の演奏,一人目の演奏,一人目の演奏,二人目の演奏,一人目の演奏,72a64b60a57a52a61b73a65b74a56b63a67a55b59b66a69a54b53a68a70a62b71a58b51b75b,48,男,日本語,なし,ありません,ある,ない,ある,ない,ない,ない,ない,感覚,感覚,聴覚情報,,,,,Task1のdataなし,,
10/18/2022 23:36:58,,一人目の演奏,一人目の演奏,二人目の演奏,一人目の演奏,一人目の演奏,二人目の演奏,二人目の演奏,一人目の演奏,二人目の演奏,一人目の演奏,二人目の演奏,二人目の演奏,二人目の演奏,一人目の演奏,二人目の演奏,一人目の演奏,一人目の演奏,一人目の演奏,一人目の演奏,一人目の演奏,一人目の演奏,二人目の演奏,一人目の演奏,一人目の演奏,一人目の演奏,64a67b59a71a70a65a62b73a60a68b53a54b74a72b61b56a58a57b69b75a52a51b66b63a55b,20,男,Japanese,なし,Nothing,ない,ない,ない,ない,ない,ない,ない,音の弾み,手の動作,聴覚情報,,,,,,,
10/19/2022 22:29:51,,二人目の演奏,二人目の演奏,一人目の演奏,一人目の演奏,二人目の演奏,一人目の演奏,一人目の演奏,二人目の演奏,二人目の演奏,一人目の演奏,二人目の演奏,二人目の演奏,二人目の演奏,一人目の演奏,二人目の演奏,二人目の演奏,一人目の演奏,一人目の演奏,二人目の演奏,一人目の演奏,一人目の演奏,二人目の演奏,一人目の演奏,一人目の演奏,一人目の演奏,53a70b54a60a72a67a61a66b62b69a58a51b68b75b52b74b56b65b55a71a57b63a59b64b73b,18,男,Japanese,5~9年,flute ,ある,ある,ない,ある,ない,ない,ない,how fast the bottom and top fingers moved.,By identifying chord or left hand are played independently from the main melody or dependent on melody.,聴覚情報,,,,,,,
10/19/2022 23:08:32,,一人目の演奏,二人目の演奏,二人目の演奏,二人目の演奏,一人目の演奏,二人目の演奏,二人目の演奏,一人目の演奏,二人目の演奏,二人目の演奏,一人目の演奏,一人目の演奏,二人目の演奏,一人目の演奏,二人目の演奏,一人目の演奏,二人目の演奏,一人目の演奏,一人目の演奏,一人目の演奏,一人目の演奏,一人目の演奏,二人目の演奏,一人目の演奏,二人目の演奏,69a71b54a68a59b70b61b60a53a65b72b51a67b63a66b58b62a74a64b52b57b73a56a75b55a,18,男,"Kyrgyz, Russian",5~9年,"Violin, Piano",ない,ある,ない,ある,ない,ない,ある,The left hand. Its movement.,"Legato and staccato, speed.",聴覚情報,,不可,母国語が日本語ではない,,Task1のdataなし,,
10/21/2022 20:38:42,,二人目の演奏,二人目の演奏,一人目の演奏,一人目の演奏,一人目の演奏,一人目の演奏,二人目の演奏,一人目の演奏,二人目の演奏,二人目の演奏,二人目の演奏,二人目の演奏,二人目の演奏,二人目の演奏,一人目の演奏,一人目の演奏,二人目の演奏,一人目の演奏,一人目の演奏,一人目の演奏,一人目の演奏,一人目の演奏,二人目の演奏,二人目の演奏,一人目の演奏,52b55a56a59a58b57a68b74b64b63b66a61a51b60a72b73a70b54a71a53b75b67a69b65a62b,34,男,日本語,10年以上,ユーフォニアム、トロンボーン、チューバ、エレキベース、ギター（アコースティック・エレクトリック）,ある,ある,ある,ある,ない,ない,ある,ピッチ、アタック、音の処理、ダイナミクス,ダイナミクス、アタック、リズム感,聴覚情報,,,,,,,
10/22/2022 19:27:56,,二人目の演奏,一人目の演奏,二人目の演奏,二人目の演奏,二人目の演奏,二人目の演奏,二人目の演奏,二人目の演奏,二人目の演奏,二人目の演奏,二人目の演奏,二人目の演奏,二人目の演奏,二人目の演奏,二人目の演奏,二人目の演奏,一人目の演奏,一人目の演奏,一人目の演奏,一人目の演奏,二人目の演奏,二人目の演奏,二人目の演奏,二人目の演奏,二人目の演奏,56b59b75a57a55b54a65a60a68b62b74a67a73b61b69b64a52b51b66b53a63b72a58a71b70a,24,女,日本語,なし,なし,ない,ある,ない,ある,ない,ない,ない,音,指を見て,聴覚情報,,不可,148と同一人物,,,,
10/22/2022 21:39:15,,二人目の演奏,二人目の演奏,一人目の演奏,二人目の演奏,二人目の演奏,二人目の演奏,一人目の演奏,一人目の演奏,二人目の演奏,二人目の演奏,一人目の演奏,二人目の演奏,一人目の演奏,二人目の演奏,二人目の演奏,一人目の演奏,二人目の演奏,二人目の演奏,一人目の演奏,二人目の演奏,一人目の演奏,一人目の演奏,一人目の演奏,一人目の演奏,一人目の演奏,62b73a58a66b75a64a69b65a67a74a72b53a55a52a71b56b70b59a61a54b68a51b60a57b63a,55,男,Japanese,なし,経験はない,ある,ある,ある,ある,ない,ない,ない,音の幅、左手の動き,音の広がり、鍵盤を叩く指,聴覚情報,,,,,Task1のdataなし,,
10/24/2022 1:59:48,,二人目の演奏,一人目の演奏,二人目の演奏,二人目の演奏,二人目の演奏,二人目の演奏,二人目の演奏,二人目の演奏,二人目の演奏,二人目の演奏,二人目の演奏,一人目の演奏,一人目の演奏,一人目の演奏,二人目の演奏,一人目の演奏,一人目の演奏,二人目の演奏,一人目の演奏,二人目の演奏,一人目の演奏,二人目の演奏,二人目の演奏,一人目の演奏,二人目の演奏,54b64b62a63a52b56b58a67a60a68a75a70b53b57b74a72a65b71b59b66b51a61b55a69b73a,20,男,日本語,~2年,ピアノ,ない,ある,ない,ある,ない,ない,ない,強弱やリズムのスムーズさ,強弱や曲調を表現できているかどうか,聴覚情報,今まで経験したことのない貴重な体験が出来ました。,,,,,,
10/24/2022 19:11:53,,二人目の演奏,二人目の演奏,二人目の演奏,一人目の演奏,一人目の演奏,二人目の演奏,一人目の演奏,二人目の演奏,二人目の演奏,二人目の演奏,二人目の演奏,二人目の演奏,二人目の演奏,二人目の演奏,二人目の演奏,二人目の演奏,二人目の演奏,二人目の演奏,二人目の演奏,二人目の演奏,二人目の演奏,一人目の演奏,一人目の演奏,二人目の演奏,一人目の演奏,66b67b74a68a73a63a51a70a64b55a59b52a53a57a56b71a75b62a61b54a72b60a58b69b65b,32,女,日本語,5~9年,ピアノ（途中でブランクを挟みながら幼稚園から中学生まで）、マーチングドラム（小学校の鼓笛隊で１年半）,ある,ある,ない,ある,ない,ない,ない,三味線で、指使いの難しそうな表現（重なり合った音や多重音、一定のリズムでない音）が優れていると直感的に感じた方を評価した。また、音の強弱や余韻、間合い、だんだん音を大きくする表現、高速で弾いている、手や指を早く動かしているなど繊細なテクニックを使っていると感じた方を評価した。（視覚情報では、三味線を弾く手の動きや目線の動きを見ていた）,音の強弱の繊細な表現や、表現力、なめらかさ、重なり合った音の表現などが直感的に優れていると感じた方を評価した。またテクニックが必要そうな速い弾き方をしていたり、段々音を大きくするクレッシェンドなどの技法や、音のダイナミックさ、多重音がきれいに聞こえると思った方を評価した。（視覚情報としては、手の動きも見ていた）,聴覚情報,"ピアノを習っていたが、そこまで深い知識がないため、評価が上手くできたか自信がない。
何回か聞き直しても、どちらがより良かったか迷う演者もいた。
評価に関しては、高いレベルの演奏を評価する知識があまりないため、
感覚や直感に頼る形となったと思う。
また、評価基準として、曲調の好み（高音でポロンポロンという曲が上手に聞こえたり、局長が速い曲の方がカッコいい）や、
個人的なイメージ（音が多くて速い曲は難しそう、ダイナミックな曲は聞いていて心地よい＝上手い、）
などにも左右された様な気がする。",,,,,,
10/25/2022 9:12:44,,一人目の演奏,二人目の演奏,二人目の演奏,二人目の演奏,二人目の演奏,二人目の演奏,二人目の演奏,二人目の演奏,一人目の演奏,二人目の演奏,二人目の演奏,二人目の演奏,二人目の演奏,一人目の演奏,一人目の演奏,二人目の演奏,二人目の演奏,一人目の演奏,一人目の演奏,一人目の演奏,二人目の演奏,一人目の演奏,二人目の演奏,二人目の演奏,一人目の演奏,68b70b51b59a60b64a55a57b52b75a62a74a56b65b53b72a54a67a71a63b66b58a73a61b69b,48,男,日本語,なし,なし,ある,ある,ある,ある,ない,ない,ない,音の明瞭さ、姿勢、表情、視線,技術力、音楽性、スイング感、ライブ感,聴覚情報,"辻井伸行さんは一般人でも知っている人が多いので、こういったアンケート調査には不適ではないかと感じた。三味線は手元が良く見えていることから、視覚による情報が多い分、視覚情報が捉え方に大きく影響することが自覚できた。三味線はピアノ以上に音と動きとの相関関係が微妙で、本当に些細な動きで音が変化する楽器であることが良く分かった。私個人としてはテクニカルな演奏が好きなのかもしれない。

なお、謝礼については辞退させて頂きます。千葉君の研究が益々充実することを願っております。",,,,,,
10/25/2022 9:24:32,,一人目の演奏,二人目の演奏,二人目の演奏,一人目の演奏,二人目の演奏,二人目の演奏,二人目の演奏,一人目の演奏,二人目の演奏,二人目の演奏,一人目の演奏,二人目の演奏,一人目の演奏,二人目の演奏,一人目の演奏,一人目の演奏,一人目の演奏,二人目の演奏,二人目の演奏,一人目の演奏,一人目の演奏,一人目の演奏,二人目の演奏,一人目の演奏,二人目の演奏,69a66b63b74b61a52a53a58a51a57b73a54b60a55a59b65b67b75b64b56a71b68b62a72b70b,33,男,日本語,なし,なし,ある,ある,ある,ある,ない,ない,ない,音の大きさ、はっきり聞こえる,抑揚、音の繋がり,聴覚情報,資格情報は非常に影響を与えるものであると感じました。見た目でいい悪いの第一印象が生まれます。ビジュアルオンリーで良いとと印象的だった選択肢の方は、サウンドがついてもいいと感じることが多かったです。,,,,,,
10/25/2022 18:31:03,,一人目の演奏,一人目の演奏,二人目の演奏,一人目の演奏,二人目の演奏,一人目の演奏,二人目の演奏,二人目の演奏,一人目の演奏,二人目の演奏,一人目の演奏,一人目の演奏,二人目の演奏,一人目の演奏,一人目の演奏,二人目の演奏,一人目の演奏,一人目の演奏,一人目の演奏,二人目の演奏,一人目の演奏,二人目の演奏,一人目の演奏,二人目の演奏,一人目の演奏,62a57b66b59b73a53b74b61a64a56b67b72b65a70a68a55b69b63a71b51a60a75b52b54a58a,23,女,日本語,10年以上,声楽、ピアノ,ある,ある,ある,ある,ない,ある,ある,音の張り感や音色,音色,聴覚情報,,,,,,,
10/25/2022 19:03:56,,一人目の演奏,二人目の演奏,一人目の演奏,二人目の演奏,二人目の演奏,一人目の演奏,一人目の演奏,二人目の演奏,一人目の演奏,一人目の演奏,二人目の演奏,一人目の演奏,二人目の演奏,二人目の演奏,二人目の演奏,二人目の演奏,一人目の演奏,二人目の演奏,一人目の演奏,一人目の演奏,二人目の演奏,二人目の演奏,二人目の演奏,一人目の演奏,二人目の演奏,71b73a61b74b65a72b67a60b58a70a53b56b69a64a75a66a51b68b57a54b52b59b55b62b63a,24,男,Japanese,10年以上,ピアノ・ギター,ある,ある,ある,ある,ない,ない,ある,強弱と勢い,粒立ち,聴覚情報,,,,,,,
10/25/2022 19:36:41,,二人目の演奏,一人目の演奏,二人目の演奏,一人目の演奏,一人目の演奏,二人目の演奏,二人目の演奏,一人目の演奏,二人目の演奏,二人目の演奏,一人目の演奏,一人目の演奏,一人目の演奏,二人目の演奏,二人目の演奏,一人目の演奏,二人目の演奏,一人目の演奏,一人目の演奏,二人目の演奏,一人目の演奏,二人目の演奏,二人目の演奏,一人目の演奏,二人目の演奏,70b58b71a59b68a66b61a75a65b51b54a74b69a52a60a53b63a56a73b67b72b55a57b62a64b,46,男,Japanese,なし,なし,ある,ある,ある,ある,ない,ない,ない,視覚面は手(特に手首)の動き、聴覚面では音の強弱,視覚面は手数、聴覚面は音の強弱,聴覚情報,聴覚で音の強弱を判断基準としたが、視覚の手指の動きから音の強弱を判別することは難しかった。,,,,,,
10/25/2022 22:42:35,,二人目の演奏,二人目の演奏,一人目の演奏,二人目の演奏,二人目の演奏,一人目の演奏,一人目の演奏,一人目の演奏,一人目の演奏,一人目の演奏,二人目の演奏,一人目の演奏,一人目の演奏,一人目の演奏,二人目の演奏,二人目の演奏,一人目の演奏,一人目の演奏,一人目の演奏,二人目の演奏,二人目の演奏,一人目の演奏,二人目の演奏,二人目の演奏,二人目の演奏,72a51b60b66a64a62a58a67a65b54b57b69b73b74a75a63a61a70b52a56b53a71a68a59b55b,37,男,日本語,なし,音楽経験はありません。音楽の授業で経験した程度です。,ある,ある,ある,ある,ない,ない,ない,見るのも聞くのもテレビでしかないが、三味線一つで迫力を感じるし、シンプルな楽器で楽曲をアレンジしたり、楽しませることができるのは、一つの才能だと感じます。色々アレンジが出来るのは、ベースとしての技量があってこそだと思います。最終的には、どっちが好きか、で判断しました。,これといったことがないため、具体的に言葉で表せないが、好きな方を選んだ感じです。,聴覚情報,絵画や表現力を争うスポーツと一緒で、数値化できないものを争ったり、評価したりするのは大変なことだなと思います。自分も好きな音楽はあるが、それが誰でも気に入るわけではないし、なんでこれが？と思っても、それが好きな人もいるので、難しいなと思います。ただ歌が上手なだけでもだめだし、楽器ができるだけでもよくない。何で個性を出すかが大事かとおもいます。視覚と聴覚はどちらが優先されるかということなんだろうと思って、途中から聞きましたが、芸術の分野では難しいところなんだろうと思いました。いかにも音楽家という服装よりも、Ｔシャツにデニムでバイオリンを弾けた方がびっくりされると思うので。,,,,,,
10/26/2022 20:15:09,,二人目の演奏,一人目の演奏,一人目の演奏,二人目の演奏,二人目の演奏,一人目の演奏,二人目の演奏,二人目の演奏,一人目の演奏,一人目の演奏,二人目の演奏,二人目の演奏,一人目の演奏,一人目の演奏,一人目の演奏,一人目の演奏,一人目の演奏,一人目の演奏,一人目の演奏,一人目の演奏,二人目の演奏,一人目の演奏,一人目の演奏,一人目の演奏,一人目の演奏,71b56a53b74a57b75a52b64a72a70a55b54b65b59b67b61a60b68a63a66a69b51a73a62a58b,35,男,日本語,なし,未経験です,ない,ある,ない,ある,ない,ない,ない,音の響き,演奏の様子や音のやわらかさ,聴覚情報,貴重な経験をさせていたただきありがとうございました。,,,,,,
10/27/2022 17:55:57,,二人目の演奏,一人目の演奏,一人目の演奏,一人目の演奏,一人目の演奏,一人目の演奏,二人目の演奏,二人目の演奏,二人目の演奏,一人目の演奏,一人目の演奏,一人目の演奏,一人目の演奏,二人目の演奏,二人目の演奏,二人目の演奏,二人目の演奏,一人目の演奏,一人目の演奏,二人目の演奏,一人目の演奏,二人目の演奏,一人目の演奏,二人目の演奏,一人目の演奏,56b52b62b57b67a63b59a64a74a73b70b65a68b54a55b66b75b71a53a61b69b72a58a51b60a,48,男,日本語,なし,なし,ある,ある,ある,ある,ない,ない,ない,迫力,繊細さ,聴覚情報,,,,,,,
10/27/2022 20:53:09,,一人目の演奏,二人目の演奏,一人目の演奏,二人目の演奏,二人目の演奏,二人目の演奏,二人目の演奏,一人目の演奏,一人目の演奏,一人目の演奏,二人目の演奏,二人目の演奏,二人目の演奏,一人目の演奏,二人目の演奏,二人目の演奏,二人目の演奏,二人目の演奏,二人目の演奏,二人目の演奏,二人目の演奏,二人目の演奏,一人目の演奏,二人目の演奏,二人目の演奏,63b72a61b66b67b55b54b69a53a68a65b62a56a70a58b52a60a73a59a57b74a51b71a75b64b,52,女,日本語,10年以上,ピアノ,ある,ある,ある,ある,ない,ない,ない,音色・演奏者の表情,音色・演奏者の表情,視覚情報,,,,,,,
10/27/2022 21:04:44,,二人目の演奏,一人目の演奏,一人目の演奏,二人目の演奏,二人目の演奏,一人目の演奏,二人目の演奏,一人目の演奏,一人目の演奏,一人目の演奏,二人目の演奏,一人目の演奏,二人目の演奏,二人目の演奏,二人目の演奏,一人目の演奏,一人目の演奏,二人目の演奏,一人目の演奏,一人目の演奏,二人目の演奏,一人目の演奏,二人目の演奏,一人目の演奏,二人目の演奏,62b71a74b60b68b64b59b63a51a67a65b72b52b54b73b55a69a57b66a61a53b75b56b70a58b,65,男,日本語,10年以上,クラリネット,ある,ある,ある,ある,ない,ない,ない,テンポの安定感　メリハリ　表現力,安定感　表現力,聴覚情報,,,,,Task1のdataなし,,
10/28/2022 8:13:42,,二人目の演奏,一人目の演奏,一人目の演奏,一人目の演奏,二人目の演奏,二人目の演奏,二人目の演奏,二人目の演奏,一人目の演奏,二人目の演奏,一人目の演奏,二人目の演奏,二人目の演奏,一人目の演奏,二人目の演奏,一人目の演奏,二人目の演奏,二人目の演奏,二人目の演奏,一人目の演奏,二人目の演奏,二人目の演奏,二人目の演奏,二人目の演奏,二人目の演奏,58b75a56a63a71b66b55a61b68a59b65b51a72b69b57a74a52a64a53a62a70b60a73a67b54b,42,男,日本語,10年以上,トランペット、フレンチホルン,ある,ある,ある,ある,ない,ない,ある,表現力、伝えようとする姿勢、力強さ,強弱のメリハリ、表現力,聴覚情報,,,,,Task1のdataなし,,
10/30/2022 2:32:12,,一人目の演奏,二人目の演奏,一人目の演奏,二人目の演奏,二人目の演奏,二人目の演奏,二人目の演奏,一人目の演奏,二人目の演奏,二人目の演奏,二人目の演奏,二人目の演奏,二人目の演奏,二人目の演奏,二人目の演奏,二人目の演奏,二人目の演奏,二人目の演奏,二人目の演奏,二人目の演奏,一人目の演奏,二人目の演奏,二人目の演奏,二人目の演奏,一人目の演奏,54b66b65b58b75a70b64a62a56a61a67b63a57a73a72a51b74b52b59a53a68a55b69b71b60b,23,女,日本語,10年以上,ピアノ、トロンボーン,ない,ある,ない,ある,ない,ある,ある,音の響き、指の動き,聴いていてもっと聴いていたいと思うか、繊細さ、指の動き,聴覚情報,,,,,,,
10/31/2022 9:42:30,,二人目の演奏,一人目の演奏,一人目の演奏,一人目の演奏,一人目の演奏,二人目の演奏,二人目の演奏,二人目の演奏,二人目の演奏,二人目の演奏,二人目の演奏,二人目の演奏,二人目の演奏,一人目の演奏,一人目の演奏,二人目の演奏,一人目の演奏,二人目の演奏,一人目の演奏,二人目の演奏,二人目の演奏,一人目の演奏,二人目の演奏,一人目の演奏,一人目の演奏,70b72b62b63a68a65a58b74b61b60a52a64b59b55b57b75a71a56a73a51b54b53a67b66b69a,79,男,日本語,なし,なし,ある,ある,ある,ある,ない,ない,ない,正直、見た目いい方で判断した,耳で聞いていいと思った方を優勝者とした,聴覚情報,２５問の方で、各演奏があと５秒長ければ、より判断出来た,,,,,,
10/31/2022 10:36:36,,一人目の演奏,一人目の演奏,一人目の演奏,一人目の演奏,二人目の演奏,一人目の演奏,二人目の演奏,二人目の演奏,二人目の演奏,二人目の演奏,二人目の演奏,一人目の演奏,二人目の演奏,二人目の演奏,二人目の演奏,二人目の演奏,二人目の演奏,二人目の演奏,二人目の演奏,二人目の演奏,二人目の演奏,二人目の演奏,二人目の演奏,一人目の演奏,二人目の演奏,73b72b65b71a66b70a67b61b75a57a51b68b62a54b56a55b64a60a58a63b74b53a69b59b52a,75,女,日本語,なし,なし,ある,ある,ある,ある,ない,ない,ない,見た目や手の動きの速さで判断しました,こちらも見た目、手の動きの速さで判断。早い動きは上手く見えるし、上手く聞こえる。,聴覚情報,"見た目＝好みで判断すると間違える事が多いと感じました。音楽は聴いて判断するものですね。
",,,,,,
10/31/2022 14:00:01,,一人目の演奏,二人目の演奏,一人目の演奏,二人目の演奏,二人目の演奏,二人目の演奏,二人目の演奏,二人目の演奏,一人目の演奏,一人目の演奏,一人目の演奏,二人目の演奏,二人目の演奏,一人目の演奏,二人目の演奏,二人目の演奏,二人目の演奏,二人目の演奏,二人目の演奏,二人目の演奏,一人目の演奏,一人目の演奏,二人目の演奏,一人目の演奏,二人目の演奏,65b59a73b74a51a57b64a53b61b75b58a67a54a72b52a70b69b68b55b60b62a71a66b63b56b,20,男,日本語,なし,なし,ない,ある,ない,ない,ない,ない,ない,音のキレやミスで音が二重になっていないかどうか。,伸ばす音と止める音のメリハリと、楽曲の難しさ。,聴覚情報,,,,,,,
10/31/2022 23:17:03,,二人目の演奏,二人目の演奏,二人目の演奏,一人目の演奏,二人目の演奏,一人目の演奏,二人目の演奏,二人目の演奏,一人目の演奏,二人目の演奏,一人目の演奏,一人目の演奏,二人目の演奏,二人目の演奏,一人目の演奏,一人目の演奏,二人目の演奏,一人目の演奏,二人目の演奏,一人目の演奏,一人目の演奏,二人目の演奏,二人目の演奏,二人目の演奏,二人目の演奏,73a62b52a70a54b57b60a72a69a55a63b64a65a59a74a51a61a71b75a68a67a56a53a58b66b,21歳,女,日本語,10年以上,ピアノ、トロンボーン,ある,ある,ある,ある,ない,ない,ある,音圧、音色、響きなど,抑揚,聴覚情報,映像と音楽両方が流れるテストで、映像と音がずれている箇所がある動画がありました。,,,,,,