タイムスタンプ,メールアドレス,第1問　優勝者と思う演奏者を選択してください。,第2問　優勝者と思う演奏者を選択してください。,第3問　優勝者と思う演奏者を選択してください。,第4問　優勝者と思う演奏者を選択してください。,第5問　優勝者と思う演奏者を選択してください。,第6問　優勝者と思う演奏者を選択してください。,第7問　優勝者と思う演奏者を選択してください。,第8問　優勝者と思う演奏者を選択してください。,第9問　優勝者と思う演奏者を選択してください。,第10問　優勝者と思う演奏者を選択してください。,第11問　優勝者と思う演奏者を選択してください。,第12問　優勝者と思う演奏者を選択してください。,第13問　優勝者と思う演奏者を選択してください。,第14問　優勝者と思う演奏者を選択してください。,第15問　優勝者と思う演奏者を選択してください。,第16問　優勝者と思う演奏者を選択してください。,第17問　優勝者と思う演奏者を選択してください。,第18問　優勝者と思う演奏者を選択してください。,第19問　優勝者と思う演奏者を選択してください。,第20問　優勝者と思う演奏者を選択してください。,第21問　優勝者と思う演奏者を選択してください。,第22問　優勝者と思う演奏者を選択してください。,第23問　優勝者と思う演奏者を選択してください。,第24問　優勝者と思う演奏者を選択してください。,第25問　優勝者と思う演奏者を選択してください。,第26問　優勝者と思う演奏者を選択してください。,第27問　優勝者と思う演奏者を選択してください。,第28問　優勝者と思う演奏者を選択してください。,第29問　優勝者と思う演奏者を選択してください。,第30問　優勝者と思う演奏者を選択してください。,第31問　優勝者と思う演奏者を選択してください。,第32問　優勝者と思う演奏者を選択してください。,第33問　優勝者と思う演奏者を選択してください。,第34問　優勝者と思う演奏者を選択してください。,第35問　優勝者と思う演奏者を選択してください。,第36問　優勝者と思う演奏者を選択してください。,第37問　優勝者と思う演奏者を選択してください。,第38問　優勝者と思う演奏者を選択してください。,第39問　優勝者と思う演奏者を選択してください。,第40問　優勝者と思う演奏者を選択してください。,第41問　優勝者と思う演奏者を選択してください。,第42問　優勝者と思う演奏者を選択してください。,第43問　優勝者と思う演奏者を選択してください。,第44問　優勝者と思う演奏者を選択してください。,第45問　優勝者と思う演奏者を選択してください。,第46問　優勝者と思う演奏者を選択してください。,第47問　優勝者と思う演奏者を選択してください。,第48問　優勝者と思う演奏者を選択してください。,第49問　優勝者と思う演奏者を選択してください。,第50問　優勝者と思う演奏者を選択してください。,上記に表示された文字列を貼り付けてください（141文字）。,データの利用,データ利用不可の理由,注意点,,
3/1/2022 21:08:04,,一人目の演奏,二人目の演奏,二人目の演奏,一人目の演奏,二人目の演奏,一人目の演奏,二人目の演奏,二人目の演奏,二人目の演奏,二人目の演奏,一人目の演奏,一人目の演奏,二人目の演奏,二人目の演奏,一人目の演奏,二人目の演奏,二人目の演奏,二人目の演奏,二人目の演奏,二人目の演奏,一人目の演奏,一人目の演奏,一人目の演奏,二人目の演奏,二人目の演奏,二人目の演奏,二人目の演奏,二人目の演奏,二人目の演奏,二人目の演奏,一人目の演奏,一人目の演奏,二人目の演奏,二人目の演奏,二人目の演奏,二人目の演奏,一人目の演奏,二人目の演奏,一人目の演奏,二人目の演奏,二人目の演奏,一人目の演奏,二人目の演奏,二人目の演奏,二人目の演奏,二人目の演奏,一人目の演奏,二人目の演奏,一人目の演奏,二人目の演奏,27a24a5b19b37a29a8a48a32b40a30b18a26b33b44b21a35b13a15a39b23a42b34a7a1a38b49b31a50b12a4b16a36b14b3a43a46a28a10b11b17b45b9a22a25a2b6a20a47a41a,,,,,
3/1/2022 21:34:10,,一人目の演奏,一人目の演奏,一人目の演奏,一人目の演奏,二人目の演奏,二人目の演奏,二人目の演奏,一人目の演奏,一人目の演奏,二人目の演奏,一人目の演奏,一人目の演奏,二人目の演奏,二人目の演奏,一人目の演奏,二人目の演奏,二人目の演奏,二人目の演奏,一人目の演奏,二人目の演奏,一人目の演奏,一人目の演奏,一人目の演奏,一人目の演奏,一人目の演奏,二人目の演奏,二人目の演奏,一人目の演奏,二人目の演奏,二人目の演奏,一人目の演奏,二人目の演奏,一人目の演奏,二人目の演奏,二人目の演奏,二人目の演奏,一人目の演奏,二人目の演奏,二人目の演奏,一人目の演奏,二人目の演奏,二人目の演奏,二人目の演奏,二人目の演奏,二人目の演奏,一人目の演奏,二人目の演奏,二人目の演奏,二人目の演奏,一人目の演奏,45b43b6a11a25a15a28b7b20a30a49a1b18a27a29a37b9a39a33a12b44a19b13a5b16b34b21a2b38a36b4a10b26a35b50a23b22b48a31a3b40a32a41a17b47a46b8a14a24b42b,,,,,
3/1/2022 22:53:58,,一人目の演奏,二人目の演奏,一人目の演奏,一人目の演奏,二人目の演奏,二人目の演奏,一人目の演奏,二人目の演奏,二人目の演奏,一人目の演奏,一人目の演奏,二人目の演奏,二人目の演奏,二人目の演奏,一人目の演奏,一人目の演奏,一人目の演奏,一人目の演奏,二人目の演奏,一人目の演奏,一人目の演奏,二人目の演奏,二人目の演奏,一人目の演奏,一人目の演奏,二人目の演奏,二人目の演奏,一人目の演奏,二人目の演奏,一人目の演奏,二人目の演奏,二人目の演奏,一人目の演奏,二人目の演奏,一人目の演奏,二人目の演奏,一人目の演奏,一人目の演奏,二人目の演奏,一人目の演奏,一人目の演奏,二人目の演奏,一人目の演奏,一人目の演奏,二人目の演奏,二人目の演奏,一人目の演奏,二人目の演奏,一人目の演奏,一人目の演奏,42b24b3b41b7b20a1a44a2b46b43a31a50b4b33a32a5a17b25a45a22a19b30a10b36b26a35a49b13b39b11b40a34a48a6a27a38b23a29a12b28a18b8a21a15a9b37b16b47a14a,,,,,
3/1/2022 23:06:18,,二人目の演奏,一人目の演奏,二人目の演奏,二人目の演奏,二人目の演奏,一人目の演奏,二人目の演奏,二人目の演奏,二人目の演奏,二人目の演奏,一人目の演奏,二人目の演奏,二人目の演奏,二人目の演奏,一人目の演奏,一人目の演奏,二人目の演奏,二人目の演奏,二人目の演奏,二人目の演奏,一人目の演奏,二人目の演奏,二人目の演奏,一人目の演奏,二人目の演奏,二人目の演奏,二人目の演奏,二人目の演奏,一人目の演奏,二人目の演奏,一人目の演奏,二人目の演奏,一人目の演奏,一人目の演奏,二人目の演奏,二人目の演奏,二人目の演奏,二人目の演奏,二人目の演奏,二人目の演奏,二人目の演奏,二人目の演奏,一人目の演奏,一人目の演奏,二人目の演奏,二人目の演奏,二人目の演奏,二人目の演奏,二人目の演奏,二人目の演奏,37b19b45a3a23b14a42b35b8a28b32b36b31a25a49a38b16b17b18b47b43a24b34a11a30a22a41a44b50a1b5a4a26a13a9a40b48a6a15b7b33a12b39b27a2b10a21b20b46b29a,,,,,
3/1/2022 23:09:53,,一人目の演奏,一人目の演奏,二人目の演奏,一人目の演奏,二人目の演奏,一人目の演奏,二人目の演奏,一人目の演奏,二人目の演奏,二人目の演奏,一人目の演奏,一人目の演奏,二人目の演奏,二人目の演奏,一人目の演奏,一人目の演奏,一人目の演奏,一人目の演奏,一人目の演奏,一人目の演奏,一人目の演奏,一人目の演奏,二人目の演奏,二人目の演奏,二人目の演奏,二人目の演奏,二人目の演奏,二人目の演奏,二人目の演奏,二人目の演奏,二人目の演奏,二人目の演奏,一人目の演奏,一人目の演奏,二人目の演奏,二人目の演奏,一人目の演奏,二人目の演奏,一人目の演奏,二人目の演奏,二人目の演奏,一人目の演奏,二人目の演奏,一人目の演奏,一人目の演奏,二人目の演奏,二人目の演奏,一人目の演奏,一人目の演奏,一人目の演奏,19a32a40a26b12b25a33b28b39b29a2b17a11b16b49b7a10b50b36b4b43a27a46b18b23a38a30b8b14b48a35b9b20a21b1b6a42a41b37b5a44a47a24a13a15b31a3a45a22b34a,,,,,
3/1/2022 23:20:53,,一人目の演奏,二人目の演奏,一人目の演奏,二人目の演奏,二人目の演奏,二人目の演奏,一人目の演奏,一人目の演奏,二人目の演奏,一人目の演奏,一人目の演奏,一人目の演奏,一人目の演奏,一人目の演奏,二人目の演奏,二人目の演奏,二人目の演奏,二人目の演奏,一人目の演奏,二人目の演奏,二人目の演奏,二人目の演奏,一人目の演奏,二人目の演奏,一人目の演奏,二人目の演奏,二人目の演奏,一人目の演奏,二人目の演奏,二人目の演奏,二人目の演奏,一人目の演奏,二人目の演奏,一人目の演奏,一人目の演奏,二人目の演奏,一人目の演奏,二人目の演奏,一人目の演奏,二人目の演奏,二人目の演奏,一人目の演奏,二人目の演奏,二人目の演奏,一人目の演奏,二人目の演奏,一人目の演奏,一人目の演奏,一人目の演奏,二人目の演奏,5b25a48b3b28b31a50b32a22a34a16a20a10a46a27a45a30b7b13a9a44b12b43b33a15b24b2a38b18b26b35a37a42b49b47a23a6b40a21a36b11a29b41a19b39a4a14a17a1b8a,,,,,
3/1/2022 23:25:33,,二人目の演奏,二人目の演奏,一人目の演奏,二人目の演奏,二人目の演奏,二人目の演奏,二人目の演奏,一人目の演奏,一人目の演奏,二人目の演奏,二人目の演奏,一人目の演奏,一人目の演奏,二人目の演奏,二人目の演奏,二人目の演奏,二人目の演奏,一人目の演奏,一人目の演奏,二人目の演奏,一人目の演奏,二人目の演奏,二人目の演奏,二人目の演奏,一人目の演奏,一人目の演奏,一人目の演奏,一人目の演奏,一人目の演奏,一人目の演奏,二人目の演奏,二人目の演奏,二人目の演奏,一人目の演奏,二人目の演奏,二人目の演奏,二人目の演奏,二人目の演奏,一人目の演奏,二人目の演奏,二人目の演奏,二人目の演奏,二人目の演奏,一人目の演奏,二人目の演奏,二人目の演奏,一人目の演奏,一人目の演奏,一人目の演奏,一人目の演奏,6b21a44a48b9b23a1a22b47b34b37b29a3a25b43a10b49a14a17a11b24b35b39a8a5b7a13a12b19a4b42b28a27b30a15a50a38a18b41b31b32b16b33a20b2a46a36a40a45b26a,,,Task2の実施時間6分 / Task1でも動画を視聴していない可能性あり,,
3/1/2022 23:26:29,,一人目の演奏,一人目の演奏,二人目の演奏,二人目の演奏,二人目の演奏,二人目の演奏,二人目の演奏,二人目の演奏,一人目の演奏,二人目の演奏,二人目の演奏,一人目の演奏,二人目の演奏,二人目の演奏,一人目の演奏,二人目の演奏,一人目の演奏,二人目の演奏,一人目の演奏,一人目の演奏,二人目の演奏,一人目の演奏,二人目の演奏,一人目の演奏,二人目の演奏,二人目の演奏,二人目の演奏,二人目の演奏,二人目の演奏,一人目の演奏,二人目の演奏,一人目の演奏,二人目の演奏,一人目の演奏,二人目の演奏,一人目の演奏,二人目の演奏,二人目の演奏,二人目の演奏,二人目の演奏,一人目の演奏,二人目の演奏,二人目の演奏,一人目の演奏,一人目の演奏,二人目の演奏,一人目の演奏,二人目の演奏,一人目の演奏,二人目の演奏,9b27a14a33b37b2b7b41a46a3b5a26a50b31a42b6b39b30b13a34b28a35a44b47a24a19a15b22a45b43a16b29a23b4b25a8a12b32b48a17a40b18b49a11a36b1a38b21b10a20a,,,,,
3/2/2022 0:36:53,,二人目の演奏,二人目の演奏,一人目の演奏,一人目の演奏,二人目の演奏,二人目の演奏,二人目の演奏,二人目の演奏,一人目の演奏,二人目の演奏,一人目の演奏,二人目の演奏,一人目の演奏,二人目の演奏,一人目の演奏,二人目の演奏,二人目の演奏,一人目の演奏,一人目の演奏,一人目の演奏,一人目の演奏,二人目の演奏,二人目の演奏,一人目の演奏,二人目の演奏,一人目の演奏,二人目の演奏,一人目の演奏,二人目の演奏,一人目の演奏,二人目の演奏,一人目の演奏,二人目の演奏,一人目の演奏,一人目の演奏,一人目の演奏,一人目の演奏,一人目の演奏,一人目の演奏,一人目の演奏,一人目の演奏,二人目の演奏,一人目の演奏,一人目の演奏,二人目の演奏,一人目の演奏,二人目の演奏,一人目の演奏,一人目の演奏,一人目の演奏,23b19b32a20a12b9a49b5a17a18a50b14a27a40a16a33b11b41a10a37a46a44b29b42a1a34b39b26a28a38a21a35a24a47a6a30b15a48a13a7a25b31b36a43a22b3a4a8b45a2b,,,,,
3/2/2022 9:26:47,,一人目の演奏,一人目の演奏,一人目の演奏,一人目の演奏,二人目の演奏,二人目の演奏,一人目の演奏,一人目の演奏,二人目の演奏,二人目の演奏,二人目の演奏,一人目の演奏,二人目の演奏,二人目の演奏,二人目の演奏,二人目の演奏,一人目の演奏,一人目の演奏,二人目の演奏,二人目の演奏,二人目の演奏,一人目の演奏,一人目の演奏,一人目の演奏,二人目の演奏,二人目の演奏,一人目の演奏,一人目の演奏,一人目の演奏,二人目の演奏,二人目の演奏,二人目の演奏,二人目の演奏,二人目の演奏,一人目の演奏,一人目の演奏,一人目の演奏,二人目の演奏,二人目の演奏,二人目の演奏,一人目の演奏,一人目の演奏,一人目の演奏,一人目の演奏,二人目の演奏,二人目の演奏,一人目の演奏,二人目の演奏,二人目の演奏,一人目の演奏,19a29a46a21a2a6b49a3b10b16a28a23a34a5a35a44a15b4b45a40a14b7b24a13b30b48a27a25b9a22b41a47b12a8b43b1a42a39b11a33b32a18b36a31a17b50b20a38b26b37a,,,,,
3/2/2022 10:11:34,,二人目の演奏,一人目の演奏,一人目の演奏,二人目の演奏,一人目の演奏,一人目の演奏,二人目の演奏,二人目の演奏,二人目の演奏,一人目の演奏,二人目の演奏,二人目の演奏,二人目の演奏,一人目の演奏,一人目の演奏,一人目の演奏,二人目の演奏,一人目の演奏,一人目の演奏,二人目の演奏,一人目の演奏,二人目の演奏,一人目の演奏,一人目の演奏,一人目の演奏,一人目の演奏,一人目の演奏,一人目の演奏,二人目の演奏,一人目の演奏,一人目の演奏,二人目の演奏,二人目の演奏,一人目の演奏,二人目の演奏,一人目の演奏,二人目の演奏,一人目の演奏,二人目の演奏,二人目の演奏,二人目の演奏,一人目の演奏,一人目の演奏,二人目の演奏,一人目の演奏,二人目の演奏,一人目の演奏,二人目の演奏,一人目の演奏,二人目の演奏,3a22b45a20b34a1a43b28b32a13b18b9b15a35a37a4b30a6a50a5b31b27b24b26a42a12a25a46a36b44a8a29a16b41b49a40b17b11a14b48b21a2b38a47b39b33b23b19b10a7a,,,,,
3/2/2022 11:15:39,,一人目の演奏,一人目の演奏,一人目の演奏,二人目の演奏,二人目の演奏,一人目の演奏,二人目の演奏,一人目の演奏,二人目の演奏,二人目の演奏,一人目の演奏,二人目の演奏,一人目の演奏,二人目の演奏,一人目の演奏,一人目の演奏,一人目の演奏,二人目の演奏,二人目の演奏,一人目の演奏,一人目の演奏,二人目の演奏,一人目の演奏,一人目の演奏,一人目の演奏,二人目の演奏,二人目の演奏,二人目の演奏,二人目の演奏,一人目の演奏,二人目の演奏,二人目の演奏,一人目の演奏,二人目の演奏,二人目の演奏,二人目の演奏,二人目の演奏,一人目の演奏,二人目の演奏,二人目の演奏,一人目の演奏,一人目の演奏,二人目の演奏,一人目の演奏,一人目の演奏,一人目の演奏,一人目の演奏,二人目の演奏,一人目の演奏,一人目の演奏,31a9a24a1a37a12a22a35a14a21b30a23b33a49a32b4a29b20b11a48a16a36b6a25b10b19b3a39b18b45a43b44b47b46b2b8a34b5b50b40b38b17a26b27b41b28a13b42b15b7b,,,,,
3/2/2022 11:36:11,,一人目の演奏,二人目の演奏,一人目の演奏,二人目の演奏,二人目の演奏,一人目の演奏,一人目の演奏,一人目の演奏,一人目の演奏,二人目の演奏,二人目の演奏,一人目の演奏,二人目の演奏,一人目の演奏,二人目の演奏,二人目の演奏,二人目の演奏,一人目の演奏,二人目の演奏,二人目の演奏,一人目の演奏,二人目の演奏,二人目の演奏,二人目の演奏,一人目の演奏,一人目の演奏,二人目の演奏,一人目の演奏,一人目の演奏,一人目の演奏,一人目の演奏,二人目の演奏,二人目の演奏,二人目の演奏,一人目の演奏,二人目の演奏,一人目の演奏,一人目の演奏,一人目の演奏,一人目の演奏,二人目の演奏,二人目の演奏,二人目の演奏,一人目の演奏,一人目の演奏,一人目の演奏,二人目の演奏,二人目の演奏,一人目の演奏,一人目の演奏,16a37b14a24a2a38b42a10a9b27b32b7b22a39b36a18a40a19b1b15a8a30b41b48b50b29a43a34b13a26a33b31b44a4a21b25a47a5a28a35a17a12b20b3a49b11b46b45b23a6b,,,,,
3/2/2022 12:29:38,,二人目の演奏,一人目の演奏,二人目の演奏,一人目の演奏,一人目の演奏,二人目の演奏,二人目の演奏,二人目の演奏,二人目の演奏,一人目の演奏,二人目の演奏,二人目の演奏,二人目の演奏,二人目の演奏,一人目の演奏,二人目の演奏,二人目の演奏,二人目の演奏,二人目の演奏,一人目の演奏,二人目の演奏,二人目の演奏,二人目の演奏,二人目の演奏,二人目の演奏,一人目の演奏,一人目の演奏,二人目の演奏,一人目の演奏,二人目の演奏,二人目の演奏,二人目の演奏,二人目の演奏,一人目の演奏,二人目の演奏,二人目の演奏,二人目の演奏,一人目の演奏,二人目の演奏,一人目の演奏,二人目の演奏,一人目の演奏,二人目の演奏,二人目の演奏,二人目の演奏,一人目の演奏,二人目の演奏,一人目の演奏,一人目の演奏,一人目の演奏,12b6a42b47a44a15b34b24a22b33a8a21a5a32a41a28b11a2b16b27b40b1b30a36a39b18a50b17a26a3a45a38b19a13a35b14a20b46b29b10b4b48b23a9b43b49a31b7b37a25b,,,,,
3/2/2022 12:43:22,,一人目の演奏,一人目の演奏,二人目の演奏,一人目の演奏,一人目の演奏,一人目の演奏,一人目の演奏,二人目の演奏,二人目の演奏,二人目の演奏,一人目の演奏,一人目の演奏,二人目の演奏,二人目の演奏,二人目の演奏,二人目の演奏,二人目の演奏,二人目の演奏,二人目の演奏,一人目の演奏,二人目の演奏,一人目の演奏,二人目の演奏,二人目の演奏,二人目の演奏,二人目の演奏,一人目の演奏,一人目の演奏,二人目の演奏,一人目の演奏,二人目の演奏,二人目の演奏,一人目の演奏,二人目の演奏,二人目の演奏,一人目の演奏,二人目の演奏,二人目の演奏,一人目の演奏,二人目の演奏,二人目の演奏,一人目の演奏,一人目の演奏,一人目の演奏,二人目の演奏,一人目の演奏,二人目の演奏,一人目の演奏,一人目の演奏,二人目の演奏,23a41b4a18b21b36b16a40b43b39b11a12b32a37b22a49b13b33a31a38a3a9a20b30a25b6b45a17a1b14b28a44b10b7b29b50b34b47a42a19a27a2b8a48a5b26a15b24b46a35b,,,Task2のdataなし,,
3/2/2022 13:53:03,,二人目の演奏,一人目の演奏,一人目の演奏,一人目の演奏,二人目の演奏,一人目の演奏,一人目の演奏,一人目の演奏,二人目の演奏,一人目の演奏,一人目の演奏,二人目の演奏,二人目の演奏,二人目の演奏,一人目の演奏,二人目の演奏,二人目の演奏,一人目の演奏,一人目の演奏,二人目の演奏,二人目の演奏,二人目の演奏,一人目の演奏,一人目の演奏,一人目の演奏,二人目の演奏,一人目の演奏,二人目の演奏,二人目の演奏,二人目の演奏,二人目の演奏,二人目の演奏,一人目の演奏,二人目の演奏,二人目の演奏,一人目の演奏,二人目の演奏,二人目の演奏,二人目の演奏,二人目の演奏,二人目の演奏,二人目の演奏,一人目の演奏,二人目の演奏,一人目の演奏,一人目の演奏,二人目の演奏,二人目の演奏,二人目の演奏,一人目の演奏,26b45b5b1a39b41b46a13a10b43a6a36b28a47b21a48b31a49a33a19a50b25a16a38a22b3a24b23a14b40a4a35a15b18b17b29a34b20b37b11b27a7a8b30b42a9b2a32a44a12a,,,,,
3/2/2022 14:27:52,,二人目の演奏,二人目の演奏,一人目の演奏,一人目の演奏,二人目の演奏,二人目の演奏,一人目の演奏,一人目の演奏,二人目の演奏,一人目の演奏,二人目の演奏,一人目の演奏,二人目の演奏,二人目の演奏,一人目の演奏,二人目の演奏,二人目の演奏,二人目の演奏,二人目の演奏,二人目の演奏,一人目の演奏,一人目の演奏,一人目の演奏,二人目の演奏,二人目の演奏,一人目の演奏,一人目の演奏,二人目の演奏,二人目の演奏,一人目の演奏,一人目の演奏,一人目の演奏,二人目の演奏,一人目の演奏,二人目の演奏,二人目の演奏,一人目の演奏,二人目の演奏,一人目の演奏,二人目の演奏,一人目の演奏,二人目の演奏,一人目の演奏,二人目の演奏,一人目の演奏,一人目の演奏,二人目の演奏,二人目の演奏,一人目の演奏,一人目の演奏,30a29a34a33a23a10b42a11b13a1b49a2a38b26b6a16b15b32a21b44a50a7b28b9b25a5a19a24a27b47b17b22b4b20b40b46b39b37b43a3b8a35b14b41b31b45b12b48b36a18a,,,,,
3/2/2022 15:11:10,,二人目の演奏,二人目の演奏,一人目の演奏,二人目の演奏,二人目の演奏,二人目の演奏,二人目の演奏,一人目の演奏,一人目の演奏,二人目の演奏,二人目の演奏,二人目の演奏,一人目の演奏,二人目の演奏,二人目の演奏,二人目の演奏,二人目の演奏,二人目の演奏,二人目の演奏,一人目の演奏,二人目の演奏,一人目の演奏,二人目の演奏,二人目の演奏,二人目の演奏,二人目の演奏,二人目の演奏,一人目の演奏,一人目の演奏,二人目の演奏,一人目の演奏,二人目の演奏,一人目の演奏,二人目の演奏,一人目の演奏,二人目の演奏,二人目の演奏,一人目の演奏,一人目の演奏,二人目の演奏,二人目の演奏,二人目の演奏,一人目の演奏,二人目の演奏,二人目の演奏,二人目の演奏,二人目の演奏,一人目の演奏,一人目の演奏,二人目の演奏,49b19b27a37b46b42a35b24b18a36a8b9a5a20b6a31a43b1b12a50a47b26a28a7a39b13a16b30a32b3a21b48a4a34a2b33b15a40b25a41b10b14b29a22a11b17b38b44a23b45b,,,,,
3/2/2022 15:27:38,,二人目の演奏,二人目の演奏,一人目の演奏,二人目の演奏,一人目の演奏,一人目の演奏,一人目の演奏,一人目の演奏,二人目の演奏,一人目の演奏,一人目の演奏,二人目の演奏,一人目の演奏,二人目の演奏,二人目の演奏,二人目の演奏,二人目の演奏,一人目の演奏,一人目の演奏,一人目の演奏,一人目の演奏,一人目の演奏,二人目の演奏,二人目の演奏,一人目の演奏,二人目の演奏,一人目の演奏,二人目の演奏,二人目の演奏,一人目の演奏,二人目の演奏,二人目の演奏,二人目の演奏,二人目の演奏,一人目の演奏,一人目の演奏,二人目の演奏,一人目の演奏,二人目の演奏,一人目の演奏,二人目の演奏,二人目の演奏,二人目の演奏,一人目の演奏,二人目の演奏,二人目の演奏,二人目の演奏,一人目の演奏,二人目の演奏,一人目の演奏,36b15a12a20b42b2a28a13a3b38a50a24a29a8a35a6a4b5a37a7b49a44b41a30b27a39a10a45b31a33a11b34a19b9a22a26a43b25b48a17a1b40b18b46b23b47a21a32b16b14b,,,,,
3/2/2022 17:41:24,,二人目の演奏,二人目の演奏,一人目の演奏,一人目の演奏,一人目の演奏,二人目の演奏,二人目の演奏,二人目の演奏,二人目の演奏,一人目の演奏,一人目の演奏,二人目の演奏,一人目の演奏,二人目の演奏,一人目の演奏,二人目の演奏,二人目の演奏,二人目の演奏,二人目の演奏,一人目の演奏,二人目の演奏,二人目の演奏,二人目の演奏,二人目の演奏,二人目の演奏,二人目の演奏,二人目の演奏,二人目の演奏,二人目の演奏,二人目の演奏,二人目の演奏,二人目の演奏,一人目の演奏,二人目の演奏,二人目の演奏,二人目の演奏,二人目の演奏,二人目の演奏,一人目の演奏,一人目の演奏,二人目の演奏,一人目の演奏,一人目の演奏,一人目の演奏,二人目の演奏,二人目の演奏,一人目の演奏,二人目の演奏,二人目の演奏,一人目の演奏,39a43a33b19b30b12a42a34b17b50b48a9b35b27b24b44b14a4b3b16a38b26a8a15b5a41a46b11b28a6a32b40b45a49b47b22a25b7b18b36a29a10a31a23a1a37a20b2a13b21a,,,,,
3/2/2022 17:47:14,,二人目の演奏,二人目の演奏,二人目の演奏,一人目の演奏,二人目の演奏,一人目の演奏,一人目の演奏,一人目の演奏,二人目の演奏,二人目の演奏,二人目の演奏,二人目の演奏,一人目の演奏,一人目の演奏,一人目の演奏,一人目の演奏,一人目の演奏,一人目の演奏,一人目の演奏,一人目の演奏,一人目の演奏,二人目の演奏,二人目の演奏,二人目の演奏,一人目の演奏,二人目の演奏,一人目の演奏,二人目の演奏,二人目の演奏,二人目の演奏,二人目の演奏,二人目の演奏,一人目の演奏,一人目の演奏,一人目の演奏,二人目の演奏,一人目の演奏,二人目の演奏,二人目の演奏,二人目の演奏,二人目の演奏,一人目の演奏,二人目の演奏,一人目の演奏,二人目の演奏,二人目の演奏,二人目の演奏,一人目の演奏,二人目の演奏,二人目の演奏,15b39b40a25b24a6a13a33b48a35a32a1b41a16a5b45b14a19b38b37b11a20b28b46b7b23b43a27b4a2a49a47a9a18b34b30a8a31b36b21a29b17b10b50a26b3a12a44b42a22a,,,,,
3/2/2022 20:32:57,,二人目の演奏,一人目の演奏,二人目の演奏,二人目の演奏,二人目の演奏,二人目の演奏,二人目の演奏,二人目の演奏,二人目の演奏,二人目の演奏,二人目の演奏,二人目の演奏,一人目の演奏,一人目の演奏,二人目の演奏,二人目の演奏,一人目の演奏,二人目の演奏,二人目の演奏,二人目の演奏,二人目の演奏,一人目の演奏,二人目の演奏,一人目の演奏,一人目の演奏,二人目の演奏,二人目の演奏,二人目の演奏,一人目の演奏,一人目の演奏,一人目の演奏,一人目の演奏,一人目の演奏,一人目の演奏,一人目の演奏,一人目の演奏,一人目の演奏,一人目の演奏,一人目の演奏,二人目の演奏,二人目の演奏,二人目の演奏,一人目の演奏,一人目の演奏,一人目の演奏,二人目の演奏,二人目の演奏,一人目の演奏,一人目の演奏,二人目の演奏,1b24b2a18a37b30a8b45a4b13b27b22a6a7b15a23b50a39b36a41a40a38b31a33a29a43a46b21b12a17a3b32a48b25b11a16a35b34b14a42a9a47b49a44a5a20a10b19b28a26a,,,Task2の実施時間4分 / Task1でも動画を視聴していない可能性あり,,
3/2/2022 21:38:01,,二人目の演奏,一人目の演奏,二人目の演奏,二人目の演奏,二人目の演奏,一人目の演奏,二人目の演奏,二人目の演奏,二人目の演奏,一人目の演奏,一人目の演奏,二人目の演奏,二人目の演奏,一人目の演奏,一人目の演奏,二人目の演奏,二人目の演奏,二人目の演奏,二人目の演奏,一人目の演奏,一人目の演奏,一人目の演奏,二人目の演奏,二人目の演奏,一人目の演奏,一人目の演奏,一人目の演奏,一人目の演奏,二人目の演奏,一人目の演奏,二人目の演奏,一人目の演奏,二人目の演奏,二人目の演奏,二人目の演奏,二人目の演奏,二人目の演奏,二人目の演奏,二人目の演奏,一人目の演奏,一人目の演奏,二人目の演奏,二人目の演奏,二人目の演奏,二人目の演奏,一人目の演奏,一人目の演奏,二人目の演奏,一人目の演奏,二人目の演奏,14b28a17b22a25b15a36a46b44b41a39a7a5a38b6a8a34a23b32a12a26a20b40a9a11a24b29a37a42a2b43a30b50a21a13a16b35a47a10b1a45b31a49b3a33b48b27b18a19a4a,,,,,
3/2/2022 22:11:58,,一人目の演奏,一人目の演奏,一人目の演奏,一人目の演奏,一人目の演奏,二人目の演奏,一人目の演奏,一人目の演奏,一人目の演奏,一人目の演奏,二人目の演奏,一人目の演奏,一人目の演奏,一人目の演奏,二人目の演奏,二人目の演奏,二人目の演奏,一人目の演奏,二人目の演奏,二人目の演奏,一人目の演奏,二人目の演奏,二人目の演奏,一人目の演奏,二人目の演奏,一人目の演奏,二人目の演奏,一人目の演奏,二人目の演奏,一人目の演奏,二人目の演奏,一人目の演奏,一人目の演奏,二人目の演奏,二人目の演奏,二人目の演奏,一人目の演奏,一人目の演奏,二人目の演奏,二人目の演奏,一人目の演奏,二人目の演奏,一人目の演奏,二人目の演奏,一人目の演奏,二人目の演奏,二人目の演奏,一人目の演奏,二人目の演奏,一人目の演奏,8b43a27a17a12a31a33b48b24b21a11b18a3b50a49b4a35b30b13b34a15b14a39b1b16b41a20b37b22a2b25a46a19a26b5a10a7a40b36b38a9a42b44b28a47a6b32a23a29b45b,,,Task2のdataなし,,
3/2/2022 22:46:51,,一人目の演奏,二人目の演奏,一人目の演奏,一人目の演奏,二人目の演奏,一人目の演奏,二人目の演奏,一人目の演奏,二人目の演奏,二人目の演奏,一人目の演奏,二人目の演奏,二人目の演奏,一人目の演奏,一人目の演奏,一人目の演奏,一人目の演奏,二人目の演奏,二人目の演奏,二人目の演奏,二人目の演奏,二人目の演奏,二人目の演奏,二人目の演奏,二人目の演奏,一人目の演奏,一人目の演奏,二人目の演奏,二人目の演奏,二人目の演奏,二人目の演奏,二人目の演奏,二人目の演奏,二人目の演奏,二人目の演奏,二人目の演奏,一人目の演奏,一人目の演奏,二人目の演奏,一人目の演奏,一人目の演奏,一人目の演奏,一人目の演奏,二人目の演奏,二人目の演奏,一人目の演奏,一人目の演奏,二人目の演奏,一人目の演奏,二人目の演奏,26b18b47a9a3a27a33b34b43a7a49a37a6a16a46b40b12a45a35a50b48a24a36a23b10b44a2b30b19a39a28a15a4a1b14a5a38b41b25a13b17b20a22b21b8b31b11a29b42b32a,,,,,
3/3/2022 9:27:49,,一人目の演奏,二人目の演奏,一人目の演奏,一人目の演奏,一人目の演奏,一人目の演奏,二人目の演奏,二人目の演奏,二人目の演奏,二人目の演奏,一人目の演奏,一人目の演奏,一人目の演奏,二人目の演奏,二人目の演奏,二人目の演奏,一人目の演奏,一人目の演奏,一人目の演奏,一人目の演奏,一人目の演奏,二人目の演奏,二人目の演奏,一人目の演奏,一人目の演奏,一人目の演奏,一人目の演奏,一人目の演奏,二人目の演奏,一人目の演奏,一人目の演奏,二人目の演奏,一人目の演奏,一人目の演奏,一人目の演奏,二人目の演奏,二人目の演奏,二人目の演奏,二人目の演奏,一人目の演奏,二人目の演奏,二人目の演奏,二人目の演奏,一人目の演奏,一人目の演奏,二人目の演奏,一人目の演奏,一人目の演奏,一人目の演奏,一人目の演奏,6a46a49b30b16b42b12b3b9b50b40b45b11b36a20a27a15a29b8b1b44a14a35b22b2b5b34a18b48b39a43a19b7a10b32b13b41a37a31b26b38b33a17b23a28a24a47b25b4a21a,,,,,
3/3/2022 17:37:00,,一人目の演奏,二人目の演奏,一人目の演奏,一人目の演奏,二人目の演奏,二人目の演奏,一人目の演奏,二人目の演奏,一人目の演奏,二人目の演奏,二人目の演奏,一人目の演奏,二人目の演奏,一人目の演奏,二人目の演奏,二人目の演奏,二人目の演奏,二人目の演奏,一人目の演奏,一人目の演奏,二人目の演奏,一人目の演奏,二人目の演奏,二人目の演奏,一人目の演奏,二人目の演奏,二人目の演奏,二人目の演奏,二人目の演奏,二人目の演奏,二人目の演奏,二人目の演奏,一人目の演奏,一人目の演奏,二人目の演奏,一人目の演奏,二人目の演奏,二人目の演奏,二人目の演奏,一人目の演奏,二人目の演奏,一人目の演奏,一人目の演奏,一人目の演奏,一人目の演奏,二人目の演奏,二人目の演奏,二人目の演奏,二人目の演奏,一人目の演奏,13a9b28a43a30a6b40a23b19b1b47a36a27a50a2a21b17b49a42b37a14a29a5a31b26a12a48b35a8b22a25b16b46a33a44a41b34b18a20b38b32b24b45b4b7b11b3a39a10a15b,,,,,
3/3/2022 18:36:04,,二人目の演奏,二人目の演奏,一人目の演奏,一人目の演奏,二人目の演奏,二人目の演奏,一人目の演奏,二人目の演奏,一人目の演奏,二人目の演奏,一人目の演奏,一人目の演奏,一人目の演奏,二人目の演奏,一人目の演奏,二人目の演奏,二人目の演奏,一人目の演奏,一人目の演奏,二人目の演奏,二人目の演奏,一人目の演奏,二人目の演奏,二人目の演奏,一人目の演奏,二人目の演奏,二人目の演奏,二人目の演奏,一人目の演奏,一人目の演奏,二人目の演奏,一人目の演奏,二人目の演奏,二人目の演奏,一人目の演奏,二人目の演奏,一人目の演奏,一人目の演奏,一人目の演奏,一人目の演奏,一人目の演奏,二人目の演奏,一人目の演奏,一人目の演奏,二人目の演奏,二人目の演奏,一人目の演奏,一人目の演奏,一人目の演奏,二人目の演奏,10a5a18a15b46b48b20a36b44b3b38a27b9a2a16a45b14b23a22b47a8b34b35a29a39b37b1a33b30a13a7a42a26b50a21b6a4a19a40b12b24a32a43a41a31a11b28a49a17a25b,,,,,
3/3/2022 20:49:48,,二人目の演奏,二人目の演奏,一人目の演奏,一人目の演奏,一人目の演奏,一人目の演奏,二人目の演奏,一人目の演奏,一人目の演奏,一人目の演奏,一人目の演奏,一人目の演奏,二人目の演奏,二人目の演奏,一人目の演奏,二人目の演奏,一人目の演奏,二人目の演奏,一人目の演奏,二人目の演奏,二人目の演奏,一人目の演奏,一人目の演奏,二人目の演奏,一人目の演奏,二人目の演奏,一人目の演奏,二人目の演奏,二人目の演奏,二人目の演奏,二人目の演奏,一人目の演奏,二人目の演奏,一人目の演奏,二人目の演奏,二人目の演奏,二人目の演奏,一人目の演奏,一人目の演奏,一人目の演奏,一人目の演奏,二人目の演奏,一人目の演奏,二人目の演奏,二人目の演奏,一人目の演奏,一人目の演奏,一人目の演奏,一人目の演奏,二人目の演奏,37a7b44a27b33a40a14a8a18b29b19a48a35a25a50a4a28a43b11b12b47b22b45b3b10a24b31a16b49a46b9a20a32a1a6b38b26a30a34a42a17b23b39b13b21b41a2b36a15a5b,,,,,
3/3/2022 22:27:59,,一人目の演奏,二人目の演奏,一人目の演奏,一人目の演奏,二人目の演奏,二人目の演奏,一人目の演奏,一人目の演奏,一人目の演奏,二人目の演奏,一人目の演奏,二人目の演奏,二人目の演奏,二人目の演奏,二人目の演奏,一人目の演奏,二人目の演奏,二人目の演奏,一人目の演奏,一人目の演奏,二人目の演奏,二人目の演奏,二人目の演奏,二人目の演奏,二人目の演奏,二人目の演奏,一人目の演奏,一人目の演奏,二人目の演奏,二人目の演奏,一人目の演奏,一人目の演奏,一人目の演奏,二人目の演奏,一人目の演奏,二人目の演奏,二人目の演奏,一人目の演奏,一人目の演奏,一人目の演奏,二人目の演奏,二人目の演奏,二人目の演奏,一人目の演奏,二人目の演奏,一人目の演奏,二人目の演奏,二人目の演奏,二人目の演奏,一人目の演奏,29b1b14a19b23b47a25b31b15b27a17b9a30a33b24a10b48a2a32b37a41b12b26b42b16b5a4a20b3a36b13a44a28b6b11a39b22b49b8a50b43b7a18a40b34b21a35b45b38b46a,,,,,
3/4/2022 14:32:27,,二人目の演奏,二人目の演奏,一人目の演奏,二人目の演奏,二人目の演奏,二人目の演奏,一人目の演奏,二人目の演奏,一人目の演奏,二人目の演奏,二人目の演奏,一人目の演奏,二人目の演奏,一人目の演奏,一人目の演奏,二人目の演奏,二人目の演奏,二人目の演奏,一人目の演奏,二人目の演奏,一人目の演奏,二人目の演奏,一人目の演奏,二人目の演奏,二人目の演奏,一人目の演奏,一人目の演奏,一人目の演奏,一人目の演奏,二人目の演奏,二人目の演奏,二人目の演奏,一人目の演奏,二人目の演奏,一人目の演奏,一人目の演奏,一人目の演奏,二人目の演奏,一人目の演奏,一人目の演奏,二人目の演奏,一人目の演奏,一人目の演奏,二人目の演奏,二人目の演奏,一人目の演奏,一人目の演奏,二人目の演奏,二人目の演奏,一人目の演奏,42a13b36a7a21b19a3b32a39b9a14a12a6b38b28a10b27b2a48b35b47a23b15a46b22b17a24b43a44a1b8b50b31b33a26a41a40a25a30a29b49a45b11a34b5a18a20a4b37b16a,,,,,
3/4/2022 22:21:26,,二人目の演奏,一人目の演奏,二人目の演奏,一人目の演奏,一人目の演奏,一人目の演奏,二人目の演奏,二人目の演奏,二人目の演奏,二人目の演奏,一人目の演奏,一人目の演奏,一人目の演奏,一人目の演奏,一人目の演奏,二人目の演奏,一人目の演奏,二人目の演奏,一人目の演奏,一人目の演奏,二人目の演奏,一人目の演奏,二人目の演奏,二人目の演奏,一人目の演奏,二人目の演奏,二人目の演奏,二人目の演奏,一人目の演奏,一人目の演奏,一人目の演奏,一人目の演奏,二人目の演奏,二人目の演奏,一人目の演奏,二人目の演奏,一人目の演奏,,一人目の演奏,一人目の演奏,二人目の演奏,一人目の演奏,一人目の演奏,二人目の演奏,一人目の演奏,一人目の演奏,一人目の演奏,二人目の演奏,一人目の演奏,二人目の演奏,31b35a33a5b22b21b38a14a19a42b44a27a46a34b36b50b29b25a45a40a8b32a15b23b41a37b24b4a20a3b49b43a11a6b26a18b9b7b48a12a10b1a16a13b39b2b17a28a30b47b,不可,第38問目の回答がない,,,
3/5/2022 1:27:43,,一人目の演奏,一人目の演奏,二人目の演奏,二人目の演奏,一人目の演奏,一人目の演奏,二人目の演奏,一人目の演奏,一人目の演奏,一人目の演奏,二人目の演奏,一人目の演奏,二人目の演奏,二人目の演奏,一人目の演奏,二人目の演奏,一人目の演奏,二人目の演奏,二人目の演奏,一人目の演奏,一人目の演奏,二人目の演奏,二人目の演奏,二人目の演奏,二人目の演奏,二人目の演奏,二人目の演奏,二人目の演奏,二人目の演奏,一人目の演奏,二人目の演奏,二人目の演奏,二人目の演奏,一人目の演奏,二人目の演奏,二人目の演奏,一人目の演奏,二人目の演奏,一人目の演奏,二人目の演奏,一人目の演奏,二人目の演奏,一人目の演奏,一人目の演奏,二人目の演奏,一人目の演奏,一人目の演奏,一人目の演奏,二人目の演奏,一人目の演奏,24b3a50a6b38a49b30b14b26a43b2a45b25b5a7b34a46a28a31b37a27a32b48b36a41a20a47b19a33b23a39a4b11a18a40a15b13a1b42b44a16b21a12b9b29a8a10a22a35a17a,,,,,
3/5/2022 13:03:36,,二人目の演奏,一人目の演奏,一人目の演奏,二人目の演奏,二人目の演奏,一人目の演奏,二人目の演奏,二人目の演奏,二人目の演奏,二人目の演奏,二人目の演奏,二人目の演奏,二人目の演奏,二人目の演奏,一人目の演奏,一人目の演奏,一人目の演奏,二人目の演奏,二人目の演奏,一人目の演奏,二人目の演奏,二人目の演奏,一人目の演奏,二人目の演奏,一人目の演奏,二人目の演奏,二人目の演奏,二人目の演奏,二人目の演奏,一人目の演奏,一人目の演奏,二人目の演奏,二人目の演奏,一人目の演奏,二人目の演奏,二人目の演奏,二人目の演奏,一人目の演奏,一人目の演奏,一人目の演奏,二人目の演奏,二人目の演奏,二人目の演奏,二人目の演奏,二人目の演奏,二人目の演奏,二人目の演奏,二人目の演奏,二人目の演奏,一人目の演奏,42a50b43b3b15a7b44a46b24b13b23b38a17b27a18a9a35a25a8a19a6b5a41a12b10b11b45b22b39b33a21a20b29b49a28b40a34a1a2b30a47b31b37b14b16b4a36b48a26b32b,,,,,
3/5/2022 14:25:06,,一人目の演奏,一人目の演奏,一人目の演奏,一人目の演奏,一人目の演奏,二人目の演奏,一人目の演奏,一人目の演奏,二人目の演奏,一人目の演奏,二人目の演奏,一人目の演奏,二人目の演奏,二人目の演奏,一人目の演奏,一人目の演奏,一人目の演奏,一人目の演奏,一人目の演奏,一人目の演奏,二人目の演奏,二人目の演奏,二人目の演奏,二人目の演奏,一人目の演奏,二人目の演奏,二人目の演奏,一人目の演奏,一人目の演奏,一人目の演奏,二人目の演奏,二人目の演奏,一人目の演奏,一人目の演奏,二人目の演奏,二人目の演奏,二人目の演奏,一人目の演奏,一人目の演奏,一人目の演奏,一人目の演奏,二人目の演奏,二人目の演奏,二人目の演奏,一人目の演奏,一人目の演奏,一人目の演奏,一人目の演奏,一人目の演奏,一人目の演奏,30a39b37a29b10a25a26a13a23b4a28b2b15a43a34a45b12a1a44b9a24b48b49b22a27a21b14b19b11a41b38b50b20b36a40b16b46b8a18a7b47b35a6b32a31b5a17b42b3b33a,,,,,
3/5/2022 23:33:08,,一人目の演奏,二人目の演奏,一人目の演奏,二人目の演奏,一人目の演奏,二人目の演奏,二人目の演奏,二人目の演奏,一人目の演奏,一人目の演奏,二人目の演奏,二人目の演奏,一人目の演奏,二人目の演奏,一人目の演奏,二人目の演奏,一人目の演奏,一人目の演奏,二人目の演奏,二人目の演奏,二人目の演奏,二人目の演奏,二人目の演奏,一人目の演奏,二人目の演奏,一人目の演奏,二人目の演奏,一人目の演奏,二人目の演奏,二人目の演奏,二人目の演奏,二人目の演奏,二人目の演奏,一人目の演奏,一人目の演奏,一人目の演奏,一人目の演奏,一人目の演奏,一人目の演奏,一人目の演奏,一人目の演奏,二人目の演奏,一人目の演奏,二人目の演奏,一人目の演奏,二人目の演奏,一人目の演奏,一人目の演奏,一人目の演奏,二人目の演奏,33a48b3a37b13a10a16b46b45a43a15a6a39a7a22b12b41a28a11a23b2a38b4a35a17b50b30a21b44b25a8a24a26b29b14b18a1b19a47a5a49a9a32b27a20a34b42a31a36a40a,,,,,
3/6/2022 12:56:34,,二人目の演奏,一人目の演奏,二人目の演奏,一人目の演奏,一人目の演奏,二人目の演奏,一人目の演奏,一人目の演奏,一人目の演奏,一人目の演奏,一人目の演奏,二人目の演奏,二人目の演奏,二人目の演奏,二人目の演奏,二人目の演奏,二人目の演奏,二人目の演奏,一人目の演奏,二人目の演奏,一人目の演奏,一人目の演奏,一人目の演奏,一人目の演奏,一人目の演奏,一人目の演奏,二人目の演奏,二人目の演奏,一人目の演奏,二人目の演奏,一人目の演奏,二人目の演奏,二人目の演奏,二人目の演奏,一人目の演奏,二人目の演奏,一人目の演奏,二人目の演奏,二人目の演奏,二人目の演奏,一人目の演奏,一人目の演奏,二人目の演奏,二人目の演奏,二人目の演奏,一人目の演奏,一人目の演奏,二人目の演奏,一人目の演奏,一人目の演奏,12a35a1a38b33b13a5a15a30a29b34b47a17b25b4b22a11b39a18a42a24b9a46a48b14a2b40a27a16a41b32a28a21a45a36b44a50a43b3a7a37a31a26a23b10a20b49b19b8a6b,,,,,
3/6/2022 18:21:51,,一人目の演奏,一人目の演奏,一人目の演奏,二人目の演奏,二人目の演奏,二人目の演奏,二人目の演奏,二人目の演奏,二人目の演奏,一人目の演奏,二人目の演奏,一人目の演奏,一人目の演奏,二人目の演奏,一人目の演奏,一人目の演奏,二人目の演奏,二人目の演奏,二人目の演奏,一人目の演奏,二人目の演奏,一人目の演奏,一人目の演奏,一人目の演奏,一人目の演奏,一人目の演奏,一人目の演奏,二人目の演奏,一人目の演奏,二人目の演奏,二人目の演奏,一人目の演奏,一人目の演奏,二人目の演奏,二人目の演奏,一人目の演奏,一人目の演奏,二人目の演奏,二人目の演奏,二人目の演奏,一人目の演奏,二人目の演奏,一人目の演奏,二人目の演奏,二人目の演奏,一人目の演奏,一人目の演奏,一人目の演奏,二人目の演奏,二人目の演奏,35a34b36a10a38a25b4b31a11b9b17b42a16a46b24b14a20b41b15a18b37b29b2b49a50b8a40a28a7b26a19a44b45b12b13b1b47b32a3a27a48a43b5a21a23a39a22b6b30a33b,,,,,
3/6/2022 20:53:05,,一人目の演奏,一人目の演奏,二人目の演奏,二人目の演奏,一人目の演奏,二人目の演奏,二人目の演奏,一人目の演奏,二人目の演奏,一人目の演奏,二人目の演奏,二人目の演奏,二人目の演奏,一人目の演奏,二人目の演奏,二人目の演奏,一人目の演奏,二人目の演奏,一人目の演奏,一人目の演奏,一人目の演奏,一人目の演奏,一人目の演奏,二人目の演奏,二人目の演奏,二人目の演奏,一人目の演奏,二人目の演奏,二人目の演奏,一人目の演奏,一人目の演奏,一人目の演奏,一人目の演奏,一人目の演奏,一人目の演奏,一人目の演奏,二人目の演奏,二人目の演奏,二人目の演奏,一人目の演奏,二人目の演奏,二人目の演奏,一人目の演奏,一人目の演奏,二人目の演奏,二人目の演奏,一人目の演奏,二人目の演奏,二人目の演奏,二人目の演奏,50b13a25a4a17a43a2a48b14a32a45b40a38b16a12a35a42b28a49b46a19a3b47b7a1a20b31a15a24a10a6a23a5b37b36b26a41a27a33b11a29b18b22b44a21b34b9a39b8b30a,,,,,
3/7/2022 10:01:46,,二人目の演奏,二人目の演奏,二人目の演奏,二人目の演奏,二人目の演奏,二人目の演奏,二人目の演奏,一人目の演奏,二人目の演奏,一人目の演奏,一人目の演奏,一人目の演奏,二人目の演奏,一人目の演奏,二人目の演奏,一人目の演奏,一人目の演奏,一人目の演奏,二人目の演奏,二人目の演奏,二人目の演奏,二人目の演奏,二人目の演奏,二人目の演奏,二人目の演奏,一人目の演奏,二人目の演奏,一人目の演奏,一人目の演奏,二人目の演奏,一人目の演奏,二人目の演奏,一人目の演奏,一人目の演奏,二人目の演奏,二人目の演奏,二人目の演奏,二人目の演奏,一人目の演奏,一人目の演奏,二人目の演奏,一人目の演奏,一人目の演奏,二人目の演奏,二人目の演奏,二人目の演奏,二人目の演奏,二人目の演奏,二人目の演奏,二人目の演奏,42a36b41b11b5b39a24a19b30b46b29b47b6a49b15a7a33a26a22a10b4b3a32a34b38b23a40b20b31a12b17a16a8b45b37a28b35b1b21b50a13b44b18b43b48b9b14a2a25a27b,,,,,
3/7/2022 19:36:04,,二人目の演奏,二人目の演奏,一人目の演奏,二人目の演奏,二人目の演奏,二人目の演奏,二人目の演奏,一人目の演奏,二人目の演奏,二人目の演奏,一人目の演奏,一人目の演奏,二人目の演奏,一人目の演奏,一人目の演奏,二人目の演奏,二人目の演奏,一人目の演奏,二人目の演奏,二人目の演奏,二人目の演奏,二人目の演奏,一人目の演奏,一人目の演奏,一人目の演奏,二人目の演奏,二人目の演奏,二人目の演奏,一人目の演奏,一人目の演奏,二人目の演奏,二人目の演奏,二人目の演奏,二人目の演奏,二人目の演奏,二人目の演奏,二人目の演奏,一人目の演奏,二人目の演奏,二人目の演奏,二人目の演奏,一人目の演奏,二人目の演奏,二人目の演奏,二人目の演奏,二人目の演奏,二人目の演奏,一人目の演奏,二人目の演奏,二人目の演奏,47a24a11a29b43a2a34a8a41a13a50a31a37a6a28b30b36b14b1b26b25a19a23a7b18a10a49b42b9b3b5b22a45a4a16a32b27b17a40a21a20b33a15b39b12b38a44a48a46b35a,,,,,
3/8/2022 12:47:11,,二人目の演奏,二人目の演奏,二人目の演奏,二人目の演奏,二人目の演奏,一人目の演奏,一人目の演奏,二人目の演奏,一人目の演奏,二人目の演奏,一人目の演奏,二人目の演奏,一人目の演奏,二人目の演奏,一人目の演奏,一人目の演奏,一人目の演奏,一人目の演奏,二人目の演奏,二人目の演奏,一人目の演奏,一人目の演奏,二人目の演奏,一人目の演奏,二人目の演奏,二人目の演奏,一人目の演奏,一人目の演奏,二人目の演奏,一人目の演奏,一人目の演奏,二人目の演奏,一人目の演奏,二人目の演奏,二人目の演奏,二人目の演奏,二人目の演奏,二人目の演奏,一人目の演奏,二人目の演奏,一人目の演奏,二人目の演奏,一人目の演奏,一人目の演奏,一人目の演奏,一人目の演奏,一人目の演奏,二人目の演奏,一人目の演奏,二人目の演奏,46b41b48b38a5b17a12b8b7b25b36b31a24b14a15b1b9a42a47a37b34b44a35b50b6a45a19b40a28b27b10b23b4b16a43a39a21a30a18a49a3b11a2b22b26b13b32b29b33b20b,,,,,
3/8/2022 14:25:24,,二人目の演奏,二人目の演奏,一人目の演奏,二人目の演奏,一人目の演奏,二人目の演奏,一人目の演奏,二人目の演奏,二人目の演奏,一人目の演奏,二人目の演奏,二人目の演奏,二人目の演奏,一人目の演奏,二人目の演奏,一人目の演奏,一人目の演奏,二人目の演奏,二人目の演奏,二人目の演奏,一人目の演奏,一人目の演奏,一人目の演奏,一人目の演奏,二人目の演奏,一人目の演奏,二人目の演奏,一人目の演奏,一人目の演奏,二人目の演奏,一人目の演奏,一人目の演奏,一人目の演奏,一人目の演奏,一人目の演奏,一人目の演奏,二人目の演奏,一人目の演奏,二人目の演奏,二人目の演奏,二人目の演奏,二人目の演奏,二人目の演奏,二人目の演奏,二人目の演奏,二人目の演奏,一人目の演奏,一人目の演奏,二人目の演奏,二人目の演奏,25a33b46a26a47a27b21a28b22a41a32b1a13a39a4a11a5a40a29b20b19a15a10a42b14a30a12b18b45b44a49a17a8a24b7b38b37b50a36b35b3a31a48a34b6a16b9a2b43b23b,,,,,
3/8/2022 15:10:11,,二人目の演奏,一人目の演奏,一人目の演奏,一人目の演奏,一人目の演奏,一人目の演奏,二人目の演奏,一人目の演奏,一人目の演奏,一人目の演奏,二人目の演奏,一人目の演奏,一人目の演奏,二人目の演奏,二人目の演奏,二人目の演奏,二人目の演奏,一人目の演奏,二人目の演奏,二人目の演奏,一人目の演奏,一人目の演奏,二人目の演奏,二人目の演奏,一人目の演奏,一人目の演奏,一人目の演奏,一人目の演奏,一人目の演奏,一人目の演奏,二人目の演奏,一人目の演奏,一人目の演奏,二人目の演奏,一人目の演奏,一人目の演奏,二人目の演奏,二人目の演奏,一人目の演奏,二人目の演奏,二人目の演奏,二人目の演奏,一人目の演奏,二人目の演奏,二人目の演奏,一人目の演奏,二人目の演奏,二人目の演奏,一人目の演奏,一人目の演奏,18b20a12b38a36b7a30b26a14a35b41a11a5b22a1b48b10a42a34a19a9a49a2b46b8a50b28b31b47a4b25b21a32a40b17b45b16b27a6b33b15a23b44b24b39b43b37b29a13a3a,不可,43と同一人物,,,
3/8/2022 16:18:24,,二人目の演奏,二人目の演奏,一人目の演奏,二人目の演奏,二人目の演奏,一人目の演奏,二人目の演奏,一人目の演奏,二人目の演奏,一人目の演奏,一人目の演奏,一人目の演奏,一人目の演奏,二人目の演奏,一人目の演奏,二人目の演奏,一人目の演奏,一人目の演奏,二人目の演奏,一人目の演奏,一人目の演奏,一人目の演奏,二人目の演奏,二人目の演奏,一人目の演奏,一人目の演奏,一人目の演奏,二人目の演奏,二人目の演奏,二人目の演奏,二人目の演奏,一人目の演奏,二人目の演奏,二人目の演奏,一人目の演奏,一人目の演奏,一人目の演奏,一人目の演奏,二人目の演奏,二人目の演奏,一人目の演奏,二人目の演奏,一人目の演奏,二人目の演奏,一人目の演奏,一人目の演奏,一人目の演奏,一人目の演奏,一人目の演奏,二人目の演奏,26b42a6a33b19b29a23b40b49a48b10a25a2b3a50a27b21a18b13b8a43a36b38a9a28a5a22b17b24a45a34b1a14b46b41a47b16a4b44b15a11b32b31b37a39b12a35b20a7b30a,,,,,
3/9/2022 11:19:43,,一人目の演奏,一人目の演奏,二人目の演奏,一人目の演奏,一人目の演奏,一人目の演奏,二人目の演奏,一人目の演奏,二人目の演奏,二人目の演奏,一人目の演奏,二人目の演奏,一人目の演奏,二人目の演奏,二人目の演奏,二人目の演奏,一人目の演奏,二人目の演奏,二人目の演奏,一人目の演奏,二人目の演奏,一人目の演奏,二人目の演奏,一人目の演奏,一人目の演奏,二人目の演奏,一人目の演奏,二人目の演奏,二人目の演奏,一人目の演奏,二人目の演奏,二人目の演奏,二人目の演奏,二人目の演奏,二人目の演奏,二人目の演奏,二人目の演奏,二人目の演奏,一人目の演奏,一人目の演奏,二人目の演奏,一人目の演奏,一人目の演奏,一人目の演奏,二人目の演奏,二人目の演奏,二人目の演奏,一人目の演奏,一人目の演奏,一人目の演奏,10a27a36b24b4a14a42a29b19b48a34a17b12a39b41a15a18b44b22b1a11b21b2a35a9b5b6a45a47a33a38b16b13a37b25a23b40a31a8a50a28a3b30b20a26a32a46b7b49a43b,,,,,
3/9/2022 14:05:37,,二人目の演奏,二人目の演奏,二人目の演奏,一人目の演奏,一人目の演奏,一人目の演奏,二人目の演奏,一人目の演奏,二人目の演奏,二人目の演奏,一人目の演奏,二人目の演奏,二人目の演奏,二人目の演奏,二人目の演奏,二人目の演奏,二人目の演奏,一人目の演奏,二人目の演奏,二人目の演奏,一人目の演奏,二人目の演奏,一人目の演奏,二人目の演奏,二人目の演奏,一人目の演奏,二人目の演奏,二人目の演奏,一人目の演奏,二人目の演奏,二人目の演奏,二人目の演奏,一人目の演奏,二人目の演奏,一人目の演奏,二人目の演奏,一人目の演奏,二人目の演奏,一人目の演奏,二人目の演奏,二人目の演奏,一人目の演奏,二人目の演奏,一人目の演奏,二人目の演奏,一人目の演奏,一人目の演奏,二人目の演奏,二人目の演奏,二人目の演奏,25a7a47a22b17a14b15b5a48a33a3b49b13b10b4b50b32a46a24a45b42b31a9a39b11a19a40a37a44b16a18a6a30a2a34a27a26b8b43b1a20a36b12a29a38a41b28b23b21b35a,,,,,
3/9/2022 14:56:13,,二人目の演奏,二人目の演奏,一人目の演奏,一人目の演奏,一人目の演奏,二人目の演奏,二人目の演奏,二人目の演奏,一人目の演奏,一人目の演奏,二人目の演奏,一人目の演奏,一人目の演奏,二人目の演奏,二人目の演奏,二人目の演奏,一人目の演奏,二人目の演奏,二人目の演奏,二人目の演奏,二人目の演奏,二人目の演奏,一人目の演奏,一人目の演奏,二人目の演奏,二人目の演奏,二人目の演奏,二人目の演奏,二人目の演奏,二人目の演奏,二人目の演奏,一人目の演奏,二人目の演奏,二人目の演奏,一人目の演奏,一人目の演奏,一人目の演奏,一人目の演奏,二人目の演奏,二人目の演奏,一人目の演奏,二人目の演奏,一人目の演奏,二人目の演奏,二人目の演奏,二人目の演奏,二人目の演奏,二人目の演奏,一人目の演奏,二人目の演奏,25a19a31b35b50b18b42b43b17b48a8b10a15b37b22a11b21a16b6a49a36b32b40b30a44a38a3a45a5b47a34b23a2a27b46a24b20a39b13a29a33a1a14a9a26b4a12b7b41b28a,,,,,
3/9/2022 17:33:25,,二人目の演奏,二人目の演奏,一人目の演奏,一人目の演奏,一人目の演奏,二人目の演奏,二人目の演奏,二人目の演奏,二人目の演奏,二人目の演奏,一人目の演奏,二人目の演奏,二人目の演奏,二人目の演奏,二人目の演奏,二人目の演奏,一人目の演奏,二人目の演奏,一人目の演奏,二人目の演奏,二人目の演奏,一人目の演奏,二人目の演奏,一人目の演奏,一人目の演奏,二人目の演奏,二人目の演奏,二人目の演奏,二人目の演奏,二人目の演奏,一人目の演奏,二人目の演奏,二人目の演奏,一人目の演奏,二人目の演奏,二人目の演奏,二人目の演奏,二人目の演奏,二人目の演奏,一人目の演奏,二人目の演奏,二人目の演奏,一人目の演奏,二人目の演奏,二人目の演奏,一人目の演奏,二人目の演奏,一人目の演奏,一人目の演奏,一人目の演奏,29b49a8a30a27a31a13b39b50b24b16b44a40b2b18b26b14a10a37a7b25a42b22b19a33a38b34b21a5a3a15b47a11b36a46b23b32b12a43b17b4b28b48a35b9a6b45b1b20b41b,,,,,
3/10/2022 16:32:54,,二人目の演奏,二人目の演奏,二人目の演奏,一人目の演奏,二人目の演奏,二人目の演奏,一人目の演奏,二人目の演奏,一人目の演奏,二人目の演奏,二人目の演奏,二人目の演奏,二人目の演奏,二人目の演奏,一人目の演奏,一人目の演奏,二人目の演奏,一人目の演奏,二人目の演奏,一人目の演奏,二人目の演奏,一人目の演奏,二人目の演奏,二人目の演奏,一人目の演奏,一人目の演奏,二人目の演奏,二人目の演奏,一人目の演奏,二人目の演奏,一人目の演奏,一人目の演奏,二人目の演奏,一人目の演奏,二人目の演奏,一人目の演奏,一人目の演奏,二人目の演奏,一人目の演奏,二人目の演奏,二人目の演奏,一人目の演奏,二人目の演奏,一人目の演奏,一人目の演奏,二人目の演奏,一人目の演奏,二人目の演奏,一人目の演奏,二人目の演奏,9a32a16a49b44b18a45a34b13a19b42b24a2a33b29a15a20b22b30a26a37a35a6a23b43a40b11b21b1b4a7b3b41a46b38a50a36b10a31a12b27a14b5b28a39b8a48a47a25b17b,,,,,
3/10/2022 23:18:23,,二人目の演奏,二人目の演奏,一人目の演奏,二人目の演奏,二人目の演奏,一人目の演奏,一人目の演奏,二人目の演奏,一人目の演奏,一人目の演奏,二人目の演奏,一人目の演奏,一人目の演奏,二人目の演奏,二人目の演奏,二人目の演奏,一人目の演奏,二人目の演奏,一人目の演奏,二人目の演奏,一人目の演奏,一人目の演奏,二人目の演奏,一人目の演奏,一人目の演奏,一人目の演奏,二人目の演奏,二人目の演奏,一人目の演奏,二人目の演奏,二人目の演奏,二人目の演奏,二人目の演奏,二人目の演奏,一人目の演奏,二人目の演奏,一人目の演奏,二人目の演奏,二人目の演奏,二人目の演奏,一人目の演奏,二人目の演奏,一人目の演奏,二人目の演奏,二人目の演奏,一人目の演奏,二人目の演奏,二人目の演奏,一人目の演奏,一人目の演奏,25a9a29a48a11b21b34a42b13a36a32a33b35b31b28b18b43a16b46a1b4b6a10a23a8a39b38b50b22b45b5a14b41b15a30a44a26a37b24a40b2b12a47a19b17b20a49a7a27a3b,,,,,
3/11/2022 12:02:05,,二人目の演奏,二人目の演奏,一人目の演奏,二人目の演奏,二人目の演奏,二人目の演奏,一人目の演奏,一人目の演奏,一人目の演奏,二人目の演奏,二人目の演奏,二人目の演奏,二人目の演奏,一人目の演奏,一人目の演奏,一人目の演奏,一人目の演奏,二人目の演奏,一人目の演奏,二人目の演奏,二人目の演奏,一人目の演奏,二人目の演奏,一人目の演奏,一人目の演奏,二人目の演奏,一人目の演奏,一人目の演奏,二人目の演奏,二人目の演奏,一人目の演奏,二人目の演奏,二人目の演奏,二人目の演奏,二人目の演奏,一人目の演奏,二人目の演奏,二人目の演奏,二人目の演奏,二人目の演奏,一人目の演奏,二人目の演奏,一人目の演奏,一人目の演奏,二人目の演奏,二人目の演奏,二人目の演奏,一人目の演奏,一人目の演奏,一人目の演奏,20b50b18b48a24a23a46a32b1a36b27b43b4a42b9a25a45a3b5b11b28b40b6a7b39a34b16a49a35b22a44b47a41b21b13a38b29a15a26b37b31a10a8a33a2a12b14a17a30b19a,,,,,
3/16/2022 5:40:59,,一人目の演奏,一人目の演奏,一人目の演奏,二人目の演奏,一人目の演奏,二人目の演奏,二人目の演奏,二人目の演奏,一人目の演奏,二人目の演奏,一人目の演奏,二人目の演奏,二人目の演奏,一人目の演奏,二人目の演奏,二人目の演奏,二人目の演奏,二人目の演奏,二人目の演奏,一人目の演奏,二人目の演奏,二人目の演奏,一人目の演奏,一人目の演奏,二人目の演奏,一人目の演奏,二人目の演奏,二人目の演奏,一人目の演奏,二人目の演奏,一人目の演奏,一人目の演奏,一人目の演奏,二人目の演奏,二人目の演奏,一人目の演奏,二人目の演奏,一人目の演奏,二人目の演奏,一人目の演奏,二人目の演奏,二人目の演奏,一人目の演奏,二人目の演奏,二人目の演奏,二人目の演奏,一人目の演奏,二人目の演奏,二人目の演奏,二人目の演奏,13a26a16a31a48a42a5a39a24b21a19a9a6b28a1b25a36a3a18b40b49b41a23a20b12b46a37b14b45b17b27a22b44a34a35a7b4a30a38a15b32b8b33a2a11a43a29a50a10b47b,,,,,
4/8/2022 11:35:35,,二人目の演奏,一人目の演奏,二人目の演奏,二人目の演奏,一人目の演奏,二人目の演奏,二人目の演奏,一人目の演奏,二人目の演奏,二人目の演奏,二人目の演奏,一人目の演奏,一人目の演奏,一人目の演奏,一人目の演奏,一人目の演奏,一人目の演奏,二人目の演奏,一人目の演奏,一人目の演奏,二人目の演奏,二人目の演奏,二人目の演奏,一人目の演奏,一人目の演奏,一人目の演奏,一人目の演奏,二人目の演奏,一人目の演奏,一人目の演奏,一人目の演奏,二人目の演奏,一人目の演奏,二人目の演奏,二人目の演奏,二人目の演奏,二人目の演奏,一人目の演奏,一人目の演奏,二人目の演奏,一人目の演奏,二人目の演奏,一人目の演奏,二人目の演奏,二人目の演奏,一人目の演奏,二人目の演奏,一人目の演奏,一人目の演奏,一人目の演奏,33a44b8a32b20b30b6b15b24b39b45b10b11a34a22b36a47a38a17a21b16b3a28a14a41a29a49b19a27b5b35a48a2a4a37b43b50a1a9b12a26a31a46a23b42a40b7a25b18b13a,,,,,
4/9/2022 8:14:13,,二人目の演奏,一人目の演奏,一人目の演奏,二人目の演奏,二人目の演奏,二人目の演奏,二人目の演奏,一人目の演奏,一人目の演奏,二人目の演奏,一人目の演奏,二人目の演奏,一人目の演奏,二人目の演奏,二人目の演奏,一人目の演奏,二人目の演奏,一人目の演奏,二人目の演奏,一人目の演奏,二人目の演奏,二人目の演奏,二人目の演奏,一人目の演奏,二人目の演奏,一人目の演奏,二人目の演奏,二人目の演奏,一人目の演奏,二人目の演奏,二人目の演奏,一人目の演奏,二人目の演奏,二人目の演奏,一人目の演奏,一人目の演奏,二人目の演奏,一人目の演奏,二人目の演奏,一人目の演奏,一人目の演奏,一人目の演奏,二人目の演奏,一人目の演奏,二人目の演奏,一人目の演奏,二人目の演奏,二人目の演奏,二人目の演奏,二人目の演奏,25b46a50b48a40b3b33a41a24a12a32b37b45b30a47b43a20b5b1b9b27b26a21b18a7a36a14a6b8a16a23b4a2a44b28b29b34b31b15b10a38b11b17b19a13a22a42b35a39a49b,,,,,
4/24/2022 16:43:31,,一人目の演奏,一人目の演奏,一人目の演奏,二人目の演奏,一人目の演奏,一人目の演奏,一人目の演奏,一人目の演奏,一人目の演奏,一人目の演奏,二人目の演奏,一人目の演奏,二人目の演奏,一人目の演奏,一人目の演奏,二人目の演奏,一人目の演奏,一人目の演奏,一人目の演奏,一人目の演奏,一人目の演奏,一人目の演奏,二人目の演奏,一人目の演奏,一人目の演奏,二人目の演奏,二人目の演奏,二人目の演奏,二人目の演奏,一人目の演奏,一人目の演奏,二人目の演奏,一人目の演奏,二人目の演奏,一人目の演奏,二人目の演奏,二人目の演奏,二人目の演奏,二人目の演奏,二人目の演奏,二人目の演奏,二人目の演奏,二人目の演奏,一人目の演奏,二人目の演奏,二人目の演奏,二人目の演奏,二人目の演奏,二人目の演奏,二人目の演奏,37a8a28a38b40b16b44b50a46b43a34a15b2b45a31b4a1a29b24b22b11a18b47b48b13b7a36b17a12a39a21b35b20b42a10b49a9b19b14a26b3a30b27b5b32a6a23b25a41b33a,,,,,
4/24/2022 16:46:18,,二人目の演奏,一人目の演奏,一人目の演奏,一人目の演奏,二人目の演奏,一人目の演奏,一人目の演奏,二人目の演奏,二人目の演奏,一人目の演奏,一人目の演奏,一人目の演奏,二人目の演奏,一人目の演奏,二人目の演奏,二人目の演奏,一人目の演奏,一人目の演奏,二人目の演奏,二人目の演奏,一人目の演奏,二人目の演奏,二人目の演奏,一人目の演奏,一人目の演奏,一人目の演奏,二人目の演奏,二人目の演奏,一人目の演奏,一人目の演奏,一人目の演奏,一人目の演奏,一人目の演奏,一人目の演奏,一人目の演奏,二人目の演奏,一人目の演奏,一人目の演奏,一人目の演奏,二人目の演奏,二人目の演奏,一人目の演奏,一人目の演奏,二人目の演奏,一人目の演奏,一人目の演奏,二人目の演奏,一人目の演奏,一人目の演奏,二人目の演奏,36b33a39b49a13a44b31a23a46b27a24b16a8b20a15a9b2b4b6b45b14b37b32b17a3b22b21a47a35a34b40b28a1b42a7b11a50b29a26a38b30a48b18a43b10b12b19b25a5b41b,,,,,
4/24/2022 17:02:22,,一人目の演奏,一人目の演奏,一人目の演奏,二人目の演奏,二人目の演奏,二人目の演奏,二人目の演奏,一人目の演奏,二人目の演奏,一人目の演奏,一人目の演奏,一人目の演奏,一人目の演奏,二人目の演奏,一人目の演奏,二人目の演奏,一人目の演奏,一人目の演奏,一人目の演奏,二人目の演奏,二人目の演奏,二人目の演奏,二人目の演奏,二人目の演奏,二人目の演奏,二人目の演奏,二人目の演奏,二人目の演奏,二人目の演奏,二人目の演奏,二人目の演奏,二人目の演奏,二人目の演奏,二人目の演奏,一人目の演奏,一人目の演奏,二人目の演奏,二人目の演奏,二人目の演奏,二人目の演奏,二人目の演奏,二人目の演奏,一人目の演奏,一人目の演奏,二人目の演奏,二人目の演奏,二人目の演奏,一人目の演奏,二人目の演奏,二人目の演奏,11a34b46b49b15b25a41b20b48a10b8a9b29a17a4b21b40b13a1a32a33a42a18a26a45a16a24a3b22b30b7b12a35b27a2b23a47b39a28a14b50b19b38b6b5b31a43b44b37a36a,,,Task2の実施時間4分 / Task1でも動画を視聴していない可能性あり,,
4/24/2022 22:18:28,,一人目の演奏,二人目の演奏,一人目の演奏,一人目の演奏,一人目の演奏,二人目の演奏,一人目の演奏,二人目の演奏,二人目の演奏,一人目の演奏,一人目の演奏,二人目の演奏,一人目の演奏,一人目の演奏,二人目の演奏,一人目の演奏,二人目の演奏,二人目の演奏,一人目の演奏,一人目の演奏,二人目の演奏,二人目の演奏,一人目の演奏,一人目の演奏,一人目の演奏,一人目の演奏,一人目の演奏,一人目の演奏,一人目の演奏,一人目の演奏,二人目の演奏,二人目の演奏,一人目の演奏,二人目の演奏,二人目の演奏,二人目の演奏,一人目の演奏,二人目の演奏,二人目の演奏,一人目の演奏,二人目の演奏,一人目の演奏,二人目の演奏,二人目の演奏,二人目の演奏,二人目の演奏,一人目の演奏,一人目の演奏,一人目の演奏,一人目の演奏,7b4b41a38a15b32a5a21b39a24a49a45a16a42b12b10a9b40b47a22a19a23a27a35a30a8b36b50b25b33a37b2a29a34a31a11a13a48a6b46a18a17a28a26a1a43b44b3b14a20b,,,,,
5/2/2022 15:50:34,,二人目の演奏,二人目の演奏,一人目の演奏,一人目の演奏,二人目の演奏,一人目の演奏,二人目の演奏,一人目の演奏,二人目の演奏,一人目の演奏,一人目の演奏,二人目の演奏,二人目の演奏,一人目の演奏,二人目の演奏,二人目の演奏,二人目の演奏,一人目の演奏,二人目の演奏,一人目の演奏,一人目の演奏,一人目の演奏,二人目の演奏,一人目の演奏,一人目の演奏,一人目の演奏,二人目の演奏,二人目の演奏,二人目の演奏,二人目の演奏,一人目の演奏,一人目の演奏,二人目の演奏,一人目の演奏,一人目の演奏,二人目の演奏,一人目の演奏,二人目の演奏,二人目の演奏,一人目の演奏,二人目の演奏,二人目の演奏,二人目の演奏,一人目の演奏,二人目の演奏,一人目の演奏,二人目の演奏,二人目の演奏,二人目の演奏,一人目の演奏,29b23b49a2a11b10a38b41b43a27a8a24a3a39b5b13b7a14a19b25b15b32a4b46a31b42a9a28a26b37a44a1a16a17a18b35b34a21b45a47a40a6a30b20a12a33b36a50b48b22b,,,,,
5/6/2022 15:49:01,,一人目の演奏,二人目の演奏,一人目の演奏,二人目の演奏,二人目の演奏,二人目の演奏,二人目の演奏,二人目の演奏,二人目の演奏,一人目の演奏,一人目の演奏,二人目の演奏,一人目の演奏,二人目の演奏,二人目の演奏,一人目の演奏,二人目の演奏,二人目の演奏,二人目の演奏,二人目の演奏,一人目の演奏,一人目の演奏,一人目の演奏,二人目の演奏,二人目の演奏,一人目の演奏,一人目の演奏,二人目の演奏,二人目の演奏,二人目の演奏,二人目の演奏,一人目の演奏,一人目の演奏,二人目の演奏,二人目の演奏,一人目の演奏,一人目の演奏,二人目の演奏,一人目の演奏,一人目の演奏,二人目の演奏,一人目の演奏,二人目の演奏,二人目の演奏,二人目の演奏,二人目の演奏,一人目の演奏,二人目の演奏,一人目の演奏,一人目の演奏,18b39b10a21a23b35b22a20b5a4a49b32a16b42a50b45b19b6b33a2a47b28a29b9a37a44b38a1a24a13a12a17a46a30b3b7b41a14b43a26a27a34a8b36a15a25a11a40a31a48b,,,,,
5/8/2022 12:53:43,,一人目の演奏,一人目の演奏,一人目の演奏,二人目の演奏,一人目の演奏,二人目の演奏,二人目の演奏,一人目の演奏,二人目の演奏,一人目の演奏,一人目の演奏,二人目の演奏,一人目の演奏,一人目の演奏,二人目の演奏,二人目の演奏,二人目の演奏,一人目の演奏,二人目の演奏,二人目の演奏,二人目の演奏,一人目の演奏,一人目の演奏,二人目の演奏,二人目の演奏,二人目の演奏,一人目の演奏,二人目の演奏,二人目の演奏,二人目の演奏,二人目の演奏,二人目の演奏,一人目の演奏,二人目の演奏,二人目の演奏,一人目の演奏,二人目の演奏,二人目の演奏,一人目の演奏,二人目の演奏,一人目の演奏,一人目の演奏,一人目の演奏,一人目の演奏,二人目の演奏,二人目の演奏,二人目の演奏,二人目の演奏,二人目の演奏,一人目の演奏,37b26a47a33b34a21a19b31b24a12a10a44b23a50a43a8a45b46a6b1b39a28a15b17b7a11b22b29a35b20b9b27b30a2b18b42b4b36b32a14a25a49a38b48a16b5b41b13a40a3b,,,,,
5/9/2022 13:12:53,,一人目の演奏,二人目の演奏,二人目の演奏,一人目の演奏,一人目の演奏,二人目の演奏,二人目の演奏,二人目の演奏,二人目の演奏,一人目の演奏,二人目の演奏,一人目の演奏,二人目の演奏,一人目の演奏,二人目の演奏,二人目の演奏,一人目の演奏,一人目の演奏,二人目の演奏,一人目の演奏,一人目の演奏,一人目の演奏,二人目の演奏,二人目の演奏,二人目の演奏,一人目の演奏,二人目の演奏,二人目の演奏,一人目の演奏,二人目の演奏,二人目の演奏,二人目の演奏,二人目の演奏,二人目の演奏,一人目の演奏,一人目の演奏,二人目の演奏,二人目の演奏,一人目の演奏,二人目の演奏,二人目の演奏,一人目の演奏,二人目の演奏,二人目の演奏,一人目の演奏,一人目の演奏,二人目の演奏,一人目の演奏,二人目の演奏,一人目の演奏,12a47b18a21b8b20b50b49b23a6b41a40b42a5a30b24a11a15a46b1a29a36a10a16b31a44a2a17b32b14b26b28a39b34b43a25b48b33a3b9b27b19a37a4b22b7b35b38a45b13b,,,,,
5/10/2022 18:41:46,,一人目の演奏,二人目の演奏,二人目の演奏,二人目の演奏,一人目の演奏,二人目の演奏,一人目の演奏,二人目の演奏,二人目の演奏,二人目の演奏,二人目の演奏,二人目の演奏,一人目の演奏,一人目の演奏,二人目の演奏,二人目の演奏,二人目の演奏,一人目の演奏,二人目の演奏,二人目の演奏,一人目の演奏,二人目の演奏,二人目の演奏,一人目の演奏,一人目の演奏,一人目の演奏,二人目の演奏,一人目の演奏,二人目の演奏,二人目の演奏,一人目の演奏,二人目の演奏,二人目の演奏,一人目の演奏,二人目の演奏,一人目の演奏,二人目の演奏,一人目の演奏,一人目の演奏,一人目の演奏,二人目の演奏,二人目の演奏,一人目の演奏,一人目の演奏,二人目の演奏,二人目の演奏,一人目の演奏,二人目の演奏,二人目の演奏,一人目の演奏,14a39a28a38b25b36b30b2b22b42b33b16a23b19a46b13a3a40a11a37b7b41b21b6a29b49a20b8b4b31b45a5b26a47a35b50b48b15b43a24a10b1a12a18b17b34b32b27a44b9a,,,,,
5/11/2022 8:59:13,,二人目の演奏,二人目の演奏,二人目の演奏,一人目の演奏,二人目の演奏,二人目の演奏,一人目の演奏,一人目の演奏,二人目の演奏,一人目の演奏,二人目の演奏,一人目の演奏,一人目の演奏,二人目の演奏,一人目の演奏,二人目の演奏,一人目の演奏,二人目の演奏,一人目の演奏,一人目の演奏,一人目の演奏,一人目の演奏,一人目の演奏,一人目の演奏,一人目の演奏,一人目の演奏,二人目の演奏,二人目の演奏,二人目の演奏,一人目の演奏,二人目の演奏,二人目の演奏,一人目の演奏,一人目の演奏,一人目の演奏,一人目の演奏,一人目の演奏,二人目の演奏,一人目の演奏,二人目の演奏,二人目の演奏,一人目の演奏,一人目の演奏,二人目の演奏,一人目の演奏,二人目の演奏,二人目の演奏,一人目の演奏,二人目の演奏,一人目の演奏,27b9b8b35a11a41b22a46a6a19a49b50a34b7a12b32a31a29b40a4b28b39b18b42b1b20b16b36a13b15b24a5a14a10a3b37a21a47a17b48a38b25b26b43b2b44b33a45a23a30a,,,,,
5/11/2022 15:30:23,,二人目の演奏,一人目の演奏,一人目の演奏,二人目の演奏,二人目の演奏,二人目の演奏,一人目の演奏,一人目の演奏,一人目の演奏,二人目の演奏,二人目の演奏,二人目の演奏,二人目の演奏,二人目の演奏,二人目の演奏,二人目の演奏,二人目の演奏,二人目の演奏,二人目の演奏,一人目の演奏,二人目の演奏,一人目の演奏,一人目の演奏,二人目の演奏,一人目の演奏,二人目の演奏,二人目の演奏,一人目の演奏,二人目の演奏,二人目の演奏,二人目の演奏,一人目の演奏,一人目の演奏,一人目の演奏,一人目の演奏,二人目の演奏,二人目の演奏,一人目の演奏,二人目の演奏,一人目の演奏,一人目の演奏,一人目の演奏,二人目の演奏,二人目の演奏,一人目の演奏,一人目の演奏,二人目の演奏,二人目の演奏,一人目の演奏,二人目の演奏,17b19a30b1b21a33b28a49b9b14a43a34a31b44b23b26a16b35a4b48b15b32b38a3b42b5b22a2b18a11b41a27a39b25b6a40a36b45a8a10a24b46a20b13b29a7a50b12b47a37a,,,,,
5/11/2022 20:30:57,,二人目の演奏,一人目の演奏,二人目の演奏,二人目の演奏,二人目の演奏,二人目の演奏,一人目の演奏,二人目の演奏,一人目の演奏,一人目の演奏,一人目の演奏,一人目の演奏,二人目の演奏,二人目の演奏,一人目の演奏,一人目の演奏,二人目の演奏,一人目の演奏,二人目の演奏,二人目の演奏,一人目の演奏,二人目の演奏,二人目の演奏,一人目の演奏,一人目の演奏,一人目の演奏,一人目の演奏,一人目の演奏,二人目の演奏,二人目の演奏,二人目の演奏,二人目の演奏,一人目の演奏,二人目の演奏,二人目の演奏,一人目の演奏,一人目の演奏,一人目の演奏,二人目の演奏,二人目の演奏,二人目の演奏,一人目の演奏,一人目の演奏,二人目の演奏,二人目の演奏,二人目の演奏,二人目の演奏,二人目の演奏,一人目の演奏,二人目の演奏,19a15a34a39a5a10b32a26b45a49b23a30b29a38b17a44b16a14a12b6a22b4a20a35b41a9b8b36a40b31a47b46b42b24b25b50a21a27b7a43a3b33a2b1a18a37b13a28b48a11b,,,,,
5/12/2022 17:02:06,,一人目の演奏,二人目の演奏,一人目の演奏,一人目の演奏,二人目の演奏,二人目の演奏,一人目の演奏,二人目の演奏,二人目の演奏,二人目の演奏,一人目の演奏,二人目の演奏,二人目の演奏,二人目の演奏,一人目の演奏,二人目の演奏,一人目の演奏,一人目の演奏,一人目の演奏,二人目の演奏,一人目の演奏,二人目の演奏,二人目の演奏,二人目の演奏,二人目の演奏,一人目の演奏,一人目の演奏,二人目の演奏,二人目の演奏,二人目の演奏,一人目の演奏,二人目の演奏,二人目の演奏,二人目の演奏,一人目の演奏,二人目の演奏,一人目の演奏,二人目の演奏,二人目の演奏,一人目の演奏,一人目の演奏,一人目の演奏,二人目の演奏,二人目の演奏,一人目の演奏,二人目の演奏,二人目の演奏,一人目の演奏,一人目の演奏,二人目の演奏,19a29b9b7a25a22a10a46b5a32a17a3a26b2a15a34b21a24b16a23b11a6b42a38b44b43a36b30b33b49a27a12b50b40a1b35a8a13a47b41a31b4b37b28b48b39b18a45b20a14a,,,,,
5/31/2022 22:09:30,,一人目の演奏,二人目の演奏,一人目の演奏,一人目の演奏,二人目の演奏,二人目の演奏,二人目の演奏,二人目の演奏,一人目の演奏,一人目の演奏,二人目の演奏,二人目の演奏,一人目の演奏,二人目の演奏,一人目の演奏,二人目の演奏,一人目の演奏,二人目の演奏,二人目の演奏,二人目の演奏,一人目の演奏,一人目の演奏,二人目の演奏,一人目の演奏,二人目の演奏,二人目の演奏,二人目の演奏,一人目の演奏,一人目の演奏,二人目の演奏,二人目の演奏,一人目の演奏,一人目の演奏,一人目の演奏,一人目の演奏,二人目の演奏,一人目の演奏,二人目の演奏,二人目の演奏,二人目の演奏,一人目の演奏,二人目の演奏,一人目の演奏,一人目の演奏,一人目の演奏,二人目の演奏,二人目の演奏,二人目の演奏,一人目の演奏,一人目の演奏,20a46b41b50a2b33b23b39a21b9a28a10b7a26a18a24a14b4a30a36b37a29a44b40a35b42a25b11a6b34b16b1a47a8a32b49b17b5b3b13a15b22a38b27a45a12b48a43b31b19a,,,,,
6/7/2022 16:44:21,,二人目の演奏,一人目の演奏,二人目の演奏,二人目の演奏,二人目の演奏,一人目の演奏,二人目の演奏,二人目の演奏,一人目の演奏,一人目の演奏,二人目の演奏,一人目の演奏,二人目の演奏,一人目の演奏,一人目の演奏,一人目の演奏,二人目の演奏,二人目の演奏,二人目の演奏,一人目の演奏,二人目の演奏,二人目の演奏,一人目の演奏,二人目の演奏,一人目の演奏,二人目の演奏,二人目の演奏,二人目の演奏,二人目の演奏,二人目の演奏,二人目の演奏,一人目の演奏,一人目の演奏,二人目の演奏,二人目の演奏,二人目の演奏,二人目の演奏,一人目の演奏,二人目の演奏,一人目の演奏,一人目の演奏,二人目の演奏,二人目の演奏,一人目の演奏,二人目の演奏,二人目の演奏,一人目の演奏,二人目の演奏,二人目の演奏,一人目の演奏,43a1a27b48b34a9b49a38b46a12b25a18b45a26a3a37a35a8a20b21b4b5b33b44b40b2b50a16a19b22a10a29a28b24a11b32b36b42b14b13b6a7a30a41a39a47a23a15b31a17a,,,,,
6/7/2022 16:55:25,,一人目の演奏,二人目の演奏,一人目の演奏,二人目の演奏,一人目の演奏,一人目の演奏,一人目の演奏,一人目の演奏,二人目の演奏,二人目の演奏,二人目の演奏,一人目の演奏,二人目の演奏,二人目の演奏,二人目の演奏,二人目の演奏,二人目の演奏,一人目の演奏,一人目の演奏,二人目の演奏,一人目の演奏,一人目の演奏,一人目の演奏,一人目の演奏,一人目の演奏,二人目の演奏,一人目の演奏,一人目の演奏,一人目の演奏,一人目の演奏,二人目の演奏,一人目の演奏,二人目の演奏,一人目の演奏,二人目の演奏,二人目の演奏,一人目の演奏,二人目の演奏,二人目の演奏,二人目の演奏,二人目の演奏,二人目の演奏,二人目の演奏,一人目の演奏,二人目の演奏,一人目の演奏,一人目の演奏,二人目の演奏,二人目の演奏,二人目の演奏,16b41a4a38a19a27a48b3b31b15b33a45a37b26a14a49b1b12b18a23b8a13b35b46a29a47b39a44a24a50a42b40b20b10a32b25b9b7a5a30a6b11a34a17a36b21b2b43b28a22b,,,,,
6/7/2022 17:34:56,,二人目の演奏,一人目の演奏,二人目の演奏,二人目の演奏,一人目の演奏,一人目の演奏,一人目の演奏,一人目の演奏,一人目の演奏,一人目の演奏,一人目の演奏,一人目の演奏,一人目の演奏,一人目の演奏,一人目の演奏,二人目の演奏,二人目の演奏,二人目の演奏,一人目の演奏,二人目の演奏,二人目の演奏,二人目の演奏,二人目の演奏,二人目の演奏,一人目の演奏,二人目の演奏,二人目の演奏,一人目の演奏,二人目の演奏,二人目の演奏,二人目の演奏,一人目の演奏,二人目の演奏,一人目の演奏,二人目の演奏,一人目の演奏,一人目の演奏,一人目の演奏,二人目の演奏,一人目の演奏,二人目の演奏,一人目の演奏,二人目の演奏,一人目の演奏,一人目の演奏,二人目の演奏,一人目の演奏,二人目の演奏,二人目の演奏,一人目の演奏,40b8a4b42a23a18a6a32b47a2b46a30b26b10a11a31b24b13b38b48b36b34b1a17b3b28b41a25b49b35b5b43a45b50b44b27b39b33b21b20a7a29b16b14a15a12a19b9a22a37a,,,,,
6/7/2022 17:35:11,,二人目の演奏,二人目の演奏,一人目の演奏,二人目の演奏,二人目の演奏,一人目の演奏,二人目の演奏,一人目の演奏,一人目の演奏,二人目の演奏,二人目の演奏,一人目の演奏,二人目の演奏,一人目の演奏,二人目の演奏,二人目の演奏,一人目の演奏,一人目の演奏,二人目の演奏,一人目の演奏,一人目の演奏,二人目の演奏,一人目の演奏,一人目の演奏,二人目の演奏,二人目の演奏,一人目の演奏,二人目の演奏,一人目の演奏,二人目の演奏,一人目の演奏,二人目の演奏,一人目の演奏,二人目の演奏,二人目の演奏,一人目の演奏,二人目の演奏,二人目の演奏,二人目の演奏,一人目の演奏,一人目の演奏,二人目の演奏,二人目の演奏,一人目の演奏,一人目の演奏,一人目の演奏,二人目の演奏,二人目の演奏,二人目の演奏,二人目の演奏,30b43b37a21a36b41b33a20b31b1a2a35a39a29b16b27b34b32a8b28a42a18a10a40b7b12b22b15a25a50b19a4b24a23b48b46a38a26a47b3b14a44a9a6a5b11b17b13b49b45b,,,,,
6/7/2022 17:37:45,,二人目の演奏,二人目の演奏,一人目の演奏,二人目の演奏,一人目の演奏,二人目の演奏,一人目の演奏,二人目の演奏,一人目の演奏,二人目の演奏,二人目の演奏,二人目の演奏,一人目の演奏,一人目の演奏,一人目の演奏,一人目の演奏,二人目の演奏,二人目の演奏,一人目の演奏,二人目の演奏,二人目の演奏,二人目の演奏,一人目の演奏,二人目の演奏,二人目の演奏,二人目の演奏,一人目の演奏,二人目の演奏,一人目の演奏,一人目の演奏,一人目の演奏,二人目の演奏,二人目の演奏,二人目の演奏,一人目の演奏,二人目の演奏,二人目の演奏,一人目の演奏,一人目の演奏,一人目の演奏,二人目の演奏,二人目の演奏,二人目の演奏,一人目の演奏,一人目の演奏,二人目の演奏,一人目の演奏,一人目の演奏,二人目の演奏,一人目の演奏,21a48a28b47a30a16a38a14a1b33b18a41b15b40b49a5b9a24a45a34b42b22b35a17b3b39b10b11b23a25a20b8a27b7a44a37b2b29a12b4b32b6a26b36a31b19a46a50b13b43a,,,,,
6/7/2022 18:28:23,,一人目の演奏,二人目の演奏,二人目の演奏,二人目の演奏,二人目の演奏,一人目の演奏,一人目の演奏,二人目の演奏,二人目の演奏,一人目の演奏,二人目の演奏,一人目の演奏,一人目の演奏,二人目の演奏,一人目の演奏,二人目の演奏,二人目の演奏,二人目の演奏,一人目の演奏,一人目の演奏,一人目の演奏,二人目の演奏,二人目の演奏,一人目の演奏,二人目の演奏,一人目の演奏,二人目の演奏,二人目の演奏,二人目の演奏,二人目の演奏,二人目の演奏,一人目の演奏,二人目の演奏,一人目の演奏,一人目の演奏,一人目の演奏,一人目の演奏,二人目の演奏,二人目の演奏,一人目の演奏,二人目の演奏,一人目の演奏,一人目の演奏,二人目の演奏,一人目の演奏,二人目の演奏,一人目の演奏,二人目の演奏,一人目の演奏,一人目の演奏,49b2a21b13b23b47a26a50b38a37a32a45b31b33b41b6b30a17b19a5b40b34a28a4b48a8a25a43b14b27b20b12b11b18a15a29a3b46b7a39a42b35a24b44a1a10a36a22b16b9b,,,,,
6/7/2022 19:31:56,,二人目の演奏,一人目の演奏,一人目の演奏,一人目の演奏,一人目の演奏,二人目の演奏,一人目の演奏,一人目の演奏,二人目の演奏,二人目の演奏,二人目の演奏,二人目の演奏,二人目の演奏,一人目の演奏,一人目の演奏,一人目の演奏,二人目の演奏,一人目の演奏,二人目の演奏,一人目の演奏,二人目の演奏,二人目の演奏,一人目の演奏,一人目の演奏,一人目の演奏,二人目の演奏,一人目の演奏,一人目の演奏,一人目の演奏,一人目の演奏,一人目の演奏,二人目の演奏,二人目の演奏,二人目の演奏,一人目の演奏,二人目の演奏,二人目の演奏,二人目の演奏,一人目の演奏,二人目の演奏,一人目の演奏,一人目の演奏,一人目の演奏,二人目の演奏,二人目の演奏,一人目の演奏,二人目の演奏,一人目の演奏,一人目の演奏,二人目の演奏,10a47a6a42a17a50a9a16a30b15a44a4b5b49a40b45b8a25b37b48a2b28b29b26b12b22a32b13b27b39a43b33b34a31b19a35a20b7a24b18a23a41a11a14a36b38b1b3a46a21b,,,,,
6/7/2022 20:02:54,,二人目の演奏,一人目の演奏,一人目の演奏,二人目の演奏,一人目の演奏,一人目の演奏,一人目の演奏,一人目の演奏,二人目の演奏,一人目の演奏,一人目の演奏,二人目の演奏,二人目の演奏,一人目の演奏,二人目の演奏,一人目の演奏,二人目の演奏,一人目の演奏,二人目の演奏,一人目の演奏,一人目の演奏,一人目の演奏,二人目の演奏,二人目の演奏,二人目の演奏,一人目の演奏,二人目の演奏,一人目の演奏,一人目の演奏,二人目の演奏,二人目の演奏,二人目の演奏,一人目の演奏,二人目の演奏,一人目の演奏,一人目の演奏,一人目の演奏,二人目の演奏,一人目の演奏,二人目の演奏,一人目の演奏,一人目の演奏,二人目の演奏,二人目の演奏,二人目の演奏,二人目の演奏,一人目の演奏,一人目の演奏,一人目の演奏,一人目の演奏,23b16a30a47b13a14b42a45a46b36a8b34b49a25b12a40a17a50a43a48a37a19a5b2a7b27a6b39a11a1b38b41a21b35b10b33b24b32a28b22a15b4a18b26b3a9b29b44a20a31b,,,,,
6/7/2022 22:35:14,,二人目の演奏,一人目の演奏,二人目の演奏,一人目の演奏,二人目の演奏,一人目の演奏,一人目の演奏,二人目の演奏,二人目の演奏,二人目の演奏,二人目の演奏,二人目の演奏,一人目の演奏,二人目の演奏,二人目の演奏,一人目の演奏,一人目の演奏,一人目の演奏,一人目の演奏,一人目の演奏,一人目の演奏,一人目の演奏,一人目の演奏,二人目の演奏,二人目の演奏,一人目の演奏,二人目の演奏,一人目の演奏,二人目の演奏,二人目の演奏,二人目の演奏,一人目の演奏,二人目の演奏,一人目の演奏,二人目の演奏,一人目の演奏,二人目の演奏,一人目の演奏,一人目の演奏,二人目の演奏,一人目の演奏,一人目の演奏,二人目の演奏,一人目の演奏,二人目の演奏,一人目の演奏,二人目の演奏,一人目の演奏,二人目の演奏,二人目の演奏,24a18b5a37a2a50b32b30b17b40a35a48b4a49a47a41b29a25a22b15a46a21b39b20a16b3a19b9b44a11a43b12b10b1a28a34a14b31b38b23b45b8a6b27a33b26a42b36a7a13b,,,,,
6/8/2022 0:04:56,,二人目の演奏,二人目の演奏,二人目の演奏,一人目の演奏,二人目の演奏,二人目の演奏,二人目の演奏,一人目の演奏,二人目の演奏,一人目の演奏,一人目の演奏,一人目の演奏,二人目の演奏,二人目の演奏,二人目の演奏,二人目の演奏,一人目の演奏,二人目の演奏,一人目の演奏,一人目の演奏,一人目の演奏,二人目の演奏,二人目の演奏,一人目の演奏,二人目の演奏,二人目の演奏,二人目の演奏,一人目の演奏,一人目の演奏,一人目の演奏,一人目の演奏,二人目の演奏,二人目の演奏,一人目の演奏,一人目の演奏,二人目の演奏,一人目の演奏,一人目の演奏,二人目の演奏,一人目の演奏,一人目の演奏,一人目の演奏,二人目の演奏,二人目の演奏,二人目の演奏,二人目の演奏,一人目の演奏,一人目の演奏,一人目の演奏,二人目の演奏,5b26b50b48b44b16b28a17a35b29a9b15b10a18a37b8b14b31a43b21b45a24b22a23b6b40a30a47b19b46a20a32a42b49b12a4a33a39b36b13a2a3a1a41a27b34b25a11a7a38a,,,,,
6/8/2022 3:35:33,,二人目の演奏,二人目の演奏,一人目の演奏,一人目の演奏,二人目の演奏,二人目の演奏,二人目の演奏,二人目の演奏,一人目の演奏,一人目の演奏,二人目の演奏,二人目の演奏,二人目の演奏,二人目の演奏,二人目の演奏,二人目の演奏,一人目の演奏,一人目の演奏,二人目の演奏,二人目の演奏,二人目の演奏,一人目の演奏,一人目の演奏,二人目の演奏,二人目の演奏,一人目の演奏,一人目の演奏,二人目の演奏,二人目の演奏,二人目の演奏,二人目の演奏,二人目の演奏,二人目の演奏,二人目の演奏,二人目の演奏,二人目の演奏,一人目の演奏,二人目の演奏,一人目の演奏,一人目の演奏,一人目の演奏,二人目の演奏,二人目の演奏,二人目の演奏,二人目の演奏,二人目の演奏,二人目の演奏,一人目の演奏,一人目の演奏,二人目の演奏,32b41b10a46b50b38a48a15b40b25b30a13a47b3a4a37b45b39b22a17b14a44a43a49a35a23a27a8b11b20b24a29a28a36b18b33a16a6b9b7b34a26b5b1b21a2b12b31a19a42b,,,,,
6/8/2022 9:12:08,,二人目の演奏,一人目の演奏,一人目の演奏,一人目の演奏,一人目の演奏,二人目の演奏,一人目の演奏,二人目の演奏,一人目の演奏,二人目の演奏,二人目の演奏,二人目の演奏,二人目の演奏,二人目の演奏,二人目の演奏,一人目の演奏,二人目の演奏,二人目の演奏,二人目の演奏,一人目の演奏,一人目の演奏,二人目の演奏,一人目の演奏,二人目の演奏,二人目の演奏,一人目の演奏,二人目の演奏,二人目の演奏,二人目の演奏,一人目の演奏,一人目の演奏,二人目の演奏,二人目の演奏,二人目の演奏,二人目の演奏,一人目の演奏,二人目の演奏,二人目の演奏,二人目の演奏,二人目の演奏,一人目の演奏,一人目の演奏,二人目の演奏,一人目の演奏,二人目の演奏,一人目の演奏,一人目の演奏,二人目の演奏,二人目の演奏,一人目の演奏,36b18b47a29a41a38a40b25a15b7b28b6a26b10b37b42a8a3a39b2b17b27b5b32b4b19b44a31a43b14a48a9b16b13b30a50a1b34a11b33b46a24a35b20a23a21a45a12b49a22b,,,,,
6/8/2022 10:12:57,,一人目の演奏,二人目の演奏,二人目の演奏,二人目の演奏,二人目の演奏,一人目の演奏,二人目の演奏,二人目の演奏,一人目の演奏,一人目の演奏,二人目の演奏,一人目の演奏,二人目の演奏,二人目の演奏,二人目の演奏,二人目の演奏,二人目の演奏,二人目の演奏,二人目の演奏,二人目の演奏,一人目の演奏,二人目の演奏,二人目の演奏,二人目の演奏,二人目の演奏,二人目の演奏,二人目の演奏,二人目の演奏,一人目の演奏,一人目の演奏,一人目の演奏,二人目の演奏,一人目の演奏,一人目の演奏,二人目の演奏,二人目の演奏,一人目の演奏,一人目の演奏,二人目の演奏,一人目の演奏,二人目の演奏,二人目の演奏,二人目の演奏,二人目の演奏,二人目の演奏,一人目の演奏,二人目の演奏,二人目の演奏,二人目の演奏,二人目の演奏,15b17b45b21a24a31b38b30a9b40b6b46a41b13b4b49b27b11b1b43a8a14b37b35b28b36b48b18b34b39b10a26a42b32a50b20a3a7b5a2b12a19a22a33b44a29a47b23b16b25b,,,,,
6/8/2022 16:31:33,,二人目の演奏,一人目の演奏,一人目の演奏,二人目の演奏,二人目の演奏,二人目の演奏,二人目の演奏,二人目の演奏,二人目の演奏,一人目の演奏,二人目の演奏,二人目の演奏,二人目の演奏,二人目の演奏,一人目の演奏,二人目の演奏,二人目の演奏,二人目の演奏,二人目の演奏,一人目の演奏,一人目の演奏,二人目の演奏,二人目の演奏,二人目の演奏,二人目の演奏,一人目の演奏,一人目の演奏,一人目の演奏,二人目の演奏,二人目の演奏,一人目の演奏,二人目の演奏,二人目の演奏,二人目の演奏,二人目の演奏,二人目の演奏,一人目の演奏,一人目の演奏,二人目の演奏,二人目の演奏,二人目の演奏,二人目の演奏,二人目の演奏,一人目の演奏,一人目の演奏,一人目の演奏,二人目の演奏,一人目の演奏,一人目の演奏,一人目の演奏,47a44a38b20b10a4a16a21b28a15b14b42a19b41a40a23b11b8a34b48b31b46b39b30b36b49a32b13a1a43b50a18a2b9a29a3b24b45b26b5b17a27a35b37a6a33a7b12a25b22a,,,,,
6/8/2022 19:40:03,,二人目の演奏,二人目の演奏,一人目の演奏,一人目の演奏,二人目の演奏,二人目の演奏,二人目の演奏,二人目の演奏,二人目の演奏,一人目の演奏,一人目の演奏,一人目の演奏,一人目の演奏,一人目の演奏,二人目の演奏,二人目の演奏,二人目の演奏,二人目の演奏,二人目の演奏,一人目の演奏,二人目の演奏,一人目の演奏,二人目の演奏,一人目の演奏,二人目の演奏,二人目の演奏,一人目の演奏,二人目の演奏,一人目の演奏,二人目の演奏,一人目の演奏,二人目の演奏,一人目の演奏,二人目の演奏,一人目の演奏,二人目の演奏,一人目の演奏,一人目の演奏,二人目の演奏,一人目の演奏,二人目の演奏,一人目の演奏,二人目の演奏,一人目の演奏,二人目の演奏,二人目の演奏,二人目の演奏,一人目の演奏,二人目の演奏,二人目の演奏,35a20b47a5b36b8b32a26a43a27a41b21b3b50a1a25a29a48a49a40a42a7a14a19b39b12a24b28a30b2a33b10b17b13b34a15b4b23a31b38b37a44a18a11a16b9a6b22a45a46b,,,,,
6/8/2022 19:46:15,,二人目の演奏,一人目の演奏,二人目の演奏,二人目の演奏,二人目の演奏,二人目の演奏,二人目の演奏,二人目の演奏,一人目の演奏,二人目の演奏,一人目の演奏,一人目の演奏,二人目の演奏,一人目の演奏,二人目の演奏,一人目の演奏,二人目の演奏,二人目の演奏,一人目の演奏,一人目の演奏,二人目の演奏,二人目の演奏,二人目の演奏,二人目の演奏,二人目の演奏,二人目の演奏,二人目の演奏,二人目の演奏,一人目の演奏,二人目の演奏,一人目の演奏,二人目の演奏,二人目の演奏,一人目の演奏,二人目の演奏,一人目の演奏,二人目の演奏,一人目の演奏,一人目の演奏,一人目の演奏,二人目の演奏,一人目の演奏,一人目の演奏,一人目の演奏,二人目の演奏,二人目の演奏,二人目の演奏,二人目の演奏,二人目の演奏,二人目の演奏,39b27a44b32a5a46a38b20a11a8b31a40a1a7a50a12a10a25a22b47b4b16b29a48a30a26b18a14b37a3a33a15a35b34b36b24b23a45b2b21b28b9b13b42b19a41a17b6b43b49a,,,,,
6/8/2022 22:32:17,,一人目の演奏,二人目の演奏,二人目の演奏,一人目の演奏,二人目の演奏,一人目の演奏,二人目の演奏,二人目の演奏,一人目の演奏,二人目の演奏,一人目の演奏,二人目の演奏,一人目の演奏,二人目の演奏,一人目の演奏,一人目の演奏,二人目の演奏,一人目の演奏,二人目の演奏,一人目の演奏,一人目の演奏,二人目の演奏,一人目の演奏,二人目の演奏,一人目の演奏,一人目の演奏,二人目の演奏,二人目の演奏,二人目の演奏,一人目の演奏,二人目の演奏,二人目の演奏,二人目の演奏,二人目の演奏,一人目の演奏,一人目の演奏,一人目の演奏,二人目の演奏,二人目の演奏,一人目の演奏,二人目の演奏,二人目の演奏,一人目の演奏,一人目の演奏,二人目の演奏,一人目の演奏,二人目の演奏,一人目の演奏,二人目の演奏,二人目の演奏,13b11a50b36a12b33a24b30a20b15a41a16b5a3b21b48a22a34b40b9b8a7b38b10a2b26a43a47b18a14a4b28b42b17a32a35a27b49a29a6b45a44a19b31b23a1b37a46a39a25b,,,Task2のdataなし,,
6/9/2022 1:14:25,,一人目の演奏,一人目の演奏,二人目の演奏,二人目の演奏,一人目の演奏,二人目の演奏,一人目の演奏,二人目の演奏,二人目の演奏,二人目の演奏,二人目の演奏,一人目の演奏,一人目の演奏,二人目の演奏,一人目の演奏,一人目の演奏,二人目の演奏,二人目の演奏,一人目の演奏,一人目の演奏,二人目の演奏,二人目の演奏,一人目の演奏,二人目の演奏,一人目の演奏,一人目の演奏,一人目の演奏,二人目の演奏,一人目の演奏,二人目の演奏,二人目の演奏,一人目の演奏,一人目の演奏,二人目の演奏,一人目の演奏,一人目の演奏,一人目の演奏,一人目の演奏,二人目の演奏,一人目の演奏,二人目の演奏,二人目の演奏,一人目の演奏,一人目の演奏,一人目の演奏,一人目の演奏,一人目の演奏,二人目の演奏,一人目の演奏,二人目の演奏,46a29a40a3a16b10b17a23a5b28a11a22b20a27b31a37a9b36b43b14a1a41b4a7b24a26a13b49a45b34b32b12b48b50b30a38b18b2b47a6a25a33b42b8b15b21b44a39b19a35b,,,,,
6/10/2022 18:52:31,,一人目の演奏,一人目の演奏,二人目の演奏,二人目の演奏,一人目の演奏,一人目の演奏,二人目の演奏,二人目の演奏,二人目の演奏,一人目の演奏,二人目の演奏,一人目の演奏,二人目の演奏,一人目の演奏,二人目の演奏,一人目の演奏,一人目の演奏,二人目の演奏,二人目の演奏,一人目の演奏,二人目の演奏,二人目の演奏,一人目の演奏,二人目の演奏,一人目の演奏,一人目の演奏,二人目の演奏,二人目の演奏,二人目の演奏,一人目の演奏,一人目の演奏,二人目の演奏,一人目の演奏,二人目の演奏,二人目の演奏,一人目の演奏,一人目の演奏,一人目の演奏,二人目の演奏,二人目の演奏,二人目の演奏,二人目の演奏,二人目の演奏,二人目の演奏,二人目の演奏,二人目の演奏,二人目の演奏,二人目の演奏,二人目の演奏,二人目の演奏,36a15b42b19a32b35b27a50b7b46a38b17a24a37b11a26b13a12a29b5a28a21a45b25a49a10b20b48a30a44b3b41a40a18a31b16b14b39b47a23b9a33b4b8b34b6b22b43b1b2a,不可,15と同一人物,,,
6/10/2022 19:11:29,,一人目の演奏,一人目の演奏,二人目の演奏,一人目の演奏,一人目の演奏,二人目の演奏,二人目の演奏,二人目の演奏,一人目の演奏,一人目の演奏,二人目の演奏,一人目の演奏,一人目の演奏,一人目の演奏,一人目の演奏,二人目の演奏,一人目の演奏,一人目の演奏,一人目の演奏,一人目の演奏,一人目の演奏,二人目の演奏,二人目の演奏,一人目の演奏,一人目の演奏,二人目の演奏,一人目の演奏,二人目の演奏,一人目の演奏,一人目の演奏,一人目の演奏,一人目の演奏,一人目の演奏,一人目の演奏,一人目の演奏,一人目の演奏,一人目の演奏,二人目の演奏,一人目の演奏,一人目の演奏,一人目の演奏,二人目の演奏,一人目の演奏,二人目の演奏,一人目の演奏,一人目の演奏,二人目の演奏,一人目の演奏,一人目の演奏,一人目の演奏,1a15a25b12a16b6b39b4b5b44a29b11a26b8a9b35b45b31a33a47a37b46b36b43b13a22a49a10b48a19a27a3b40b28a20a7b41b21a30a34b32b24b18b17b14b42a2b50b38b23a,,,,,
6/10/2022 20:56:35,,一人目の演奏,一人目の演奏,一人目の演奏,二人目の演奏,一人目の演奏,二人目の演奏,一人目の演奏,一人目の演奏,一人目の演奏,二人目の演奏,一人目の演奏,一人目の演奏,二人目の演奏,一人目の演奏,一人目の演奏,二人目の演奏,二人目の演奏,一人目の演奏,一人目の演奏,二人目の演奏,一人目の演奏,二人目の演奏,二人目の演奏,一人目の演奏,二人目の演奏,二人目の演奏,二人目の演奏,一人目の演奏,一人目の演奏,二人目の演奏,一人目の演奏,一人目の演奏,二人目の演奏,一人目の演奏,二人目の演奏,二人目の演奏,二人目の演奏,一人目の演奏,一人目の演奏,二人目の演奏,二人目の演奏,二人目の演奏,一人目の演奏,一人目の演奏,二人目の演奏,一人目の演奏,二人目の演奏,二人目の演奏,一人目の演奏,一人目の演奏,44a20a11b46b3b21b45a8a31b9a30a36a40a16a6a10a22b13a38b37b5a19a29a4a12b27b41b23a18b1a48a35a24a42a43b28a39a49a2b15b25a32a17a50b34b7a14b26b47a33b,,,,,
6/11/2022 1:07:20,,一人目の演奏,二人目の演奏,二人目の演奏,二人目の演奏,二人目の演奏,一人目の演奏,一人目の演奏,一人目の演奏,一人目の演奏,一人目の演奏,一人目の演奏,一人目の演奏,一人目の演奏,一人目の演奏,一人目の演奏,二人目の演奏,一人目の演奏,一人目の演奏,二人目の演奏,一人目の演奏,二人目の演奏,二人目の演奏,二人目の演奏,一人目の演奏,一人目の演奏,一人目の演奏,一人目の演奏,二人目の演奏,一人目の演奏,二人目の演奏,二人目の演奏,一人目の演奏,二人目の演奏,一人目の演奏,一人目の演奏,一人目の演奏,二人目の演奏,一人目の演奏,二人目の演奏,一人目の演奏,一人目の演奏,二人目の演奏,一人目の演奏,一人目の演奏,一人目の演奏,一人目の演奏,二人目の演奏,二人目の演奏,二人目の演奏,一人目の演奏,50a16a37a13a5a24b8b1a3b40b7a27b21b22a43a49a30b25b32a29a34b20b6a23a33a31b12b4b11a44b45b41a26a14a28a18b46b15a39a9b38a19b10b17b2b36a48a35a42a47a,,,,,
6/11/2022 22:06:02,,二人目の演奏,二人目の演奏,二人目の演奏,二人目の演奏,二人目の演奏,一人目の演奏,一人目の演奏,一人目の演奏,二人目の演奏,一人目の演奏,一人目の演奏,二人目の演奏,一人目の演奏,一人目の演奏,一人目の演奏,一人目の演奏,二人目の演奏,一人目の演奏,二人目の演奏,二人目の演奏,一人目の演奏,二人目の演奏,二人目の演奏,一人目の演奏,二人目の演奏,一人目の演奏,二人目の演奏,二人目の演奏,一人目の演奏,二人目の演奏,二人目の演奏,一人目の演奏,一人目の演奏,一人目の演奏,二人目の演奏,一人目の演奏,二人目の演奏,二人目の演奏,二人目の演奏,二人目の演奏,一人目の演奏,一人目の演奏,二人目の演奏,二人目の演奏,二人目の演奏,一人目の演奏,一人目の演奏,二人目の演奏,二人目の演奏,二人目の演奏,31b20b24a1b28b44b30a48b29a3b19b33b12a16b5a17b47b27a10b23a15a11a36b14a22b6b43b34b2b50b39a38a13b46a35b37a21b26b7a18a45b9b4a49b41b8a32a42b25b40b,,,,,
6/12/2022 11:14:50,,一人目の演奏,一人目の演奏,一人目の演奏,一人目の演奏,二人目の演奏,二人目の演奏,二人目の演奏,二人目の演奏,一人目の演奏,二人目の演奏,二人目の演奏,二人目の演奏,一人目の演奏,二人目の演奏,一人目の演奏,二人目の演奏,二人目の演奏,二人目の演奏,二人目の演奏,一人目の演奏,一人目の演奏,二人目の演奏,一人目の演奏,二人目の演奏,一人目の演奏,一人目の演奏,二人目の演奏,二人目の演奏,一人目の演奏,二人目の演奏,二人目の演奏,一人目の演奏,一人目の演奏,二人目の演奏,一人目の演奏,二人目の演奏,二人目の演奏,一人目の演奏,一人目の演奏,一人目の演奏,二人目の演奏,一人目の演奏,二人目の演奏,二人目の演奏,二人目の演奏,一人目の演奏,一人目の演奏,二人目の演奏,一人目の演奏,二人目の演奏,33b8b37b3b15b20b24b2a48b14b21b1a40b31b36b23b27b28b4a7b38a13b10a9a12a39a19b16b46a35a44a41a42b18b50b17b25a47a11a34b29a5b26b43b6b30b22b32b45b49a,,,,,
6/12/2022 22:06:29,,二人目の演奏,二人目の演奏,二人目の演奏,一人目の演奏,一人目の演奏,一人目の演奏,一人目の演奏,一人目の演奏,一人目の演奏,二人目の演奏,二人目の演奏,二人目の演奏,二人目の演奏,二人目の演奏,一人目の演奏,一人目の演奏,一人目の演奏,一人目の演奏,一人目の演奏,二人目の演奏,一人目の演奏,二人目の演奏,二人目の演奏,一人目の演奏,一人目の演奏,一人目の演奏,一人目の演奏,一人目の演奏,一人目の演奏,一人目の演奏,一人目の演奏,二人目の演奏,一人目の演奏,一人目の演奏,一人目の演奏,一人目の演奏,一人目の演奏,二人目の演奏,一人目の演奏,二人目の演奏,一人目の演奏,一人目の演奏,一人目の演奏,一人目の演奏,二人目の演奏,二人目の演奏,一人目の演奏,二人目の演奏,二人目の演奏,一人目の演奏,21a23b9a46a31a18b39b12a40a41a11a14a3b4b29b50b48a34a15a33b28a42b47b6b13a38a43a37a44a35a27a30a19b7a16a26a2b36b22b8b1a20a17a24a10a25a32b5b49a45a,,,,,
6/13/2022 1:44:19,,一人目の演奏,一人目の演奏,一人目の演奏,一人目の演奏,二人目の演奏,二人目の演奏,二人目の演奏,二人目の演奏,二人目の演奏,二人目の演奏,二人目の演奏,二人目の演奏,一人目の演奏,二人目の演奏,一人目の演奏,二人目の演奏,一人目の演奏,二人目の演奏,二人目の演奏,二人目の演奏,一人目の演奏,二人目の演奏,一人目の演奏,二人目の演奏,一人目の演奏,一人目の演奏,二人目の演奏,一人目の演奏,二人目の演奏,二人目の演奏,二人目の演奏,一人目の演奏,一人目の演奏,二人目の演奏,一人目の演奏,二人目の演奏,二人目の演奏,二人目の演奏,一人目の演奏,一人目の演奏,二人目の演奏,一人目の演奏,一人目の演奏,二人目の演奏,二人目の演奏,一人目の演奏,二人目の演奏,二人目の演奏,二人目の演奏,一人目の演奏,32b21b44a24b8a12b13b37b48b1b2a42a30b26b10a4a45b23b25b11b47a36a43b17b39b27b33b34a29a49b40a46a20a35b41b16b5a50b6a18a14b7a9b38a28b15a31a19a3a22b,不可,97と同一人物,,,
6/13/2022 1:57:29,,二人目の演奏,一人目の演奏,二人目の演奏,二人目の演奏,一人目の演奏,二人目の演奏,一人目の演奏,一人目の演奏,二人目の演奏,一人目の演奏,一人目の演奏,二人目の演奏,二人目の演奏,二人目の演奏,一人目の演奏,二人目の演奏,一人目の演奏,二人目の演奏,一人目の演奏,一人目の演奏,二人目の演奏,二人目の演奏,一人目の演奏,二人目の演奏,二人目の演奏,一人目の演奏,二人目の演奏,一人目の演奏,二人目の演奏,二人目の演奏,二人目の演奏,一人目の演奏,二人目の演奏,一人目の演奏,二人目の演奏,一人目の演奏,二人目の演奏,一人目の演奏,二人目の演奏,一人目の演奏,二人目の演奏,一人目の演奏,二人目の演奏,二人目の演奏,一人目の演奏,二人目の演奏,一人目の演奏,二人目の演奏,一人目の演奏,一人目の演奏,39a9a12b30a19b47a21b7b16a25b32b13a38a17b29b40b41a8a14a27b43b20a28b2a33a46a50b36a3a1b34a44b37a4b5b35a42a23a10b48b11a6b31a24b45b49b15b18b22a26b,,,Task2の実施時間4分 / Task1でも動画を視聴していない可能性あり,,
6/13/2022 14:57:06,,二人目の演奏,二人目の演奏,一人目の演奏,二人目の演奏,一人目の演奏,一人目の演奏,二人目の演奏,二人目の演奏,二人目の演奏,一人目の演奏,一人目の演奏,二人目の演奏,二人目の演奏,一人目の演奏,二人目の演奏,一人目の演奏,一人目の演奏,二人目の演奏,一人目の演奏,二人目の演奏,二人目の演奏,一人目の演奏,二人目の演奏,一人目の演奏,二人目の演奏,二人目の演奏,二人目の演奏,二人目の演奏,二人目の演奏,一人目の演奏,二人目の演奏,二人目の演奏,一人目の演奏,二人目の演奏,一人目の演奏,二人目の演奏,一人目の演奏,二人目の演奏,一人目の演奏,二人目の演奏,二人目の演奏,一人目の演奏,一人目の演奏,二人目の演奏,二人目の演奏,一人目の演奏,二人目の演奏,二人目の演奏,一人目の演奏,二人目の演奏,44b5a25b11a22a36a4b37b21a13b38b48a39a40a46b34a8a2a3b19b12a7b43b30b23b26a42a18a17b27a6a49b41a10b35a28a33a32a47b50b15a14b1b29a9a16a45a20a24b31b,,,Task2の実施時間4分 / Task1でも動画を視聴していない可能性あり,,
6/13/2022 16:32:42,,一人目の演奏,二人目の演奏,二人目の演奏,一人目の演奏,一人目の演奏,二人目の演奏,一人目の演奏,二人目の演奏,一人目の演奏,一人目の演奏,一人目の演奏,一人目の演奏,二人目の演奏,一人目の演奏,二人目の演奏,一人目の演奏,二人目の演奏,二人目の演奏,二人目の演奏,二人目の演奏,一人目の演奏,一人目の演奏,一人目の演奏,二人目の演奏,二人目の演奏,二人目の演奏,一人目の演奏,二人目の演奏,二人目の演奏,一人目の演奏,一人目の演奏,二人目の演奏,二人目の演奏,二人目の演奏,二人目の演奏,二人目の演奏,二人目の演奏,一人目の演奏,二人目の演奏,二人目の演奏,二人目の演奏,二人目の演奏,二人目の演奏,一人目の演奏,一人目の演奏,二人目の演奏,二人目の演奏,一人目の演奏,二人目の演奏,二人目の演奏,46a43b6b32b33a7a18b4b39b31a25b3b48b24b5b37a49b27b40a17b41a21a23a11b35b2a22b30a12b47a42b13b28a9b36b14b45a29a44b20b10b1b26b19b8b38b34b50a15b16b,,,,,
6/14/2022 3:06:27,,二人目の演奏,一人目の演奏,一人目の演奏,二人目の演奏,二人目の演奏,一人目の演奏,二人目の演奏,二人目の演奏,一人目の演奏,一人目の演奏,二人目の演奏,一人目の演奏,一人目の演奏,二人目の演奏,二人目の演奏,二人目の演奏,二人目の演奏,二人目の演奏,一人目の演奏,二人目の演奏,二人目の演奏,二人目の演奏,二人目の演奏,一人目の演奏,二人目の演奏,二人目の演奏,一人目の演奏,二人目の演奏,一人目の演奏,二人目の演奏,二人目の演奏,二人目の演奏,二人目の演奏,一人目の演奏,二人目の演奏,二人目の演奏,二人目の演奏,二人目の演奏,二人目の演奏,二人目の演奏,二人目の演奏,二人目の演奏,一人目の演奏,一人目の演奏,一人目の演奏,一人目の演奏,二人目の演奏,二人目の演奏,二人目の演奏,一人目の演奏,10a20a29b9b8b38b13a1b14b19a24a47b40b41a12a49a31b32b21a11b27a50b7a43a15a3a37a28a46a25a4a33b36b26a44a22a30b34b45a2a5a35a39a17a16a23a48b42b6b18a,,,,,
6/15/2022 0:20:15,,二人目の演奏,一人目の演奏,二人目の演奏,一人目の演奏,二人目の演奏,一人目の演奏,一人目の演奏,二人目の演奏,二人目の演奏,一人目の演奏,一人目の演奏,二人目の演奏,一人目の演奏,二人目の演奏,一人目の演奏,一人目の演奏,一人目の演奏,一人目の演奏,二人目の演奏,二人目の演奏,一人目の演奏,二人目の演奏,一人目の演奏,一人目の演奏,一人目の演奏,一人目の演奏,一人目の演奏,二人目の演奏,二人目の演奏,二人目の演奏,一人目の演奏,一人目の演奏,一人目の演奏,一人目の演奏,二人目の演奏,一人目の演奏,二人目の演奏,一人目の演奏,一人目の演奏,一人目の演奏,二人目の演奏,二人目の演奏,二人目の演奏,一人目の演奏,一人目の演奏,二人目の演奏,一人目の演奏,二人目の演奏,一人目の演奏,一人目の演奏,9b36a13a49b19b2b28a15b30b44b47b46a14b26b40b17b5b6b11b18a4b7b41a12b32a37a38b1b48a29b35a3b16b22b39a33b43a45a8a21b25a27b20a50a23a42b10a31b24b34a,,,,,
6/15/2022 16:22:02,,一人目の演奏,一人目の演奏,二人目の演奏,二人目の演奏,一人目の演奏,一人目の演奏,一人目の演奏,一人目の演奏,一人目の演奏,二人目の演奏,一人目の演奏,二人目の演奏,一人目の演奏,一人目の演奏,二人目の演奏,二人目の演奏,一人目の演奏,二人目の演奏,一人目の演奏,一人目の演奏,一人目の演奏,二人目の演奏,二人目の演奏,二人目の演奏,二人目の演奏,一人目の演奏,一人目の演奏,二人目の演奏,二人目の演奏,二人目の演奏,一人目の演奏,二人目の演奏,一人目の演奏,一人目の演奏,二人目の演奏,一人目の演奏,一人目の演奏,一人目の演奏,一人目の演奏,二人目の演奏,二人目の演奏,一人目の演奏,二人目の演奏,一人目の演奏,二人目の演奏,二人目の演奏,二人目の演奏,一人目の演奏,二人目の演奏,一人目の演奏,20a43b35b1b32b48b12b42b36a2a3b9b8a41a38a49b7a24a27b19a34a18a47b21a4b10a44a40b15b17b46a26a33b50a28b29b11b25b23a16b31a22b14b13a6b37a45a39a30b5a,,,,,
6/16/2022 15:19:09,,二人目の演奏,二人目の演奏,二人目の演奏,二人目の演奏,二人目の演奏,一人目の演奏,一人目の演奏,二人目の演奏,一人目の演奏,二人目の演奏,二人目の演奏,二人目の演奏,二人目の演奏,一人目の演奏,一人目の演奏,二人目の演奏,一人目の演奏,二人目の演奏,一人目の演奏,一人目の演奏,二人目の演奏,二人目の演奏,一人目の演奏,二人目の演奏,二人目の演奏,一人目の演奏,一人目の演奏,一人目の演奏,二人目の演奏,二人目の演奏,一人目の演奏,二人目の演奏,二人目の演奏,二人目の演奏,一人目の演奏,二人目の演奏,二人目の演奏,一人目の演奏,一人目の演奏,一人目の演奏,一人目の演奏,二人目の演奏,二人目の演奏,二人目の演奏,二人目の演奏,二人目の演奏,一人目の演奏,二人目の演奏,一人目の演奏,一人目の演奏,20b46a13b19b17b37a14a34a10a40b1b49a6b22b27b3b48b21a8a44b15b28b50a29b26a5b39a2b18b30a47b16a9a42b33b25a7a31b45b4b32a11b24a38a41b36a12a23b43b35b,,,,,
6/16/2022 17:55:25,,一人目の演奏,一人目の演奏,二人目の演奏,一人目の演奏,一人目の演奏,一人目の演奏,二人目の演奏,二人目の演奏,二人目の演奏,二人目の演奏,二人目の演奏,二人目の演奏,一人目の演奏,一人目の演奏,二人目の演奏,一人目の演奏,二人目の演奏,二人目の演奏,一人目の演奏,二人目の演奏,一人目の演奏,一人目の演奏,一人目の演奏,二人目の演奏,二人目の演奏,二人目の演奏,一人目の演奏,二人目の演奏,一人目の演奏,一人目の演奏,二人目の演奏,二人目の演奏,二人目の演奏,二人目の演奏,二人目の演奏,二人目の演奏,一人目の演奏,二人目の演奏,二人目の演奏,二人目の演奏,一人目の演奏,一人目の演奏,二人目の演奏,二人目の演奏,二人目の演奏,二人目の演奏,二人目の演奏,一人目の演奏,二人目の演奏,二人目の演奏,8a25a12b43a23a11a16b10b5b9a15b47a49a33a27a48b32a44b37a40b21b14a46a34b29b17b18a41b36b3b7a26b19b6b39a2a28a42b22b50b1a38b31b30a4b35b45b24b20b13b,,,,,
6/16/2022 19:59:27,,一人目の演奏,一人目の演奏,二人目の演奏,二人目の演奏,一人目の演奏,一人目の演奏,一人目の演奏,一人目の演奏,一人目の演奏,二人目の演奏,二人目の演奏,二人目の演奏,一人目の演奏,一人目の演奏,二人目の演奏,一人目の演奏,一人目の演奏,一人目の演奏,二人目の演奏,一人目の演奏,二人目の演奏,一人目の演奏,二人目の演奏,二人目の演奏,一人目の演奏,一人目の演奏,二人目の演奏,一人目の演奏,一人目の演奏,一人目の演奏,一人目の演奏,二人目の演奏,一人目の演奏,一人目の演奏,二人目の演奏,二人目の演奏,二人目の演奏,一人目の演奏,二人目の演奏,二人目の演奏,一人目の演奏,一人目の演奏,二人目の演奏,一人目の演奏,一人目の演奏,一人目の演奏,一人目の演奏,一人目の演奏,二人目の演奏,一人目の演奏,48b35a11a18a38a1a15b8a26a41b39a10a33a29b20a2a43a46b9b27b47b23b14a44b50a19a5b36b24a25b32a3a49a13b40b17a12a34b4a16b45b31a22a7a42b30b28b21a37a6b,,,,,
6/16/2022 21:56:08,,二人目の演奏,二人目の演奏,二人目の演奏,一人目の演奏,二人目の演奏,二人目の演奏,一人目の演奏,一人目の演奏,一人目の演奏,二人目の演奏,二人目の演奏,一人目の演奏,一人目の演奏,二人目の演奏,二人目の演奏,一人目の演奏,一人目の演奏,一人目の演奏,二人目の演奏,二人目の演奏,二人目の演奏,二人目の演奏,一人目の演奏,一人目の演奏,二人目の演奏,一人目の演奏,二人目の演奏,一人目の演奏,二人目の演奏,一人目の演奏,一人目の演奏,一人目の演奏,二人目の演奏,二人目の演奏,一人目の演奏,二人目の演奏,一人目の演奏,一人目の演奏,一人目の演奏,一人目の演奏,一人目の演奏,二人目の演奏,二人目の演奏,二人目の演奏,二人目の演奏,一人目の演奏,二人目の演奏,一人目の演奏,一人目の演奏,一人目の演奏,33b22a3a42a50a6a48b47a27b13a12b20a45a32b31a11a4b23a26b1a18a37b14a25b9a21b17a49a5b2b16a15a46b44b30b38b39b34a7b40b19b29a24a28a43b8a41a10b35a36a,,,,,
6/18/2022 0:15:49,,二人目の演奏,一人目の演奏,一人目の演奏,二人目の演奏,一人目の演奏,一人目の演奏,二人目の演奏,一人目の演奏,二人目の演奏,二人目の演奏,一人目の演奏,一人目の演奏,二人目の演奏,一人目の演奏,一人目の演奏,二人目の演奏,二人目の演奏,一人目の演奏,二人目の演奏,一人目の演奏,二人目の演奏,二人目の演奏,一人目の演奏,二人目の演奏,一人目の演奏,二人目の演奏,一人目の演奏,一人目の演奏,二人目の演奏,二人目の演奏,一人目の演奏,二人目の演奏,一人目の演奏,一人目の演奏,一人目の演奏,一人目の演奏,二人目の演奏,一人目の演奏,二人目の演奏,一人目の演奏,一人目の演奏,一人目の演奏,二人目の演奏,二人目の演奏,一人目の演奏,二人目の演奏,一人目の演奏,一人目の演奏,一人目の演奏,二人目の演奏,17b19a36a6b1b2b47b34a30b11a49a28a46b50a42a40b31a3b18b15b41a14b20a37b10a22a44b4a48b16b25b21a26b5b39b13a8a45a35b27a33a24b23b38b7b12a29a9b43b32a,,,,,
6/18/2022 18:35:43,,二人目の演奏,一人目の演奏,二人目の演奏,一人目の演奏,一人目の演奏,一人目の演奏,二人目の演奏,一人目の演奏,一人目の演奏,二人目の演奏,一人目の演奏,二人目の演奏,一人目の演奏,一人目の演奏,二人目の演奏,一人目の演奏,一人目の演奏,二人目の演奏,二人目の演奏,二人目の演奏,一人目の演奏,二人目の演奏,二人目の演奏,二人目の演奏,二人目の演奏,一人目の演奏,一人目の演奏,二人目の演奏,一人目の演奏,一人目の演奏,一人目の演奏,二人目の演奏,一人目の演奏,二人目の演奏,一人目の演奏,一人目の演奏,二人目の演奏,一人目の演奏,一人目の演奏,一人目の演奏,一人目の演奏,一人目の演奏,一人目の演奏,二人目の演奏,二人目の演奏,一人目の演奏,二人目の演奏,二人目の演奏,一人目の演奏,二人目の演奏,47b4a39b23a15b40a43b30a46b22b13a41a14a2b45b26a37a18b35b28a20a27a38a44a36b3a12a19a16a33b1a7a49a25a8a24a5b48a50a9a17a31a34b10b42b32b29a21b11a6b,,,Task2のdataなし,,
6/19/2022 20:26:35,,一人目の演奏,一人目の演奏,二人目の演奏,二人目の演奏,二人目の演奏,一人目の演奏,二人目の演奏,一人目の演奏,二人目の演奏,二人目の演奏,二人目の演奏,二人目の演奏,一人目の演奏,一人目の演奏,二人目の演奏,一人目の演奏,二人目の演奏,一人目の演奏,一人目の演奏,二人目の演奏,一人目の演奏,一人目の演奏,二人目の演奏,一人目の演奏,二人目の演奏,一人目の演奏,二人目の演奏,二人目の演奏,一人目の演奏,二人目の演奏,一人目の演奏,一人目の演奏,一人目の演奏,二人目の演奏,一人目の演奏,一人目の演奏,二人目の演奏,二人目の演奏,一人目の演奏,二人目の演奏,一人目の演奏,二人目の演奏,二人目の演奏,一人目の演奏,二人目の演奏,一人目の演奏,一人目の演奏,一人目の演奏,一人目の演奏,二人目の演奏,17a21b25a14b37a48b50a26b30b29a9a35b24b39b32a12b6b47a40a41b31b11a22a7a27a8b16b38a10b4a34b28a3b13b46a1b44b36b18b5a43b49a45a42a23b15a19a20a2b33b,,,,,
6/25/2022 0:34:43,,一人目の演奏,二人目の演奏,二人目の演奏,一人目の演奏,二人目の演奏,一人目の演奏,一人目の演奏,一人目の演奏,一人目の演奏,二人目の演奏,二人目の演奏,二人目の演奏,二人目の演奏,二人目の演奏,一人目の演奏,一人目の演奏,一人目の演奏,二人目の演奏,二人目の演奏,二人目の演奏,一人目の演奏,二人目の演奏,一人目の演奏,一人目の演奏,二人目の演奏,一人目の演奏,一人目の演奏,一人目の演奏,二人目の演奏,一人目の演奏,一人目の演奏,一人目の演奏,二人目の演奏,二人目の演奏,一人目の演奏,一人目の演奏,二人目の演奏,一人目の演奏,一人目の演奏,一人目の演奏,一人目の演奏,一人目の演奏,一人目の演奏,二人目の演奏,一人目の演奏,一人目の演奏,二人目の演奏,二人目の演奏,一人目の演奏,一人目の演奏,31b35b17a41a43b44a16b2b34a45a40b42b7b1a30b39a36a50b8a37b46a28a32a10a13b21b22b49a12a9a6a48b19b29b15b27a24a4a25b26a33a3a38a14b23a20b18a11a47a5b,,,,,
6/25/2022 4:44:51,,一人目の演奏,二人目の演奏,二人目の演奏,一人目の演奏,一人目の演奏,一人目の演奏,二人目の演奏,二人目の演奏,二人目の演奏,一人目の演奏,一人目の演奏,一人目の演奏,一人目の演奏,二人目の演奏,二人目の演奏,一人目の演奏,二人目の演奏,二人目の演奏,二人目の演奏,二人目の演奏,一人目の演奏,一人目の演奏,二人目の演奏,二人目の演奏,二人目の演奏,一人目の演奏,二人目の演奏,二人目の演奏,二人目の演奏,二人目の演奏,二人目の演奏,一人目の演奏,二人目の演奏,一人目の演奏,二人目の演奏,二人目の演奏,二人目の演奏,一人目の演奏,一人目の演奏,二人目の演奏,一人目の演奏,二人目の演奏,二人目の演奏,二人目の演奏,一人目の演奏,一人目の演奏,二人目の演奏,二人目の演奏,二人目の演奏,二人目の演奏,28b31a18b29b39a23b17b11b34b19b4b35b22b43b32b21b3a50b1a26a48a24a14b37b42b44b7a16b25b15a40b36a47a2b8b9a13b10b46a33b41a12a27a20b38b30b49a6a45b5b,,,,,
6/25/2022 15:03:44,,一人目の演奏,二人目の演奏,一人目の演奏,一人目の演奏,二人目の演奏,二人目の演奏,一人目の演奏,二人目の演奏,一人目の演奏,二人目の演奏,二人目の演奏,一人目の演奏,一人目の演奏,一人目の演奏,一人目の演奏,二人目の演奏,二人目の演奏,二人目の演奏,二人目の演奏,二人目の演奏,二人目の演奏,一人目の演奏,一人目の演奏,二人目の演奏,二人目の演奏,一人目の演奏,一人目の演奏,一人目の演奏,二人目の演奏,一人目の演奏,二人目の演奏,二人目の演奏,一人目の演奏,一人目の演奏,二人目の演奏,二人目の演奏,二人目の演奏,一人目の演奏,二人目の演奏,一人目の演奏,二人目の演奏,二人目の演奏,二人目の演奏,一人目の演奏,一人目の演奏,一人目の演奏,二人目の演奏,二人目の演奏,二人目の演奏,二人目の演奏,39b38b24b50a43b29b7a11a16b19b3a27a20b44a37a9b30b45a31a14b46b2a33a12a10b17a42a36b22a48a18b5a23a1b49a6b13a26a41a15a28b8b25a4a32b47a35a21b34b40a,,,,,
6/28/2022 15:31:25,,一人目の演奏,二人目の演奏,一人目の演奏,二人目の演奏,一人目の演奏,二人目の演奏,二人目の演奏,一人目の演奏,一人目の演奏,一人目の演奏,一人目の演奏,一人目の演奏,二人目の演奏,一人目の演奏,二人目の演奏,二人目の演奏,二人目の演奏,二人目の演奏,一人目の演奏,二人目の演奏,二人目の演奏,二人目の演奏,二人目の演奏,一人目の演奏,二人目の演奏,二人目の演奏,一人目の演奏,二人目の演奏,一人目の演奏,一人目の演奏,二人目の演奏,一人目の演奏,一人目の演奏,一人目の演奏,二人目の演奏,二人目の演奏,一人目の演奏,一人目の演奏,二人目の演奏,二人目の演奏,一人目の演奏,一人目の演奏,二人目の演奏,一人目の演奏,二人目の演奏,二人目の演奏,二人目の演奏,一人目の演奏,二人目の演奏,二人目の演奏,50b15a35a47b32b26b37b2b8a43a36a42a45b17a24a22b21b48b49a13b27b39a41a25b11a31a28a44b4a20b14b34a10b40b29b1a46a9a18a7a23a6a12b19a3a16b38a30a33b5b,,,,,
7/3/2022 22:08:01,,一人目の演奏,二人目の演奏,二人目の演奏,一人目の演奏,一人目の演奏,一人目の演奏,二人目の演奏,一人目の演奏,一人目の演奏,一人目の演奏,一人目の演奏,一人目の演奏,二人目の演奏,一人目の演奏,二人目の演奏,一人目の演奏,一人目の演奏,二人目の演奏,二人目の演奏,二人目の演奏,一人目の演奏,二人目の演奏,二人目の演奏,一人目の演奏,一人目の演奏,一人目の演奏,一人目の演奏,一人目の演奏,一人目の演奏,二人目の演奏,二人目の演奏,一人目の演奏,一人目の演奏,二人目の演奏,二人目の演奏,一人目の演奏,二人目の演奏,一人目の演奏,一人目の演奏,二人目の演奏,一人目の演奏,二人目の演奏,一人目の演奏,一人目の演奏,一人目の演奏,一人目の演奏,二人目の演奏,二人目の演奏,二人目の演奏,一人目の演奏,17a34b19b25a49b2b33b46a26a10b5a30a21b44b13b20a27a37b4a36a41a48a15a50a29b23a35a22b38a28a3a16b1a42a39b14a45b40a43a11b47a18a24b7a32a6a8b12a31b9a,不可,115と同一人物,,,
7/4/2022 19:08:32,,二人目の演奏,一人目の演奏,一人目の演奏,一人目の演奏,一人目の演奏,二人目の演奏,二人目の演奏,一人目の演奏,二人目の演奏,二人目の演奏,一人目の演奏,二人目の演奏,二人目の演奏,一人目の演奏,一人目の演奏,二人目の演奏,一人目の演奏,二人目の演奏,二人目の演奏,一人目の演奏,一人目の演奏,一人目の演奏,二人目の演奏,二人目の演奏,二人目の演奏,二人目の演奏,二人目の演奏,一人目の演奏,一人目の演奏,一人目の演奏,二人目の演奏,二人目の演奏,一人目の演奏,二人目の演奏,二人目の演奏,一人目の演奏,一人目の演奏,一人目の演奏,二人目の演奏,二人目の演奏,一人目の演奏,一人目の演奏,二人目の演奏,二人目の演奏,二人目の演奏,二人目の演奏,一人目の演奏,二人目の演奏,二人目の演奏,一人目の演奏,2b23a27a47a7a15b24b41a40b11b43b18a13a42a19a5a16b50b48a45b25b1a4b37b20b38a49a32b33a17a6b30b26a21b8b9b34a35a14b36b12a10b29a22b44b3b28b46b39a31a,,,,,
7/11/2022 17:40:47,,一人目の演奏,二人目の演奏,一人目の演奏,二人目の演奏,二人目の演奏,一人目の演奏,一人目の演奏,二人目の演奏,二人目の演奏,二人目の演奏,一人目の演奏,一人目の演奏,一人目の演奏,二人目の演奏,一人目の演奏,一人目の演奏,二人目の演奏,二人目の演奏,一人目の演奏,一人目の演奏,二人目の演奏,二人目の演奏,二人目の演奏,二人目の演奏,二人目の演奏,一人目の演奏,一人目の演奏,二人目の演奏,一人目の演奏,二人目の演奏,二人目の演奏,二人目の演奏,二人目の演奏,一人目の演奏,一人目の演奏,二人目の演奏,二人目の演奏,一人目の演奏,二人目の演奏,二人目の演奏,一人目の演奏,二人目の演奏,二人目の演奏,二人目の演奏,一人目の演奏,一人目の演奏,一人目の演奏,二人目の演奏,二人目の演奏,一人目の演奏,39a4a42b10a6b48a28b29b40b43b19a17a2a47a16a30b23b11b44a27b49a1b5a15a20b32a37a9a31b38b24b36b34b14a13a7a26b35a41a12a50a21a3a22a25b18b33b46b45b8a,,,,,
7/11/2022 20:15:24,,二人目の演奏,二人目の演奏,二人目の演奏,一人目の演奏,一人目の演奏,二人目の演奏,二人目の演奏,二人目の演奏,一人目の演奏,一人目の演奏,二人目の演奏,一人目の演奏,一人目の演奏,二人目の演奏,一人目の演奏,二人目の演奏,二人目の演奏,二人目の演奏,一人目の演奏,一人目の演奏,二人目の演奏,一人目の演奏,二人目の演奏,一人目の演奏,一人目の演奏,二人目の演奏,一人目の演奏,二人目の演奏,一人目の演奏,二人目の演奏,二人目の演奏,二人目の演奏,二人目の演奏,二人目の演奏,一人目の演奏,二人目の演奏,一人目の演奏,一人目の演奏,一人目の演奏,二人目の演奏,二人目の演奏,一人目の演奏,二人目の演奏,一人目の演奏,二人目の演奏,二人目の演奏,一人目の演奏,一人目の演奏,二人目の演奏,二人目の演奏,12a31b13b15b40b24a17b39b6a37a22b49a44a11b36a10b3a2a28a42b46b20a21b25a29b5b48b19b47b14a18b26a1b35b16a9a45a27a41a4a7a34b8b38a33a32a30b43b50b23b,,,,,
7/13/2022 22:29:14,,二人目の演奏,一人目の演奏,一人目の演奏,一人目の演奏,一人目の演奏,一人目の演奏,二人目の演奏,一人目の演奏,一人目の演奏,二人目の演奏,一人目の演奏,一人目の演奏,一人目の演奏,一人目の演奏,一人目の演奏,一人目の演奏,二人目の演奏,二人目の演奏,一人目の演奏,一人目の演奏,一人目の演奏,一人目の演奏,二人目の演奏,二人目の演奏,一人目の演奏,二人目の演奏,一人目の演奏,二人目の演奏,二人目の演奏,二人目の演奏,二人目の演奏,一人目の演奏,二人目の演奏,二人目の演奏,一人目の演奏,一人目の演奏,一人目の演奏,一人目の演奏,一人目の演奏,二人目の演奏,一人目の演奏,二人目の演奏,二人目の演奏,二人目の演奏,一人目の演奏,一人目の演奏,二人目の演奏,一人目の演奏,二人目の演奏,一人目の演奏,35b22a50a9a24b30b44a27a36a47a18b26a2b5a33b43a3a13b41b39a40a38b11a32a12a37a29b7b16b19b15a14b21b42a46a34a25b20a1b48b8a10b6b23b49a45a28b4a17b31b,,,Task2のdataなし,,
7/14/2022 20:13:53,,一人目の演奏,二人目の演奏,二人目の演奏,一人目の演奏,二人目の演奏,二人目の演奏,一人目の演奏,二人目の演奏,二人目の演奏,二人目の演奏,一人目の演奏,二人目の演奏,二人目の演奏,二人目の演奏,一人目の演奏,一人目の演奏,一人目の演奏,二人目の演奏,二人目の演奏,二人目の演奏,二人目の演奏,二人目の演奏,一人目の演奏,二人目の演奏,一人目の演奏,一人目の演奏,二人目の演奏,一人目の演奏,一人目の演奏,一人目の演奏,二人目の演奏,一人目の演奏,二人目の演奏,二人目の演奏,一人目の演奏,一人目の演奏,二人目の演奏,一人目の演奏,二人目の演奏,二人目の演奏,二人目の演奏,二人目の演奏,一人目の演奏,二人目の演奏,二人目の演奏,一人目の演奏,二人目の演奏,二人目の演奏,一人目の演奏,一人目の演奏,38a34a23b15a46b44a8a35a39b14b13b29b12b41b1b37b49a25b11a32a30b21b5b17b33a27a3b24a50a28a19b16a22b26a31a6a47a10a20b18a36b40a45b4b9a42b48b7b2b43a,,,,,
7/15/2022 13:54:25,,一人目の演奏,一人目の演奏,一人目の演奏,一人目の演奏,一人目の演奏,一人目の演奏,一人目の演奏,一人目の演奏,一人目の演奏,一人目の演奏,一人目の演奏,一人目の演奏,一人目の演奏,一人目の演奏,一人目の演奏,一人目の演奏,一人目の演奏,一人目の演奏,一人目の演奏,一人目の演奏,一人目の演奏,一人目の演奏,一人目の演奏,一人目の演奏,一人目の演奏,一人目の演奏,一人目の演奏,一人目の演奏,一人目の演奏,一人目の演奏,一人目の演奏,一人目の演奏,一人目の演奏,一人目の演奏,一人目の演奏,一人目の演奏,一人目の演奏,一人目の演奏,一人目の演奏,一人目の演奏,一人目の演奏,一人目の演奏,一人目の演奏,一人目の演奏,一人目の演奏,一人目の演奏,一人目の演奏,一人目の演奏,一人目の演奏,一人目の演奏,19b37b9b47b46b12a40a21a33a6b27b39b34b2a7a4b22a13a10b30a3b45a32b26b44b1b18a36a23b28a48a15b24b31b43a41a38b5b42b20b11a16a8a14a25b50a49a29a17b35b,不可,私がチェックしました,,,
7/16/2022 23:35:02,,一人目の演奏,二人目の演奏,一人目の演奏,一人目の演奏,二人目の演奏,一人目の演奏,一人目の演奏,二人目の演奏,二人目の演奏,一人目の演奏,一人目の演奏,二人目の演奏,二人目の演奏,二人目の演奏,二人目の演奏,二人目の演奏,二人目の演奏,二人目の演奏,一人目の演奏,一人目の演奏,一人目の演奏,二人目の演奏,一人目の演奏,二人目の演奏,一人目の演奏,二人目の演奏,二人目の演奏,一人目の演奏,二人目の演奏,二人目の演奏,二人目の演奏,一人目の演奏,二人目の演奏,二人目の演奏,二人目の演奏,二人目の演奏,二人目の演奏,一人目の演奏,二人目の演奏,一人目の演奏,二人目の演奏,一人目の演奏,一人目の演奏,一人目の演奏,一人目の演奏,二人目の演奏,二人目の演奏,一人目の演奏,二人目の演奏,一人目の演奏,17a39b46a48a22b30a25a45b40b26b4a11b37b33b32a50b10a5a19a20a27a14a16b8b9b38b35a21b36b24a6b44a41a49a18b15b31a29b7a2b1b28a42a3a13a43b12b34a23a47b,,,,,
7/24/2022 7:32:14,,一人目の演奏,一人目の演奏,二人目の演奏,二人目の演奏,一人目の演奏,一人目の演奏,一人目の演奏,二人目の演奏,一人目の演奏,一人目の演奏,二人目の演奏,二人目の演奏,二人目の演奏,一人目の演奏,二人目の演奏,一人目の演奏,二人目の演奏,一人目の演奏,一人目の演奏,一人目の演奏,一人目の演奏,二人目の演奏,二人目の演奏,二人目の演奏,二人目の演奏,二人目の演奏,二人目の演奏,二人目の演奏,二人目の演奏,二人目の演奏,二人目の演奏,二人目の演奏,二人目の演奏,一人目の演奏,二人目の演奏,二人目の演奏,一人目の演奏,二人目の演奏,一人目の演奏,二人目の演奏,一人目の演奏,一人目の演奏,一人目の演奏,二人目の演奏,一人目の演奏,一人目の演奏,一人目の演奏,二人目の演奏,二人目の演奏,二人目の演奏,16a17b15a23b14a1b2b50a4a10b8b36b43b13a48a40a47b46a3b11a44a45b21a37b38b9a30b31a18b25a20b28b41b27a5b26b49a34a22b39a29a6a12b19b42a7b24a32a35a33b,,,,,
8/2/2022 14:48:39,,二人目の演奏,一人目の演奏,一人目の演奏,一人目の演奏,二人目の演奏,二人目の演奏,一人目の演奏,二人目の演奏,二人目の演奏,二人目の演奏,二人目の演奏,一人目の演奏,二人目の演奏,二人目の演奏,二人目の演奏,二人目の演奏,一人目の演奏,二人目の演奏,一人目の演奏,二人目の演奏,二人目の演奏,一人目の演奏,二人目の演奏,一人目の演奏,二人目の演奏,一人目の演奏,二人目の演奏,一人目の演奏,二人目の演奏,一人目の演奏,一人目の演奏,一人目の演奏,二人目の演奏,二人目の演奏,二人目の演奏,一人目の演奏,一人目の演奏,二人目の演奏,一人目の演奏,二人目の演奏,一人目の演奏,二人目の演奏,二人目の演奏,二人目の演奏,二人目の演奏,二人目の演奏,一人目の演奏,二人目の演奏,一人目の演奏,一人目の演奏,20b41b31b34a1a15b38b50a44b5a17b12b23b13b19b45a33a40a49b47a26b2b30a27b46b43a21a3b36a25b14a28b10b37b9a7b16a8b42a11a6a22a35b4b29a24a39a18a32b48a,,,,,
8/2/2022 22:45:58,,一人目の演奏,二人目の演奏,二人目の演奏,一人目の演奏,一人目の演奏,二人目の演奏,一人目の演奏,一人目の演奏,二人目の演奏,一人目の演奏,一人目の演奏,一人目の演奏,一人目の演奏,二人目の演奏,二人目の演奏,二人目の演奏,二人目の演奏,二人目の演奏,一人目の演奏,一人目の演奏,二人目の演奏,二人目の演奏,一人目の演奏,二人目の演奏,二人目の演奏,二人目の演奏,二人目の演奏,一人目の演奏,一人目の演奏,二人目の演奏,二人目の演奏,一人目の演奏,二人目の演奏,二人目の演奏,一人目の演奏,一人目の演奏,二人目の演奏,二人目の演奏,二人目の演奏,二人目の演奏,一人目の演奏,二人目の演奏,一人目の演奏,一人目の演奏,二人目の演奏,一人目の演奏,一人目の演奏,一人目の演奏,二人目の演奏,一人目の演奏,36a20b39b28a47a46b17b1a15b27a30b42a18b38b19b9a35b29b5b21b3a43b10b31b26a44b2b8a16a14b6b13b23b33a24a50b32a7b22b41b4b25b40b34a49a12b45a11b48a37b,,,,,
8/3/2022 22:34:38,,一人目の演奏,一人目の演奏,一人目の演奏,一人目の演奏,二人目の演奏,一人目の演奏,一人目の演奏,一人目の演奏,一人目の演奏,二人目の演奏,二人目の演奏,一人目の演奏,一人目の演奏,二人目の演奏,二人目の演奏,二人目の演奏,二人目の演奏,一人目の演奏,二人目の演奏,一人目の演奏,一人目の演奏,二人目の演奏,一人目の演奏,一人目の演奏,一人目の演奏,二人目の演奏,一人目の演奏,二人目の演奏,二人目の演奏,二人目の演奏,二人目の演奏,二人目の演奏,二人目の演奏,一人目の演奏,二人目の演奏,一人目の演奏,一人目の演奏,二人目の演奏,一人目の演奏,一人目の演奏,二人目の演奏,二人目の演奏,一人目の演奏,一人目の演奏,二人目の演奏,二人目の演奏,二人目の演奏,二人目の演奏,一人目の演奏,二人目の演奏,27b36a44a14b45b10a34a46a49a12b4a16a50a39a17b21a13b23a1a6b40b9a22b31a2b29a47b37b28a35a48b15a3a43a33a30b18a41b32b5b24a42a7b20a26b25b8b38a19a11b,,,,,
8/3/2022 23:24:42,,二人目の演奏,一人目の演奏,一人目の演奏,二人目の演奏,一人目の演奏,二人目の演奏,二人目の演奏,一人目の演奏,一人目の演奏,一人目の演奏,一人目の演奏,一人目の演奏,二人目の演奏,一人目の演奏,二人目の演奏,二人目の演奏,一人目の演奏,一人目の演奏,一人目の演奏,一人目の演奏,二人目の演奏,二人目の演奏,一人目の演奏,二人目の演奏,二人目の演奏,二人目の演奏,二人目の演奏,一人目の演奏,一人目の演奏,二人目の演奏,二人目の演奏,一人目の演奏,一人目の演奏,二人目の演奏,二人目の演奏,二人目の演奏,二人目の演奏,一人目の演奏,二人目の演奏,一人目の演奏,二人目の演奏,二人目の演奏,一人目の演奏,一人目の演奏,一人目の演奏,二人目の演奏,一人目の演奏,二人目の演奏,二人目の演奏,二人目の演奏,2a24a23a5a8a11a18b26b12a46b10b30a50b7b33b9b40a4a34a41a49b44b17a31b38a15b47a42b48a35b43a19a39b29a6b32a16b22b3a27b37b25b20b28a21a36b14b13b45b1a,,,,,
8/20/2022 22:11:18,,一人目の演奏,二人目の演奏,一人目の演奏,二人目の演奏,一人目の演奏,二人目の演奏,二人目の演奏,二人目の演奏,一人目の演奏,一人目の演奏,一人目の演奏,二人目の演奏,一人目の演奏,二人目の演奏,二人目の演奏,一人目の演奏,一人目の演奏,二人目の演奏,一人目の演奏,二人目の演奏,一人目の演奏,二人目の演奏,一人目の演奏,一人目の演奏,一人目の演奏,一人目の演奏,一人目の演奏,一人目の演奏,一人目の演奏,二人目の演奏,二人目の演奏,一人目の演奏,二人目の演奏,一人目の演奏,二人目の演奏,一人目の演奏,二人目の演奏,一人目の演奏,二人目の演奏,一人目の演奏,二人目の演奏,二人目の演奏,二人目の演奏,二人目の演奏,一人目の演奏,二人目の演奏,一人目の演奏,二人目の演奏,二人目の演奏,一人目の演奏,9b25b50a14b49a37b36a35b40b2b1a7a20a16b22a32a33a39b8a47b5a45b15b4b31b12b27a48a26a3b23b10a13b38a17b28b18b24b19b21a44b46b43b11b41b6b30a42b34b29a,,,,,
9/6/2022 13:59:16,,一人目の演奏,一人目の演奏,一人目の演奏,二人目の演奏,一人目の演奏,二人目の演奏,一人目の演奏,二人目の演奏,一人目の演奏,二人目の演奏,一人目の演奏,二人目の演奏,二人目の演奏,一人目の演奏,二人目の演奏,一人目の演奏,一人目の演奏,一人目の演奏,二人目の演奏,二人目の演奏,二人目の演奏,一人目の演奏,一人目の演奏,一人目の演奏,一人目の演奏,一人目の演奏,一人目の演奏,二人目の演奏,二人目の演奏,一人目の演奏,二人目の演奏,二人目の演奏,一人目の演奏,一人目の演奏,二人目の演奏,一人目の演奏,一人目の演奏,一人目の演奏,二人目の演奏,一人目の演奏,一人目の演奏,二人目の演奏,二人目の演奏,二人目の演奏,二人目の演奏,二人目の演奏,二人目の演奏,二人目の演奏,一人目の演奏,二人目の演奏,6b36b38b46b30a50a41a45b11b24a14b21a15b34a2b8a40b31a44b27a7b3a9b23a10a28a48b5a19a32a47b20a12b13b43b42a17a49b33b22b37a29b25b16a1b39a35a4a18b26b,,,,,
9/8/2022 17:02:23,,二人目の演奏,一人目の演奏,一人目の演奏,一人目の演奏,二人目の演奏,一人目の演奏,二人目の演奏,二人目の演奏,二人目の演奏,二人目の演奏,一人目の演奏,二人目の演奏,二人目の演奏,二人目の演奏,二人目の演奏,一人目の演奏,一人目の演奏,二人目の演奏,二人目の演奏,二人目の演奏,二人目の演奏,一人目の演奏,一人目の演奏,二人目の演奏,一人目の演奏,二人目の演奏,一人目の演奏,一人目の演奏,二人目の演奏,二人目の演奏,一人目の演奏,二人目の演奏,一人目の演奏,二人目の演奏,二人目の演奏,一人目の演奏,一人目の演奏,一人目の演奏,二人目の演奏,二人目の演奏,一人目の演奏,一人目の演奏,一人目の演奏,二人目の演奏,二人目の演奏,二人目の演奏,一人目の演奏,二人目の演奏,一人目の演奏,一人目の演奏,7a13a11b26b24a29b43b35a36b40b22b44a48b25b28a21a31a4a46a8b12b10b49a20a42a15b27a9a38a2a45a33a16a39b3b6a41b14b17a32a37b50a18b30b23b34b19a1b47b5b,,,Task2のdataなし,,
9/12/2022 20:54:25,,二人目の演奏,二人目の演奏,二人目の演奏,二人目の演奏,二人目の演奏,二人目の演奏,一人目の演奏,二人目の演奏,一人目の演奏,二人目の演奏,一人目の演奏,二人目の演奏,二人目の演奏,二人目の演奏,二人目の演奏,一人目の演奏,一人目の演奏,一人目の演奏,二人目の演奏,一人目の演奏,二人目の演奏,二人目の演奏,一人目の演奏,二人目の演奏,一人目の演奏,一人目の演奏,二人目の演奏,一人目の演奏,二人目の演奏,二人目の演奏,二人目の演奏,二人目の演奏,一人目の演奏,一人目の演奏,二人目の演奏,二人目の演奏,一人目の演奏,二人目の演奏,一人目の演奏,二人目の演奏,二人目の演奏,一人目の演奏,一人目の演奏,二人目の演奏,一人目の演奏,一人目の演奏,二人目の演奏,二人目の演奏,一人目の演奏,一人目の演奏,13b45a16b26a24b47b4b30a48a9b38a1a41a5a25a40a19a7b35b8a50b3a36a17b21a46a28b39b43b31a15b6b18a27a37b29a32a42b10b34a2a20a14a12b22b33b23b49a11a44b,,,,,
9/18/2022 12:37:25,,一人目の演奏,二人目の演奏,二人目の演奏,二人目の演奏,一人目の演奏,一人目の演奏,二人目の演奏,一人目の演奏,二人目の演奏,一人目の演奏,二人目の演奏,一人目の演奏,二人目の演奏,一人目の演奏,一人目の演奏,一人目の演奏,一人目の演奏,二人目の演奏,一人目の演奏,二人目の演奏,一人目の演奏,二人目の演奏,一人目の演奏,一人目の演奏,一人目の演奏,一人目の演奏,二人目の演奏,二人目の演奏,二人目の演奏,二人目の演奏,一人目の演奏,一人目の演奏,二人目の演奏,一人目の演奏,二人目の演奏,一人目の演奏,二人目の演奏,二人目の演奏,一人目の演奏,一人目の演奏,二人目の演奏,一人目の演奏,二人目の演奏,二人目の演奏,二人目の演奏,二人目の演奏,二人目の演奏,二人目の演奏,二人目の演奏,二人目の演奏,12b33b11a29a13b45b49b42a44b21a39b47a37b7a50b9b24a18b6a14b2b28a35b31a25b17a8b20b38a48b40b26a16a36b3b41b1a19b23b15a43b10b32a22b5b34a27b4b46b30b,,,,,
9/22/2022 0:38:52,,二人目の演奏,一人目の演奏,二人目の演奏,二人目の演奏,二人目の演奏,一人目の演奏,二人目の演奏,一人目の演奏,二人目の演奏,二人目の演奏,二人目の演奏,一人目の演奏,一人目の演奏,二人目の演奏,一人目の演奏,二人目の演奏,一人目の演奏,一人目の演奏,二人目の演奏,二人目の演奏,二人目の演奏,一人目の演奏,二人目の演奏,二人目の演奏,一人目の演奏,二人目の演奏,二人目の演奏,二人目の演奏,一人目の演奏,一人目の演奏,二人目の演奏,二人目の演奏,二人目の演奏,二人目の演奏,一人目の演奏,二人目の演奏,一人目の演奏,二人目の演奏,二人目の演奏,一人目の演奏,一人目の演奏,二人目の演奏,二人目の演奏,二人目の演奏,一人目の演奏,一人目の演奏,二人目の演奏,一人目の演奏,二人目の演奏,一人目の演奏,40a34a13b39a37b44a1b29b24b38b7b15b2a50b30a19b48b10a11a28b22a35a8b16a18a46b33b12a23a49a42a31a21b5a32a43b36a6a41b3b27a14a25b45a9b26b4a17a20a47a,,,,,
10/1/2022 18:22:15,,二人目の演奏,二人目の演奏,二人目の演奏,一人目の演奏,一人目の演奏,二人目の演奏,二人目の演奏,二人目の演奏,二人目の演奏,二人目の演奏,二人目の演奏,二人目の演奏,一人目の演奏,二人目の演奏,一人目の演奏,二人目の演奏,一人目の演奏,一人目の演奏,二人目の演奏,一人目の演奏,二人目の演奏,二人目の演奏,一人目の演奏,二人目の演奏,二人目の演奏,二人目の演奏,二人目の演奏,一人目の演奏,一人目の演奏,一人目の演奏,二人目の演奏,一人目の演奏,一人目の演奏,二人目の演奏,一人目の演奏,一人目の演奏,二人目の演奏,二人目の演奏,二人目の演奏,一人目の演奏,一人目の演奏,二人目の演奏,二人目の演奏,一人目の演奏,一人目の演奏,二人目の演奏,一人目の演奏,二人目の演奏,二人目の演奏,一人目の演奏,23a40b35a44a17a42b43b2a6b34a46b3a29a22a14a47b4a38b39b19a48b41b45b33a26b28a12b1a36a7b10b8a49b31a20b15b25b50b9a13a27a24b21a16a18b37b5b32a11b30b,,,,,
10/6/2022 0:56:12,,一人目の演奏,二人目の演奏,一人目の演奏,二人目の演奏,二人目の演奏,二人目の演奏,一人目の演奏,一人目の演奏,二人目の演奏,一人目の演奏,二人目の演奏,一人目の演奏,二人目の演奏,二人目の演奏,二人目の演奏,二人目の演奏,二人目の演奏,一人目の演奏,一人目の演奏,二人目の演奏,一人目の演奏,一人目の演奏,一人目の演奏,一人目の演奏,一人目の演奏,一人目の演奏,一人目の演奏,一人目の演奏,二人目の演奏,二人目の演奏,二人目の演奏,二人目の演奏,一人目の演奏,一人目の演奏,二人目の演奏,二人目の演奏,一人目の演奏,一人目の演奏,二人目の演奏,一人目の演奏,一人目の演奏,一人目の演奏,一人目の演奏,一人目の演奏,二人目の演奏,二人目の演奏,二人目の演奏,一人目の演奏,一人目の演奏,一人目の演奏,44a9b42b19b14a7a36a8b35a45a25b2a24a30a15b27a22a12a13b32a40a5a37b16a33a39a48b6a10a4a41a20b21a49a34a46b43a29a17b28a47b31a23a18a11a26a3a50b1b38b,,,Task2のdataなし,,
10/10/2022 23:56:42,,一人目の演奏,一人目の演奏,二人目の演奏,一人目の演奏,一人目の演奏,二人目の演奏,一人目の演奏,二人目の演奏,二人目の演奏,二人目の演奏,一人目の演奏,二人目の演奏,一人目の演奏,二人目の演奏,二人目の演奏,二人目の演奏,一人目の演奏,二人目の演奏,一人目の演奏,二人目の演奏,一人目の演奏,二人目の演奏,二人目の演奏,二人目の演奏,二人目の演奏,一人目の演奏,二人目の演奏,一人目の演奏,一人目の演奏,二人目の演奏,二人目の演奏,一人目の演奏,二人目の演奏,二人目の演奏,一人目の演奏,一人目の演奏,二人目の演奏,一人目の演奏,一人目の演奏,二人目の演奏,二人目の演奏,一人目の演奏,二人目の演奏,一人目の演奏,二人目の演奏,一人目の演奏,一人目の演奏,一人目の演奏,一人目の演奏,一人目の演奏,33b49b13b4b28a20b45b35a34b12b16a37b11a5b19a26b8a27b48b10b43a41a25b42a1a46a47b24b2b32a3a21a29a14a31b23b9a50a40a39a22a6b7a38a30b44a36b18a17a15a,,,,,
10/14/2022 12:32:37,,一人目の演奏,二人目の演奏,一人目の演奏,一人目の演奏,二人目の演奏,二人目の演奏,二人目の演奏,一人目の演奏,一人目の演奏,一人目の演奏,一人目の演奏,一人目の演奏,二人目の演奏,一人目の演奏,一人目の演奏,一人目の演奏,二人目の演奏,一人目の演奏,一人目の演奏,一人目の演奏,一人目の演奏,一人目の演奏,二人目の演奏,一人目の演奏,一人目の演奏,一人目の演奏,一人目の演奏,二人目の演奏,一人目の演奏,一人目の演奏,一人目の演奏,二人目の演奏,一人目の演奏,一人目の演奏,一人目の演奏,一人目の演奏,一人目の演奏,二人目の演奏,一人目の演奏,一人目の演奏,一人目の演奏,一人目の演奏,二人目の演奏,一人目の演奏,一人目の演奏,二人目の演奏,一人目の演奏,一人目の演奏,一人目の演奏,一人目の演奏,13a36b24b3a43b1b21a45a38a47b19a27b31a42a20b18b34a10a17a48b25a16b41b49a11a39b9b2a37a30a44a35a7a46a22a8a4b50a23a12b28a40b5a14a29a15b26a6a33b32a,,,Task2の実施時間4分 / Task1でも動画を視聴していない可能性あり,,
10/14/2022 14:09:40,,一人目の演奏,一人目の演奏,二人目の演奏,二人目の演奏,一人目の演奏,一人目の演奏,二人目の演奏,一人目の演奏,一人目の演奏,二人目の演奏,一人目の演奏,二人目の演奏,一人目の演奏,二人目の演奏,二人目の演奏,二人目の演奏,二人目の演奏,二人目の演奏,二人目の演奏,一人目の演奏,二人目の演奏,二人目の演奏,二人目の演奏,二人目の演奏,一人目の演奏,二人目の演奏,二人目の演奏,一人目の演奏,二人目の演奏,二人目の演奏,二人目の演奏,二人目の演奏,一人目の演奏,一人目の演奏,二人目の演奏,二人目の演奏,一人目の演奏,一人目の演奏,二人目の演奏,一人目の演奏,二人目の演奏,二人目の演奏,二人目の演奏,二人目の演奏,二人目の演奏,一人目の演奏,一人目の演奏,二人目の演奏,一人目の演奏,一人目の演奏,36b8b22b32a7b6a4b38a47a30a24b1b40b2b14a28b15b17a11a19a34a26b10b39a49b46b29b45a31a44a13a41a43a25b16b35a27a18a12a20b48b23b37b33a21a5a9b50a3a42a,,,,,
10/14/2022 22:37:39,,一人目の演奏,一人目の演奏,一人目の演奏,二人目の演奏,一人目の演奏,一人目の演奏,二人目の演奏,二人目の演奏,二人目の演奏,一人目の演奏,二人目の演奏,二人目の演奏,二人目の演奏,二人目の演奏,一人目の演奏,一人目の演奏,二人目の演奏,一人目の演奏,二人目の演奏,一人目の演奏,二人目の演奏,一人目の演奏,一人目の演奏,二人目の演奏,二人目の演奏,一人目の演奏,二人目の演奏,一人目の演奏,二人目の演奏,二人目の演奏,二人目の演奏,二人目の演奏,二人目の演奏,二人目の演奏,一人目の演奏,二人目の演奏,二人目の演奏,二人目の演奏,二人目の演奏,一人目の演奏,一人目の演奏,二人目の演奏,一人目の演奏,二人目の演奏,一人目の演奏,二人目の演奏,二人目の演奏,二人目の演奏,二人目の演奏,二人目の演奏,15a5a48a35a23a43b3a33a31b50a45a12b19b22a20b37b32a13b8b44a36b41b1a11b18b16b26b46b10b4a30b21b9a28a34b49b27a7a38a14b29b42b24b47b2b17b6a40b39a25b,不可,母国語が日本語ではない,,,
10/15/2022 18:17:55,,一人目の演奏,二人目の演奏,二人目の演奏,二人目の演奏,一人目の演奏,一人目の演奏,一人目の演奏,一人目の演奏,一人目の演奏,一人目の演奏,一人目の演奏,二人目の演奏,一人目の演奏,一人目の演奏,一人目の演奏,一人目の演奏,一人目の演奏,一人目の演奏,一人目の演奏,二人目の演奏,一人目の演奏,二人目の演奏,一人目の演奏,一人目の演奏,二人目の演奏,一人目の演奏,一人目の演奏,二人目の演奏,二人目の演奏,二人目の演奏,一人目の演奏,一人目の演奏,一人目の演奏,一人目の演奏,一人目の演奏,二人目の演奏,一人目の演奏,二人目の演奏,二人目の演奏,二人目の演奏,一人目の演奏,二人目の演奏,一人目の演奏,一人目の演奏,一人目の演奏,二人目の演奏,二人目の演奏,一人目の演奏,二人目の演奏,一人目の演奏,26b4b24b47a28b11a17a5a33a32a27a3b40b43b36b38a48a30b34b2a23a14a42a10b7a16b31b22b50b35b25b6a37b45b29b44b9a20a21b1a41a15a49b12b8b13b18a46a19a39a,不可,母国語が日本語ではない,Task2の実施時間3分 / Task1でも動画を視聴していない可能性あり,,
10/16/2022 11:45:58,,一人目の演奏,二人目の演奏,二人目の演奏,二人目の演奏,二人目の演奏,一人目の演奏,二人目の演奏,一人目の演奏,一人目の演奏,二人目の演奏,一人目の演奏,二人目の演奏,一人目の演奏,一人目の演奏,一人目の演奏,二人目の演奏,二人目の演奏,二人目の演奏,一人目の演奏,二人目の演奏,二人目の演奏,二人目の演奏,一人目の演奏,一人目の演奏,二人目の演奏,一人目の演奏,一人目の演奏,二人目の演奏,二人目の演奏,一人目の演奏,一人目の演奏,二人目の演奏,二人目の演奏,一人目の演奏,一人目の演奏,一人目の演奏,二人目の演奏,一人目の演奏,二人目の演奏,一人目の演奏,二人目の演奏,二人目の演奏,二人目の演奏,二人目の演奏,二人目の演奏,一人目の演奏,二人目の演奏,二人目の演奏,一人目の演奏,二人目の演奏,30b19a22b34b1b18a2b8a49a13b40b37a46b43b10a21a12b41b42a20b35a50a38a26b47b16a44a33b11a15a6b4a25a29b39a48b32b23b36a24b45a31b17b28a9a5a3b14b27a7b,,,,,
10/16/2022 16:00:53,,一人目の演奏,二人目の演奏,一人目の演奏,一人目の演奏,一人目の演奏,二人目の演奏,一人目の演奏,一人目の演奏,二人目の演奏,一人目の演奏,二人目の演奏,一人目の演奏,一人目の演奏,二人目の演奏,二人目の演奏,二人目の演奏,一人目の演奏,一人目の演奏,二人目の演奏,一人目の演奏,二人目の演奏,一人目の演奏,一人目の演奏,二人目の演奏,一人目の演奏,二人目の演奏,二人目の演奏,一人目の演奏,二人目の演奏,二人目の演奏,二人目の演奏,一人目の演奏,二人目の演奏,一人目の演奏,一人目の演奏,二人目の演奏,二人目の演奏,二人目の演奏,一人目の演奏,二人目の演奏,二人目の演奏,一人目の演奏,二人目の演奏,一人目の演奏,二人目の演奏,二人目の演奏,二人目の演奏,二人目の演奏,一人目の演奏,二人目の演奏,49a9a29a25b4b16b6a18a3b7b11b41b50a10b13b1b37a31b48b45b39a21a15a8a26a35b28a46a38a33a43b23a32a17b36a14b34b44b20a30b42a22b24a47b40a19b12b5b27b2a,不可,母国語が日本語ではない,,,
10/17/2022 0:29:58,,一人目の演奏,一人目の演奏,一人目の演奏,二人目の演奏,二人目の演奏,二人目の演奏,二人目の演奏,二人目の演奏,一人目の演奏,二人目の演奏,一人目の演奏,一人目の演奏,二人目の演奏,一人目の演奏,二人目の演奏,二人目の演奏,一人目の演奏,二人目の演奏,二人目の演奏,一人目の演奏,一人目の演奏,一人目の演奏,二人目の演奏,二人目の演奏,一人目の演奏,一人目の演奏,一人目の演奏,二人目の演奏,二人目の演奏,二人目の演奏,二人目の演奏,二人目の演奏,二人目の演奏,二人目の演奏,二人目の演奏,一人目の演奏,二人目の演奏,一人目の演奏,二人目の演奏,二人目の演奏,一人目の演奏,二人目の演奏,二人目の演奏,一人目の演奏,一人目の演奏,一人目の演奏,二人目の演奏,二人目の演奏,一人目の演奏,一人目の演奏,47b22b41a1b27a44b24b14a34a3a13a16b25b11b33b48a50a19a4a36a32b42a21a31a37a20b15a28b17a2a49a6b12b5b9b46a35b29a43a7b26b45b38b8b10a40a39b18a23a30a,,,,,
10/17/2022 0:46:37,,二人目の演奏,一人目の演奏,一人目の演奏,二人目の演奏,二人目の演奏,二人目の演奏,一人目の演奏,二人目の演奏,一人目の演奏,二人目の演奏,一人目の演奏,二人目の演奏,二人目の演奏,二人目の演奏,一人目の演奏,一人目の演奏,二人目の演奏,二人目の演奏,二人目の演奏,二人目の演奏,一人目の演奏,二人目の演奏,二人目の演奏,一人目の演奏,二人目の演奏,二人目の演奏,二人目の演奏,二人目の演奏,一人目の演奏,二人目の演奏,一人目の演奏,二人目の演奏,一人目の演奏,一人目の演奏,二人目の演奏,一人目の演奏,二人目の演奏,一人目の演奏,二人目の演奏,一人目の演奏,二人目の演奏,二人目の演奏,一人目の演奏,二人目の演奏,二人目の演奏,一人目の演奏,二人目の演奏,一人目の演奏,一人目の演奏,一人目の演奏,39a5a22b16b25b40b44b34b42b38a33a10b19b9a36a18b14b35b17a29b13a45a3a46a28b50a1b24a49a20a7b4a21a48a30a26a31a27a8a41b15a2a37a32b47b11b12a6a23a43a,,,,,
10/17/2022 18:13:59,,二人目の演奏,二人目の演奏,二人目の演奏,二人目の演奏,二人目の演奏,一人目の演奏,二人目の演奏,二人目の演奏,一人目の演奏,二人目の演奏,二人目の演奏,二人目の演奏,一人目の演奏,一人目の演奏,一人目の演奏,一人目の演奏,一人目の演奏,一人目の演奏,一人目の演奏,二人目の演奏,一人目の演奏,一人目の演奏,一人目の演奏,一人目の演奏,二人目の演奏,二人目の演奏,一人目の演奏,二人目の演奏,一人目の演奏,二人目の演奏,二人目の演奏,一人目の演奏,一人目の演奏,二人目の演奏,一人目の演奏,一人目の演奏,一人目の演奏,二人目の演奏,二人目の演奏,二人目の演奏,一人目の演奏,一人目の演奏,二人目の演奏,一人目の演奏,一人目の演奏,二人目の演奏,二人目の演奏,二人目の演奏,一人目の演奏,一人目の演奏,16b39b18a6b34b47b30b12b9b3b43b22a44a50b28b46a29b48a1a23b36a21a7b14b24a10b45a40a8a33a5a27b25b17b37a35a49b42b19b26b20a32b41b38b13a4a2a11a31b15a,,,,,
10/17/2022 19:21:39,,二人目の演奏,二人目の演奏,一人目の演奏,二人目の演奏,二人目の演奏,一人目の演奏,一人目の演奏,一人目の演奏,一人目の演奏,二人目の演奏,一人目の演奏,一人目の演奏,一人目の演奏,一人目の演奏,二人目の演奏,一人目の演奏,二人目の演奏,二人目の演奏,一人目の演奏,二人目の演奏,一人目の演奏,二人目の演奏,二人目の演奏,一人目の演奏,二人目の演奏,二人目の演奏,二人目の演奏,二人目の演奏,二人目の演奏,二人目の演奏,二人目の演奏,二人目の演奏,一人目の演奏,一人目の演奏,二人目の演奏,二人目の演奏,二人目の演奏,一人目の演奏,一人目の演奏,二人目の演奏,一人目の演奏,二人目の演奏,一人目の演奏,二人目の演奏,二人目の演奏,二人目の演奏,一人目の演奏,一人目の演奏,一人目の演奏,一人目の演奏,47a27a8a12b31a34a13a11b25b37b16a35a7a6b22a48b45a23a9b41a4a32a29a50b36b2a39a18b30b42a21b40a1a44a19b33a5b15a24b17a3b10a46a28a38a49b43a20a14b26a,,,,,
10/17/2022 21:25:15,,二人目の演奏,一人目の演奏,一人目の演奏,一人目の演奏,二人目の演奏,二人目の演奏,一人目の演奏,二人目の演奏,二人目の演奏,一人目の演奏,二人目の演奏,二人目の演奏,一人目の演奏,一人目の演奏,一人目の演奏,二人目の演奏,一人目の演奏,一人目の演奏,一人目の演奏,一人目の演奏,二人目の演奏,一人目の演奏,一人目の演奏,一人目の演奏,一人目の演奏,二人目の演奏,一人目の演奏,一人目の演奏,一人目の演奏,二人目の演奏,一人目の演奏,二人目の演奏,一人目の演奏,一人目の演奏,二人目の演奏,二人目の演奏,一人目の演奏,二人目の演奏,二人目の演奏,一人目の演奏,二人目の演奏,二人目の演奏,一人目の演奏,二人目の演奏,二人目の演奏,二人目の演奏,二人目の演奏,一人目の演奏,二人目の演奏,一人目の演奏,9b22a49a5b47b37a33a20b24a25a16b42a4a1a45a8b28a32b50a2a30b48b27a7b44a6b15a43b39b29a31b26b46b34a17b35a19b21b13b36a3a38a18b11a23b14b12b41a10b40a,,,,,
10/18/2022 15:44:11,,一人目の演奏,二人目の演奏,一人目の演奏,二人目の演奏,一人目の演奏,二人目の演奏,二人目の演奏,一人目の演奏,二人目の演奏,二人目の演奏,一人目の演奏,二人目の演奏,二人目の演奏,二人目の演奏,一人目の演奏,二人目の演奏,二人目の演奏,一人目の演奏,二人目の演奏,二人目の演奏,二人目の演奏,一人目の演奏,二人目の演奏,二人目の演奏,一人目の演奏,一人目の演奏,二人目の演奏,一人目の演奏,二人目の演奏,一人目の演奏,一人目の演奏,二人目の演奏,一人目の演奏,二人目の演奏,一人目の演奏,二人目の演奏,一人目の演奏,一人目の演奏,一人目の演奏,二人目の演奏,二人目の演奏,一人目の演奏,一人目の演奏,二人目の演奏,二人目の演奏,一人目の演奏,一人目の演奏,二人目の演奏,二人目の演奏,二人目の演奏,23b11b25b1a12b13b38a32a48b2a15a19a17b39a5b36b26a21b24b3b10a35a29a31b44a33a18b27a7a6a37a43a16b8a41a40a4b42a46a34a22b9b49b50a45b14b20a47a28b30b,,,,,
10/18/2022 23:08:16,,一人目の演奏,二人目の演奏,一人目の演奏,一人目の演奏,一人目の演奏,二人目の演奏,一人目の演奏,一人目の演奏,一人目の演奏,一人目の演奏,一人目の演奏,一人目の演奏,二人目の演奏,一人目の演奏,一人目の演奏,一人目の演奏,一人目の演奏,二人目の演奏,一人目の演奏,二人目の演奏,二人目の演奏,二人目の演奏,一人目の演奏,一人目の演奏,二人目の演奏,二人目の演奏,二人目の演奏,二人目の演奏,一人目の演奏,一人目の演奏,一人目の演奏,一人目の演奏,二人目の演奏,二人目の演奏,一人目の演奏,一人目の演奏,二人目の演奏,二人目の演奏,二人目の演奏,一人目の演奏,一人目の演奏,二人目の演奏,二人目の演奏,一人目の演奏,二人目の演奏,二人目の演奏,二人目の演奏,二人目の演奏,一人目の演奏,二人目の演奏,50a2a9a16b12a14b22b29a5b24b11a46a25a48b3b27b18a33b28a38a17b13b21b7b19a4a20b26a15a41b36b37b30a40a10a45b39b43a1b23b47b42a32b34a8b31b49b44a6b35b,,,,,
10/19/2022 22:11:33,,二人目の演奏,一人目の演奏,二人目の演奏,一人目の演奏,二人目の演奏,二人目の演奏,一人目の演奏,二人目の演奏,一人目の演奏,二人目の演奏,一人目の演奏,二人目の演奏,一人目の演奏,一人目の演奏,二人目の演奏,二人目の演奏,二人目の演奏,一人目の演奏,二人目の演奏,二人目の演奏,二人目の演奏,二人目の演奏,二人目の演奏,一人目の演奏,一人目の演奏,一人目の演奏,二人目の演奏,一人目の演奏,一人目の演奏,二人目の演奏,二人目の演奏,一人目の演奏,二人目の演奏,二人目の演奏,二人目の演奏,一人目の演奏,一人目の演奏,一人目の演奏,一人目の演奏,一人目の演奏,一人目の演奏,二人目の演奏,二人目の演奏,二人目の演奏,一人目の演奏,二人目の演奏,二人目の演奏,二人目の演奏,二人目の演奏,二人目の演奏,49a3a38a17a27b25a30a18a13a36b6a37b11a14a47a48a29b46a9b32a40b19a34a43a2b28b45a16a8b7a26b44a15a21b20a24a39b1a31a33a23a50a35b4b42a5a10b41a22a12b,,,,,
10/21/2022 20:24:16,,二人目の演奏,二人目の演奏,二人目の演奏,一人目の演奏,一人目の演奏,二人目の演奏,二人目の演奏,二人目の演奏,一人目の演奏,二人目の演奏,二人目の演奏,二人目の演奏,二人目の演奏,二人目の演奏,一人目の演奏,二人目の演奏,一人目の演奏,一人目の演奏,一人目の演奏,二人目の演奏,一人目の演奏,二人目の演奏,二人目の演奏,一人目の演奏,二人目の演奏,二人目の演奏,一人目の演奏,一人目の演奏,二人目の演奏,二人目の演奏,一人目の演奏,二人目の演奏,二人目の演奏,二人目の演奏,二人目の演奏,二人目の演奏,二人目の演奏,一人目の演奏,一人目の演奏,二人目の演奏,一人目の演奏,一人目の演奏,二人目の演奏,二人目の演奏,一人目の演奏,二人目の演奏,一人目の演奏,二人目の演奏,一人目の演奏,一人目の演奏,21a38b26b29b43a30a31a9a50a33a2b18a39b19a23a36a49b40a46a22b41b5a1a44b34b8b35b25b20a28a17a3a7a15a13b14a24a37b45a10b48a42a47a4b32a16b6a27a11b12b,,,,,
10/22/2022 19:05:20,,二人目の演奏,二人目の演奏,二人目の演奏,二人目の演奏,一人目の演奏,二人目の演奏,二人目の演奏,二人目の演奏,一人目の演奏,一人目の演奏,一人目の演奏,一人目の演奏,一人目の演奏,二人目の演奏,一人目の演奏,二人目の演奏,二人目の演奏,一人目の演奏,二人目の演奏,二人目の演奏,二人目の演奏,二人目の演奏,二人目の演奏,一人目の演奏,二人目の演奏,一人目の演奏,一人目の演奏,二人目の演奏,二人目の演奏,一人目の演奏,二人目の演奏,二人目の演奏,二人目の演奏,一人目の演奏,二人目の演奏,二人目の演奏,一人目の演奏,一人目の演奏,二人目の演奏,一人目の演奏,二人目の演奏,二人目の演奏,一人目の演奏,二人目の演奏,二人目の演奏,一人目の演奏,一人目の演奏,一人目の演奏,二人目の演奏,一人目の演奏,31b8b6b23b49a28a39b38b19b24a7a44a17a4b34a50a33a46a27b40a14b9a15b29a12b21a37b41a36b13b20b11b1a30a3a35a16b42b25a45b47b48b22a10b5b2b32a43a18a26b,,,Task2のdataなし,,
10/24/2022 1:47:56,,二人目の演奏,二人目の演奏,一人目の演奏,一人目の演奏,二人目の演奏,一人目の演奏,一人目の演奏,一人目の演奏,一人目の演奏,二人目の演奏,二人目の演奏,二人目の演奏,二人目の演奏,一人目の演奏,二人目の演奏,二人目の演奏,二人目の演奏,一人目の演奏,二人目の演奏,一人目の演奏,一人目の演奏,一人目の演奏,一人目の演奏,一人目の演奏,一人目の演奏,二人目の演奏,二人目の演奏,一人目の演奏,一人目の演奏,一人目の演奏,二人目の演奏,二人目の演奏,一人目の演奏,二人目の演奏,二人目の演奏,二人目の演奏,一人目の演奏,二人目の演奏,二人目の演奏,一人目の演奏,一人目の演奏,二人目の演奏,二人目の演奏,一人目の演奏,一人目の演奏,二人目の演奏,一人目の演奏,一人目の演奏,一人目の演奏,一人目の演奏,33a17b50b34a32a8a38b42b20b29b10b5a35b30b23a22a12b31a3a2a48b45b41a27a40b16a49a24b19a26b28a18b44b39b6a13a25b11a4b15a1a9b14b21a7a46b37a36a47a43b,,,,,
10/24/2022 18:42:08,,一人目の演奏,一人目の演奏,一人目の演奏,一人目の演奏,二人目の演奏,一人目の演奏,二人目の演奏,二人目の演奏,一人目の演奏,一人目の演奏,二人目の演奏,二人目の演奏,一人目の演奏,一人目の演奏,二人目の演奏,二人目の演奏,二人目の演奏,二人目の演奏,二人目の演奏,一人目の演奏,二人目の演奏,二人目の演奏,二人目の演奏,二人目の演奏,一人目の演奏,二人目の演奏,一人目の演奏,二人目の演奏,二人目の演奏,二人目の演奏,一人目の演奏,二人目の演奏,二人目の演奏,二人目の演奏,二人目の演奏,二人目の演奏,一人目の演奏,二人目の演奏,一人目の演奏,二人目の演奏,一人目の演奏,二人目の演奏,二人目の演奏,一人目の演奏,二人目の演奏,二人目の演奏,二人目の演奏,一人目の演奏,一人目の演奏,二人目の演奏,37a24b40b38b44b26b47b4b46a18b19b16b1a10a12a34b41b32a28b48a11b23a45a3a5b36b29a30a2b33b21b7a27a42b31b25a6a39b13b22a35a14a8a49b43b50a9a17a15b20b,,,,,
10/25/2022 8:55:18,,一人目の演奏,一人目の演奏,一人目の演奏,二人目の演奏,二人目の演奏,二人目の演奏,二人目の演奏,一人目の演奏,一人目の演奏,二人目の演奏,二人目の演奏,二人目の演奏,二人目の演奏,一人目の演奏,二人目の演奏,一人目の演奏,一人目の演奏,二人目の演奏,二人目の演奏,一人目の演奏,二人目の演奏,二人目の演奏,一人目の演奏,二人目の演奏,二人目の演奏,二人目の演奏,一人目の演奏,二人目の演奏,二人目の演奏,二人目の演奏,二人目の演奏,二人目の演奏,一人目の演奏,二人目の演奏,一人目の演奏,一人目の演奏,一人目の演奏,二人目の演奏,二人目の演奏,二人目の演奏,二人目の演奏,一人目の演奏,二人目の演奏,二人目の演奏,二人目の演奏,一人目の演奏,二人目の演奏,一人目の演奏,一人目の演奏,二人目の演奏,9b36b8a7a23b25a47b19a6b11a31b24b16a1a12a27a43a49b32b40a38b22a3b39b37b48b33b10a29b44b30a17a26b4a5a35a18b14a50a34b2a20a46b28b42a45a13a15a21b41b,,,,,
10/25/2022 9:11:03,,二人目の演奏,一人目の演奏,一人目の演奏,二人目の演奏,二人目の演奏,一人目の演奏,一人目の演奏,一人目の演奏,二人目の演奏,二人目の演奏,二人目の演奏,一人目の演奏,二人目の演奏,一人目の演奏,一人目の演奏,二人目の演奏,一人目の演奏,二人目の演奏,一人目の演奏,一人目の演奏,一人目の演奏,二人目の演奏,一人目の演奏,一人目の演奏,二人目の演奏,二人目の演奏,二人目の演奏,二人目の演奏,一人目の演奏,一人目の演奏,二人目の演奏,二人目の演奏,二人目の演奏,一人目の演奏,二人目の演奏,二人目の演奏,二人目の演奏,一人目の演奏,一人目の演奏,二人目の演奏,一人目の演奏,一人目の演奏,一人目の演奏,二人目の演奏,一人目の演奏,二人目の演奏,一人目の演奏,一人目の演奏,一人目の演奏,一人目の演奏,5b27a1b42a12a28b25a35b41b6b39b44a46a43a9a47b15a32b19a13a34a2a48b38b18a22a16b36a26a49b31b29b24b40a50b7b10b21a11a23a33a37b30a17b20b4b45b14a3a8b,,,,,
10/25/2022 18:15:00,,一人目の演奏,二人目の演奏,二人目の演奏,一人目の演奏,二人目の演奏,一人目の演奏,二人目の演奏,二人目の演奏,二人目の演奏,一人目の演奏,一人目の演奏,二人目の演奏,二人目の演奏,二人目の演奏,二人目の演奏,二人目の演奏,一人目の演奏,一人目の演奏,一人目の演奏,二人目の演奏,一人目の演奏,二人目の演奏,一人目の演奏,一人目の演奏,一人目の演奏,二人目の演奏,一人目の演奏,一人目の演奏,一人目の演奏,一人目の演奏,一人目の演奏,一人目の演奏,一人目の演奏,二人目の演奏,二人目の演奏,一人目の演奏,一人目の演奏,二人目の演奏,一人目の演奏,二人目の演奏,一人目の演奏,一人目の演奏,一人目の演奏,一人目の演奏,二人目の演奏,二人目の演奏,一人目の演奏,二人目の演奏,一人目の演奏,二人目の演奏,15b19b25a13b40a16b33b23b29a4b43a50b41b2a24a45a20a35b8a48a14a7a36a5b11a22a9a27b34a6b1a39b12a18b38b10a49b44b21b47b26b30b32a46b28b37b17a31b42a3a,,,,,
10/25/2022 18:54:13,,二人目の演奏,二人目の演奏,一人目の演奏,二人目の演奏,二人目の演奏,二人目の演奏,二人目の演奏,二人目の演奏,一人目の演奏,二人目の演奏,二人目の演奏,一人目の演奏,一人目の演奏,二人目の演奏,一人目の演奏,二人目の演奏,一人目の演奏,二人目の演奏,一人目の演奏,二人目の演奏,二人目の演奏,二人目の演奏,一人目の演奏,二人目の演奏,二人目の演奏,二人目の演奏,二人目の演奏,一人目の演奏,一人目の演奏,一人目の演奏,二人目の演奏,一人目の演奏,一人目の演奏,二人目の演奏,一人目の演奏,二人目の演奏,二人目の演奏,二人目の演奏,二人目の演奏,二人目の演奏,二人目の演奏,一人目の演奏,二人目の演奏,一人目の演奏,一人目の演奏,二人目の演奏,一人目の演奏,二人目の演奏,二人目の演奏,二人目の演奏,37b22b24a34b3b15a26a16b40b13a50b46a33a6a29b4a9b1b28a17b21a25a39b49b2a27b42a5a48b43b36a31a45a23b20b19a30b47b35b44a14b32a12b7a8b11b38a41a10a18b,,,,,
10/25/2022 19:23:00,,一人目の演奏,二人目の演奏,一人目の演奏,二人目の演奏,一人目の演奏,二人目の演奏,二人目の演奏,一人目の演奏,一人目の演奏,二人目の演奏,二人目の演奏,二人目の演奏,二人目の演奏,一人目の演奏,一人目の演奏,一人目の演奏,二人目の演奏,一人目の演奏,一人目の演奏,一人目の演奏,二人目の演奏,一人目の演奏,二人目の演奏,二人目の演奏,一人目の演奏,二人目の演奏,一人目の演奏,一人目の演奏,二人目の演奏,一人目の演奏,二人目の演奏,一人目の演奏,一人目の演奏,二人目の演奏,一人目の演奏,一人目の演奏,一人目の演奏,二人目の演奏,一人目の演奏,二人目の演奏,一人目の演奏,一人目の演奏,一人目の演奏,一人目の演奏,一人目の演奏,一人目の演奏,一人目の演奏,二人目の演奏,二人目の演奏,二人目の演奏,6a19b10b34b40a48a42a38a31a44b24a22b49b12a7a11a32a41b13a35b37b15b47b46b8b33b27b3a28b14a23b45a25b26b1b16a20a30a4b5a18a17a21b39a43a36b50a29a2a9a,,,,,
10/25/2022 21:56:35,,一人目の演奏,二人目の演奏,一人目の演奏,一人目の演奏,一人目の演奏,二人目の演奏,二人目の演奏,一人目の演奏,二人目の演奏,二人目の演奏,一人目の演奏,二人目の演奏,一人目の演奏,一人目の演奏,一人目の演奏,二人目の演奏,二人目の演奏,一人目の演奏,二人目の演奏,二人目の演奏,二人目の演奏,一人目の演奏,二人目の演奏,二人目の演奏,一人目の演奏,一人目の演奏,一人目の演奏,二人目の演奏,二人目の演奏,二人目の演奏,二人目の演奏,一人目の演奏,一人目の演奏,一人目の演奏,二人目の演奏,一人目の演奏,一人目の演奏,二人目の演奏,二人目の演奏,二人目の演奏,二人目の演奏,二人目の演奏,一人目の演奏,二人目の演奏,二人目の演奏,一人目の演奏,一人目の演奏,一人目の演奏,二人目の演奏,二人目の演奏,5b8b50a6a26a24b22a27a3a38b44a34b42b48a30a16b19b41a2a36b21b46a37b39a7a47a31b4b11b18a33a29a35b49b17b9b32a14a15b20b1a12a40a43a10b13b45b28b23b25a,,,,,
10/25/2022 21:59:19,,二人目の演奏,一人目の演奏,二人目の演奏,一人目の演奏,二人目の演奏,二人目の演奏,二人目の演奏,一人目の演奏,一人目の演奏,二人目の演奏,一人目の演奏,一人目の演奏,一人目の演奏,一人目の演奏,一人目の演奏,一人目の演奏,一人目の演奏,一人目の演奏,二人目の演奏,二人目の演奏,二人目の演奏,二人目の演奏,二人目の演奏,一人目の演奏,一人目の演奏,二人目の演奏,二人目の演奏,二人目の演奏,一人目の演奏,二人目の演奏,二人目の演奏,一人目の演奏,一人目の演奏,一人目の演奏,二人目の演奏,二人目の演奏,一人目の演奏,二人目の演奏,二人目の演奏,一人目の演奏,一人目の演奏,一人目の演奏,二人目の演奏,二人目の演奏,二人目の演奏,一人目の演奏,一人目の演奏,一人目の演奏,二人目の演奏,二人目の演奏,22a20a14a9b24a11a10b28b7b16b45b46b43a29a49b36b5a40b19b41b25a33b4a37a34a18a6a47a32b44b39b50b17a26a38a23b42b35a8b21a2b1a12b31a30b27a13b48b3b15b,,,,,
10/27/2022 17:43:07,,一人目の演奏,一人目の演奏,二人目の演奏,一人目の演奏,二人目の演奏,二人目の演奏,二人目の演奏,二人目の演奏,二人目の演奏,二人目の演奏,二人目の演奏,一人目の演奏,一人目の演奏,二人目の演奏,一人目の演奏,一人目の演奏,二人目の演奏,二人目の演奏,二人目の演奏,一人目の演奏,二人目の演奏,一人目の演奏,一人目の演奏,一人目の演奏,二人目の演奏,二人目の演奏,二人目の演奏,一人目の演奏,二人目の演奏,一人目の演奏,二人目の演奏,二人目の演奏,二人目の演奏,二人目の演奏,一人目の演奏,一人目の演奏,一人目の演奏,二人目の演奏,二人目の演奏,二人目の演奏,一人目の演奏,一人目の演奏,一人目の演奏,一人目の演奏,一人目の演奏,二人目の演奏,一人目の演奏,一人目の演奏,二人目の演奏,一人目の演奏,11b45b33a19a12b6a27a2a13b46b26b21a23a25a28b10a7b5b42a9a47b16b20a31b34b29b32a50a41b37b24a4b35a49b18a1a44a17a30b48a40b14b15b43a38b22a36a39b3a8a,,,,,
10/27/2022 20:35:03,,二人目の演奏,一人目の演奏,一人目の演奏,二人目の演奏,一人目の演奏,一人目の演奏,一人目の演奏,一人目の演奏,二人目の演奏,二人目の演奏,二人目の演奏,二人目の演奏,一人目の演奏,一人目の演奏,一人目の演奏,一人目の演奏,二人目の演奏,二人目の演奏,一人目の演奏,一人目の演奏,一人目の演奏,二人目の演奏,一人目の演奏,二人目の演奏,一人目の演奏,二人目の演奏,一人目の演奏,二人目の演奏,二人目の演奏,二人目の演奏,一人目の演奏,二人目の演奏,一人目の演奏,二人目の演奏,二人目の演奏,二人目の演奏,一人目の演奏,一人目の演奏,二人目の演奏,一人目の演奏,一人目の演奏,二人目の演奏,一人目の演奏,二人目の演奏,一人目の演奏,二人目の演奏,二人目の演奏,二人目の演奏,二人目の演奏,二人目の演奏,12b17a4b27b37a26a13b14b39a48b25a44b35b34b23b20a33b16b38b18a2b40a46a22a11a41b6b3a49b47a31b5a45a7a32b50a29b42b36a43a30a28b10b24a8a21b19b9a15b1b,,,,,
10/27/2022 20:38:11,,二人目の演奏,二人目の演奏,二人目の演奏,一人目の演奏,一人目の演奏,二人目の演奏,一人目の演奏,一人目の演奏,一人目の演奏,二人目の演奏,一人目の演奏,二人目の演奏,二人目の演奏,二人目の演奏,一人目の演奏,二人目の演奏,二人目の演奏,一人目の演奏,二人目の演奏,二人目の演奏,一人目の演奏,二人目の演奏,二人目の演奏,二人目の演奏,二人目の演奏,一人目の演奏,二人目の演奏,一人目の演奏,二人目の演奏,二人目の演奏,二人目の演奏,二人目の演奏,二人目の演奏,二人目の演奏,二人目の演奏,二人目の演奏,一人目の演奏,二人目の演奏,一人目の演奏,二人目の演奏,一人目の演奏,二人目の演奏,一人目の演奏,二人目の演奏,一人目の演奏,二人目の演奏,一人目の演奏,一人目の演奏,二人目の演奏,二人目の演奏,26b9b40a28a7a46b19a38b13a36b48a25b8b35b32b37a6a43a33b20a16b14b30b45a5b31a3a47a42a49a22a41b23a17b44a18a34b27b50b29a1b11a24a12a21a4b10a15a2a39a,,,Task2のdataなし,,
10/30/2022 2:18:27,,一人目の演奏,二人目の演奏,一人目の演奏,一人目の演奏,一人目の演奏,二人目の演奏,二人目の演奏,一人目の演奏,二人目の演奏,一人目の演奏,二人目の演奏,一人目の演奏,二人目の演奏,二人目の演奏,二人目の演奏,一人目の演奏,二人目の演奏,一人目の演奏,二人目の演奏,二人目の演奏,一人目の演奏,一人目の演奏,二人目の演奏,二人目の演奏,二人目の演奏,二人目の演奏,二人目の演奏,一人目の演奏,二人目の演奏,二人目の演奏,一人目の演奏,一人目の演奏,二人目の演奏,二人目の演奏,二人目の演奏,一人目の演奏,二人目の演奏,二人目の演奏,二人目の演奏,一人目の演奏,二人目の演奏,二人目の演奏,二人目の演奏,一人目の演奏,二人目の演奏,二人目の演奏,一人目の演奏,二人目の演奏,一人目の演奏,二人目の演奏,13a12b21a5a10b22a30b8a19b1b35b18b4b40b3a41b24a44a16b42a49a20a2a48b26b36b14a17a7b23b38b9b31b28b43b32b27b50b6a45b33a47a29a15b34b25a39b46b11b37b,,,,,
10/31/2022 9:25:03,,一人目の演奏,二人目の演奏,一人目の演奏,二人目の演奏,一人目の演奏,二人目の演奏,一人目の演奏,二人目の演奏,二人目の演奏,二人目の演奏,二人目の演奏,二人目の演奏,二人目の演奏,二人目の演奏,二人目の演奏,二人目の演奏,二人目の演奏,一人目の演奏,二人目の演奏,一人目の演奏,二人目の演奏,二人目の演奏,二人目の演奏,二人目の演奏,一人目の演奏,一人目の演奏,一人目の演奏,一人目の演奏,一人目の演奏,二人目の演奏,二人目の演奏,二人目の演奏,二人目の演奏,二人目の演奏,一人目の演奏,一人目の演奏,一人目の演奏,一人目の演奏,二人目の演奏,二人目の演奏,二人目の演奏,一人目の演奏,二人目の演奏,二人目の演奏,一人目の演奏,二人目の演奏,二人目の演奏,二人目の演奏,二人目の演奏,二人目の演奏,31a13b48a1b17a33b42b32a47a10b8b44a34b3a50a38a21b37b28b20b39b2a11a7b18a24b6a46b40b35b25b19a12a43b16a15b45a9a29b14a41a23a26b5a27b30a22a49b4a36a,,,,,
10/31/2022 10:14:24,,一人目の演奏,一人目の演奏,一人目の演奏,二人目の演奏,二人目の演奏,二人目の演奏,一人目の演奏,一人目の演奏,二人目の演奏,一人目の演奏,一人目の演奏,二人目の演奏,一人目の演奏,一人目の演奏,二人目の演奏,二人目の演奏,一人目の演奏,二人目の演奏,二人目の演奏,一人目の演奏,一人目の演奏,二人目の演奏,一人目の演奏,二人目の演奏,一人目の演奏,一人目の演奏,二人目の演奏,一人目の演奏,二人目の演奏,二人目の演奏,二人目の演奏,一人目の演奏,二人目の演奏,二人目の演奏,二人目の演奏,一人目の演奏,一人目の演奏,一人目の演奏,一人目の演奏,一人目の演奏,一人目の演奏,二人目の演奏,二人目の演奏,一人目の演奏,二人目の演奏,一人目の演奏,二人目の演奏,一人目の演奏,一人目の演奏,一人目の演奏,29a21b35b45a7a22a47a26a10b18a44a43b31b20b25a48a27a50b34a36a39a41b16a4a12a46a14b9a30a38a6b23a24a11b3a8a28a33b15b37a42a1b32a19b2b17a5a40b13a49b,,,,,
10/31/2022 13:48:53,,一人目の演奏,一人目の演奏,二人目の演奏,二人目の演奏,一人目の演奏,二人目の演奏,一人目の演奏,一人目の演奏,一人目の演奏,二人目の演奏,二人目の演奏,一人目の演奏,一人目の演奏,二人目の演奏,二人目の演奏,一人目の演奏,二人目の演奏,二人目の演奏,一人目の演奏,一人目の演奏,一人目の演奏,一人目の演奏,二人目の演奏,一人目の演奏,一人目の演奏,二人目の演奏,二人目の演奏,二人目の演奏,一人目の演奏,二人目の演奏,二人目の演奏,一人目の演奏,二人目の演奏,二人目の演奏,一人目の演奏,二人目の演奏,二人目の演奏,二人目の演奏,一人目の演奏,二人目の演奏,二人目の演奏,二人目の演奏,二人目の演奏,一人目の演奏,一人目の演奏,二人目の演奏,二人目の演奏,一人目の演奏,一人目の演奏,二人目の演奏,40b24b26b17b48a32b44b46a18b37b21a20b30a12b16b2a39b3b14b5a36b31a7b50a19b13a6a47b33a23a49a25b45a38b9a42a43a4a8a28a41b15a11b29a35a27b1a10b34a22a,,,,,
10/31/2022 23:03:59,,一人目の演奏,一人目の演奏,二人目の演奏,二人目の演奏,二人目の演奏,一人目の演奏,二人目の演奏,二人目の演奏,二人目の演奏,二人目の演奏,二人目の演奏,一人目の演奏,一人目の演奏,一人目の演奏,一人目の演奏,一人目の演奏,一人目の演奏,一人目の演奏,一人目の演奏,一人目の演奏,二人目の演奏,二人目の演奏,一人目の演奏,二人目の演奏,一人目の演奏,一人目の演奏,一人目の演奏,二人目の演奏,二人目の演奏,二人目の演奏,一人目の演奏,二人目の演奏,一人目の演奏,一人目の演奏,一人目の演奏,二人目の演奏,一人目の演奏,二人目の演奏,二人目の演奏,二人目の演奏,二人目の演奏,二人目の演奏,二人目の演奏,一人目の演奏,二人目の演奏,二人目の演奏,二人目の演奏,一人目の演奏,一人目の演奏,一人目の演奏,20a34a41b44b47b27a14b46b8b48b15a32b12b5b17a19a1b16b38b33a28b42b26b2a7a25a23b24a30b18b29a3a13b45a6a4b10b35b50b39b22a49b9a11b37a21b43b36b31a40b,,,,,